Title,Price,Brand,Model,Cores,Threads,Socket Type,Base Speed,Turbo Speed,Integrated Graphics,Memory Type,Link
"Intel® Core??i9-14900KF, 24 Cores & 32 Threads Unlocked Gaming Processor",574,Intel,Core i9-14900KF,24,32,LGA 1700,3.2 GHz,6 GHz,,,https://amazon.com/dp/B0CGJDBCTK?tag=pcbuilder00-20
"Intel® Core??i9-14900K, 24 Cores & 32 Threads Unlocked Desktop Gaming Processor with Integrated Graphics",599,Intel,Core i9-14900K,24,32,LGA 1700,3.2 GHz,6 GHz,,,https://amazon.com/dp/B0CGJDKLB8?tag=pcbuilder00-20
"Intel® Core??i7-14700K, 20 Cores & 28 Threads Unlocked Gaming Processor with Integrated Graphics",419,Intel,Core i7-14700K,20,28,LGA 1700,3.4 GHz,5.6 GHz,,,https://amazon.com/dp/B0CGJ41C9W?tag=pcbuilder00-20
"Intel® Core??i7-14700KF, 20 Cores & 28 Threads Unlocked Gaming Processor",394,Intel,Core i7-14700KF,20,28,LGA 1700,3.4 GHz,5.6 GHz,,,https://amazon.com/dp/B0CGJC178L?tag=pcbuilder00-20
"AMD Ryzen??9 7950X 16-Core, 32-Thread Unlocked Desktop Processor",695.04,AMD,Ryzen 9 7950X,16,32,AM5,4.5 GHz,5.7 GHz,,,https://amazon.com/dp/B0BBHD5D8Y?tag=pcbuilder00-20
"AMD Ryzen 9 7900X 12-Core, 24-Thread Unlocked Desktop Processor",439.99,AMD,Ryzen 9 7900X,12,24,AM5,4.7 GHz,5.6 GHz,,,https://amazon.com/dp/B0BBJ59WJ4?tag=pcbuilder00-20
"Intel Core i9-13900KF Desktop Processor 24 cores (8 P-cores + 16 E-cores) 36M Cache, up to 5.8 GHz",574,Intel,Core i9-13900KF,24,32,LGA 1700,3.0 GHz,5.8 GHz,,,https://amazon.com/dp/B0BCFM3CJ4?tag=pcbuilder00-20
"Intel Core i9-13900K Desktop Processor 24 cores (8 P-cores + 16 E-cores) 36M Cache, up to 5.8 GHz",641.92,Intel,Core i9-13900K,24,32,LGA 1700,3.0 GHz,5.8 GHz,,,https://amazon.com/dp/B0BCF54SR1?tag=pcbuilder00-20
"Intel Core i7-13700K Desktop Processor 16 cores (8 P-cores + 8 E-cores) 30M Cache, up to 5.4 GHz",436.99,Intel,Core i7-13700K,16,24,LGA 1700,3.4 GHz,5.4 GHz,,,https://amazon.com/dp/B0BCF57FL5?tag=pcbuilder00-20
"AMD Ryzen 9 5900X, 12 Cores & 24 Threads Unlocked Desktop Processor Without Cooler",341.48,AMD,Ryzen 9 5900X,12,24,AM4,3.7 GHz,4.8 GHz,,,https://amazon.com/dp/B08164VTWH?tag=pcbuilder00-20
Intel Core i9-12900K Desktop Processor 16 (8P+8E) Cores up to 5.2 GHz Unlocked LGA1700 600 Series Chipset 125W,479,Intel,Core i9-12900K,16,24,LGA 1700,3.2 GHz,5.2 GHz,,,https://amazon.com/dp/B09FXDLX95?tag=pcbuilder00-20
"AMD Ryzen 7 5800X, 8 Cores & 16 Threads Unlocked Desktop Processor Without Cooler",234,AMD,Ryzen 7 5800X,8,16,AM4,3.8 GHz,4.7 GHz,,,https://amazon.com/dp/B0815XFSGK?tag=pcbuilder00-20
"AMD Ryzen 7 5700G 8-Core, 16-Thread Unlocked Desktop Processor with Radeon Graphics",178.61,AMD,Ryzen 7 5700G,8,16,AM4,3.8 GHz,4.6 GHz,,,https://amazon.com/dp/B091J3NYVF?tag=pcbuilder00-20
"AMD Ryzen 5 5600X, 6 Cores & 12 Threads Unlocked Desktop Processor with Wraith Stealth Cooler",158.98,AMD,Ryzen 5 5600X,6,12,AM4,3.7 GHz,4.6 GHz,,,https://amazon.com/dp/B08166SLDF?tag=pcbuilder00-20
AMD Ryzen 5 5600G 6-Core 12-Thread Unlocked Desktop Processor with Radeon Graphics,110.16,AMD,Ryzen 5 5600G,6,12,AM4,3.9 GHz,4.4 GHz,,,https://amazon.com/dp/B092L9GF5N?tag=pcbuilder00-20
"AMD Ryzen Threadripper 3990X, 64 Cores & 128-Threads Unlocked Desktop Processor without Cooler","4,355",AMD,Ryzen Threadripper 3990X,64,128,sTRX4,2.9 GHz,4.3 GHz,,,https://amazon.com/dp/B0815SBQ9W?tag=pcbuilder00-20
"AMD Ryzen Threadripper 3970X 32-Core, 64-Thread Unlocked Desktop Processor, without Cooler","2,040",AMD,Ryzen Threadripper 3970X,32,64,sTRX4,3.7 GHz,4.5 GHz,,,https://amazon.com/dp/B0815JJQQ8?tag=pcbuilder00-20
"AMD Ryzen Threadripper 3960X 24-Core, 48-Thread Unlocked Desktop Processor, without Cooler","1,393.90",AMD,Ryzen Threadripper 3960X,24,48,sTRX4,3.8 GHz,4.5 GHz,,,https://amazon.com/dp/B0815JGCXP?tag=pcbuilder00-20
"AMD Ryzen 9 5950X, 16 Cores & 32 Threads Unlocked Desktop Processor Without Cooler",559.2,AMD,Ryzen 9 5950X,16,32,AM4,3.4 GHz,4.9 GHz,,,https://amazon.com/dp/B0815Y8J9N?tag=pcbuilder00-20
Intel Core i9 (12th Gen) i9-12900KS Hexadeca-core (16 Core) 2.50 GHz Processor,532.14,Intel,Core i9-12900KS,16,24,LGA 1700,3.4 GHz,5.4 GHz,,,https://amazon.com/dp/B09RWL74GY?tag=pcbuilder00-20
"Intel Core i5-13600KF Desktop Processor 14 cores (6 P-cores + 8 E-cores) 24M Cache, up to 5.1 GHz",309.8,Intel,Core i5-13600KF,14,20,LGA 1700,3.5 GHz,5.1 GHz,,,https://amazon.com/dp/B0BCF5CZ16?tag=pcbuilder00-20
"Intel Core i5-13600K Desktop Processor 14 cores (6 P-cores + 8 E-cores) 24M Cache, up to 5.1 GHz",319.97,Intel,Core i5-13600K,14,20,LGA 1700,3.5 GHz,5.1 GHz,,,https://amazon.com/dp/B0BCDR9M33?tag=pcbuilder00-20
"AMD Ryzen 9 3950X 16-Core, 32-Thread Unlocked Desktop Processor, without Cooler",525,AMD,Ryzen 9 3950X,16,32,AM4,3.5 GHz,4.7 GHz,,,https://amazon.com/dp/B07ZTYKLZW?tag=pcbuilder00-20
"AMD Ryzen 9 3900X 12 Core, 24 Thread Unlocked Desktop Processor with Wraith Prism LED Cooler",365,AMD,Ryzen 9 3900X,12,24,AM4,3.8 GHz,4.6 GHz,,,https://amazon.com/dp/B07SXMZLP9?tag=pcbuilder00-20
"Intel Core i7-13700KF Desktop Processor 16 cores (8 P-cores + 8 E-cores) 30M Cache, up to 5.4 GHz",397.99,Intel,Core i7-13700KF,16,24,LGA 1700,3.4 GHz,5.4 GHz,,,https://amazon.com/dp/B0BCDL7F5W?tag=pcbuilder00-20
Intel Core i9 (12th Gen) i9-12900F Hexadeca-core (16 Core) 2.40 GHz Processor,523.99,Intel,Core i9-12900F,16,24,LGA 1700,2.4 GHz,5.1 GHz,,,https://amazon.com/dp/B09RPNW7CM?tag=pcbuilder00-20
Intel Core i9-12900KF Desktop Processor 16 (8P+8E) Cores up to 5.2 GHz Unlocked  LGA1700 600 Series Chipset 125W,429.99,Intel,Core i9-12900KF,16,24,LGA 1700,3.2 GHz,5.2 GHz,,,https://amazon.com/dp/B09FWYK5M9?tag=pcbuilder00-20
"AMD Ryzen??7 7700X 8-Core, 16-Thread Unlocked Desktop Processor",348.99,AMD,Ryzen 7 7700X,8,16,AM5,4.5 GHz,5.4 GHz,,,https://amazon.com/dp/B0BBHHT8LY?tag=pcbuilder00-20
Intel Core i9 (12th Gen) i9-12900 Hexadeca-core (16 Core) 2.40 GHz Processor,543.93,Intel,Core i9-12900,16,24,LGA 1700,2.4 GHz,5.1 GHz,,,https://amazon.com/dp/B09RPF28CG?tag=pcbuilder00-20
"AMD Ryzen 7 7800X3D, 8 Cores & 16 Threads Unlocked Desktop Processor without CPU Cooler",363,AMD,AMD Ryzen 7 7800X3D,8,16,AM5,4.2 GHz,5 GHz,,,https://amazon.com/dp/B0BTZB7F88?tag=pcbuilder00-20
"Intel® Core??i5-14600KF, 14 Cores (6 P-cores + 8 E-cores) Unlocked Desktop Processor for Gaming",304,Intel,Core i5-14600KF,14,20,LGA 1700,3.5 GHz,5.3 GHz,,,https://amazon.com/dp/B0CGJ4MLC8?tag=pcbuilder00-20
"Intel® Core??i5-14600K, 14 Cores & 20 Threads Unlocked Desktop Gaming Processor with Integrated Graphics",329,Intel,Core i5-14600K,14,20,LGA 1700,3.5 GHz,5.3 GHz,,,https://amazon.com/dp/B0CGJ9STNF?tag=pcbuilder00-20
"Intel Core i9-10980XE, 18 Cores & 16 Threads Turbo Unlocked X-Series Desktop Processor","1,010",Intel,Core i9-10980XE,18,36,LGA 2066,3.0 GHz,4.8 GHz,,,https://amazon.com/dp/B08DG2HRJN?tag=pcbuilder00-20
"AMD Ryzen 9 3900XT, 12 Cores & 24 Threads Unlocked Desktop Processor Without Cooler",755,AMD,Ryzen 9 3900XT,12,24,AM4,3.8 GHz,4.7 GHz,,,https://amazon.com/dp/B089WD454D?tag=pcbuilder00-20
"Intel Core i7-12700F Unlocked Desktop Processor with LGA 1700, 12 Cores & 20 Threads, and 25MB L3 Cache Memory",299,Intel,Core i7-12700F,12,20,LGA 1700,2.1 GHz,4.9 GHz,,,https://amazon.com/dp/B09NPJDPVG?tag=pcbuilder00-20
"Intel Core i9-9980XE, 18 Cores & 36 Threads Turbo Unlocked Extreme Edition Processor","1,445",Intel,Core i9-9980XE,18,36,LGA 2066,3.0 GHz,4.5 GHz,,,https://amazon.com/dp/B07JGCMQY8?tag=pcbuilder00-20
Intel Core i7 (12th Gen) i7-12700 Dodeca-core (12 Core) 2.10 GHz Processor,328.19,Intel,Core i7-12700,12,20,LGA 1700,2.1 GHz,4.9 GHz,,,https://amazon.com/dp/B09NPHHSZ1?tag=pcbuilder00-20
"AMD Ryzen Threadripper 2990WX Processor 32-Core, 64-Thread Unlocked Desktop Processor, without Cooler","2,500",AMD,Ryzen Threadripper 2990WX,32,64,sTR4,3.0 GHz,4.2 GHz,,,https://amazon.com/dp/B07G25SD1P?tag=pcbuilder00-20
"Intel Core i9-9960X, 16 Cores & 32 Threads Turbo Unlocked X-Series Processor","1,600",Intel,Core i9-9960X,16,32,LGA 2066,3.1 GHz,4.5 GHz,,,https://amazon.com/dp/B07JDV1QDG?tag=pcbuilder00-20
Intel Core i7-12700KF Desktop Processor 12 (8P+4E) Cores up to 5.0 GHz Unlocked  LGA1700 600 Series Chipset 125W,299.99,Intel,Core i7-12700KF,12,20,LGA 1700,3.6 GHz,5.0 GHz,,,https://amazon.com/dp/B09FXKHN7M?tag=pcbuilder00-20
Intel Core i7-12700K Desktop Processor 12 (8P+4E) Cores up to 5.0 GHz Unlocked  LGA1700 600 Series Chipset 125W,339.99,Intel,Core i7-12700K,12,20,LGA 1700,3.6 GHz,5.0 GHz,,,https://amazon.com/dp/B09FXNVDBJ?tag=pcbuilder00-20
"AMD Ryzen Threadripper 2950X Processor 16 Cores & 32 Processing Threads, with Cooler",761.69,AMD,Ryzen Threadripper 2950X,16,32,sTR4,3.5 GHz,4.4 GHz,,,https://amazon.com/dp/B07GFN6CVF?tag=pcbuilder00-20
Intel Core i9-7980XE Extreme Edition Processors with 18 Cores & 32 Threads,"1,200",Intel,Core i9-7980XE,18,36,LGA 2066,2.6 GHz,4.2 GHz,,,https://amazon.com/dp/B075XRYMDR?tag=pcbuilder00-20
"Intel Core i9-10940X, 14 Cores & 28 Threads Unlocked X-Series Desktop Processor",883,Intel,Core i9-10940X,14,28,LGA 2066,3.3 GHz,4.8 GHz,,,https://amazon.com/dp/B07YP67PFV?tag=pcbuilder00-20
"AMD Ryzen??5 7600X 6-Core, 12-Thread Unlocked Desktop Processor",248.99,AMD,Ryzen 5 7600X,6,12,AM5,4.7 GHz,5.3 GHz,,,https://amazon.com/dp/B0BBJDS62N?tag=pcbuilder00-20
"Intel Core i9-9940X, 14 Cores & 28 Threads Turbo Unlocked X-Series Processor",970,Intel,Core i9-9940X,14,28,LGA 2066,3.3 GHz,4.5 GHz,,,https://amazon.com/dp/B07JFH771Y?tag=pcbuilder00-20
"AMD Ryzen??5 7600, 6 Cores & 12 Threads Unlocked Desktop Processor With Wraith Stealth Cooler",226.99,AMD,AMD Ryzen 5 7600,6,12,AM5,3.8 GHz,5.1 GHz,,,https://amazon.com/dp/B0BMQJWBDM?tag=pcbuilder00-20
"Intel Core i9-7960X, 16 Cores & 32 Threads Turbo Unlocked X-Series Desktop Processor",760,Intel,Core i9-7960X,16,32,LGA 2066,2.8 GHz,4.2 GHz,,,https://amazon.com/dp/B075XRYMDS?tag=pcbuilder00-20
"AMD Ryzen Threadripper 1950X (16-core/32-thread) Desktop Processor, without Cooler",914.1,AMD,Ryzen Threadripper 1950X,16,32,sTR4,3.4 GHz,4.0 GHz,,,https://amazon.com/dp/B074CBH3R4?tag=pcbuilder00-20
"AMD Ryzen??7 5700X, 8 Cores & 16 Threads Unlocked Desktop Processor Without CPU Cooler",169.99,AMD,AMD Ryzen 7 5700X,8,16,AM4,3.4 GHz,4.6 GHz,,,https://amazon.com/dp/B09VCHQHZ6?tag=pcbuilder00-20
"Intel Core i9-7940X, 14 Cores & 28 Threads Turbo Unlocked X-Series Desktop Processor",620,Intel,Core i9-7940X,14,28,LGA 2066,3.1 GHz,4.3 GHz,,,https://amazon.com/dp/B076KXLR6K?tag=pcbuilder00-20
"AMD Ryzen Threadripper 2970WX 24 Core, 48 Thread Processor, Unlocked, without Cooler","1,129.99",AMD,Ryzen Threadripper 2970WX,24,48,sTR4,3.0 GHz,4.2 GHz,,,https://amazon.com/dp/B07JBQJ1D9?tag=pcbuilder00-20
"Intel Core i9-10920X, 12 Cores & 24 Threads Turbo Unlocked Desktop Processor without Processor Graphics",779.83,Intel,Core i9-10920X,12,24,LGA 2066,3.5 GHz,4.8 GHz,,,https://amazon.com/dp/B07YP6Y9VY?tag=pcbuilder00-20
Intel Core i9-11900K Desktop Processor 8 Cores up to 5.3 GHz Unlocked LGA1200 (Intel 500 Series & Select 400 Series Chipset) 125W,349.99,Intel,Core i9-11900K,8,16,LGA 1200,3.5 GHz,5.3 GHz,,,https://amazon.com/dp/B08X6PPTTH?tag=pcbuilder00-20
"Intel Core i9-9920X, 12 Cores & 24 Threads Turbo Unlocked X-Series Processor",649,Intel,Core i9-9920X,12,24,LGA 2066,3.5 GHz,4.5 GHz,,,https://amazon.com/dp/B07JGCV5KN?tag=pcbuilder00-20
"AMD Ryzen Threadripper 2920X (12-Core/24-Thread) Processor 4.3 GHz Max Boost 38MB Cache, without Cooler",179.95,AMD,Ryzen Threadripper 2920X,12,24,sTR4,3.5 GHz,4.3 GHz,,,https://amazon.com/dp/B07JDF4QP2?tag=pcbuilder00-20
Intel Core i7-11700K Desktop Processor 8 Cores up to 5.0 GHz Unlocked LGA1200 (Intel 500 Series & Select 400 Series Chipset) 125W,308,Intel,Core i7-11700K,8,16,LGA 1200,3.6 GHz,5.0 GHz,,,https://amazon.com/dp/B08X6ND3WP?tag=pcbuilder00-20
Intel Core i5-12600KF Desktop Processor 10 (6P+4E) Cores up to 4.9 GHz Unlocked  LGA1700 600 Series Chipset 125W,234.99,Intel,Core i5-12600KF,10,16,LGA 1700,3.7 GHz,4.9 GHz,,,https://amazon.com/dp/B09FXFJW2F?tag=pcbuilder00-20
Intel Core i9-11900KF Desktop Processor 8 Cores up to 5.3 GHz Unlocked LGA1200 (Intel 500 Series & Select 400 Series Chipset) 125W,369.98,Intel,Core i9-11900KF,8,16,LGA 1200,3.5 GHz,5.3 GHz,,,https://amazon.com/dp/B08X6KQSZ1?tag=pcbuilder00-20
Intel Core i5-12600K Desktop Processor 10 (6P+4E) Cores up to 4.9 GHz Unlocked  LGA1700 600 Series Chipset 125W,237.98,Intel,Core i5-12600K,10,16,LGA 1700,3.7 GHz,4.9 GHz,,,https://amazon.com/dp/B09FX4D72T?tag=pcbuilder00-20
"AMD Ryzen 7 3800XT, 8 Cores & 16 Threads Unlocked Desktop Processor Without Cooler",299.99,AMD,Ryzen 7 3800XT,8,16,AM4,3.9 GHz,4.7 GHz,,,https://amazon.com/dp/B089WCXZJC?tag=pcbuilder00-20
Intel Core i9-10900K Desktop Processor 10 Cores up to 5.3 GHz Unlocked  LGA1200 (Intel 400 Series Chipset) 125W,366.99,Intel,Core i9-10900K,10,20,LGA 1200,3.7 GHz,5.3 GHz,,,https://amazon.com/dp/B086MHSTVD?tag=pcbuilder00-20
Intel Core i7-11700KF Desktop Processor 8 Cores up to 5.0 GHz Unlocked LGA1200 (Intel 500 Series & Select 400 Series Chipset) 125W,290.99,Intel,Core i7-11700KF,8,16,LGA 1200,3.6 GHz,5.0 GHz,,,https://amazon.com/dp/B08X6NXNX7?tag=pcbuilder00-20
"Intel Core i9-10900KF Processor, 10 Cores & 20 Threads , Unlocked Without Processor Graphics",354.97,Intel,Core i9-10900KF,10,20,LGA 1200,3.7 GHz,5.3 GHz,,,https://amazon.com/dp/B086MG1C7D?tag=pcbuilder00-20
"Intel Core i9-7920X, 12 Cores & 24 Threads Turbo Unlocked X-Series Processor",549,Intel,Core i9-7920X,12,24,LGA 2066,2.9 GHz,4.4 GHz,,,https://amazon.com/dp/B0756L5T93?tag=pcbuilder00-20
Intel Core i9-10850K Desktop Processor 10 Cores up to 5.2 GHz Unlocked LGA1200 (Intel 400 Series chipset) 125W,343.65,Intel,Core i9-10850K,10,20,LGA 1200,3.6 GHz,5.2 GHz,,,https://amazon.com/dp/B08DHRG2X9?tag=pcbuilder00-20
"AMD Ryzen 7 3800X 8-Core, 16-Thread Unlocked Desktop Processor with Wraith Prism LED Cooler",285,AMD,Ryzen 7 3800X,8,16,AM4,3.9 GHz,4.5 GHz,,,https://amazon.com/dp/B07SXMZLPJ?tag=pcbuilder00-20
"Intel Core i9-10900X, 10 Cores & 20 Threads Turbo Unlocked X-Series Desktop Processor",549.99,Intel,Core i9-10900X,10,20,LGA 2066,3.7 GHz,4.7 GHz,,,https://amazon.com/dp/B07YP69HTM?tag=pcbuilder00-20
Intel Core i9-11900F Desktop Processor 8 Cores up to 5.2 GHz LGA1200 (Intel® 500 Series & Select 400 Series Chipset) 65W,449,Intel,Core i9-11900F,8,16,LGA 1200,2.5 GHz,5.5 GHz,,,https://amazon.com/dp/B08X6KFM3N?tag=pcbuilder00-20
Intel Core i9-11900 Desktop Processor 8 Cores up to 5.2 GHz LGA1200 (Intel 500 Series & Select 400 Series Chipset) 65W,379.99,Intel,Core i9-11900,8,16,LGA 1200,2.50 GHz,5.20 GHz,,,https://amazon.com/dp/B08X5XVLL9?tag=pcbuilder00-20
"AMD Ryzen Threadripper 1920X with 12-Core, 24-Thread Unlocked Desktop Processor, without Cooler",270,AMD,Ryzen Threadripper 1920X,12,24,sTR4,3.5 GHz,4.0 GHz,,,https://amazon.com/dp/B074CBJHCT?tag=pcbuilder00-20
"AMD Ryzen 7 3700X 8-Core, 16-Thread Unlocked Desktop Processor with Wraith Prism LED Cooler",215,AMD,Ryzen 7 3700X,8,16,AM4,3.6 GHz,4.4 GHz,,,https://amazon.com/dp/B07SXMZLPK?tag=pcbuilder00-20
"Intel Core i9-9900X, 10 Cores & 20 Threads Turbo Unlocked X-Series Processor",650,Intel,Core i9-9900X,10,20,LGA 2066,3.5 GHz,4.5 GHz,,,https://amazon.com/dp/B07JDV1MMR?tag=pcbuilder00-20
"Intel Core i9-7900X, 10 Cores & 20 Threads Turbo Unlocked X-Series Desktop Processor",425,Intel,Core i9-7900X,10,20,LGA 2066,3.3 GHz,4.3 GHz,,,https://amazon.com/dp/B072KTSCCS?tag=pcbuilder00-20
Intel Core i5 i5-12600 3.30 GHz Processor,273.38,Intel,Core i5-12600,6,12,LGA 1700,3.3 GHz,4.8 GHz,,,https://amazon.com/dp/B09MSLG944?tag=pcbuilder00-20
Intel Core i7-11700F Desktop Processor 8 Cores up to 4.9 GHz LGA1200 (Intel 500 Series & Select 400 Series Chipset) 65W,248.99,Intel,Core i7-11700F,8,16,LGA 1200,2.5 GHz,4.9 GHz,,,https://amazon.com/dp/B08X6V4WTF?tag=pcbuilder00-20
Intel Core i7-11700 Desktop Processor 8 Cores up to 4.9 GHz LGA1200 (Intel 500 Series & Select 400 Series Chipset) 65W,299.65,Intel,Core i7-11700,8,16,LGA 1200,2.5 GHz,4.9 GHz,,,https://amazon.com/dp/B08X6QHYDL?tag=pcbuilder00-20
Intel Core i9-10900F Desktop Processor 10 Cores up to 5.2 GHz Without Processor Graphics LGA 1200 (Intel 400 Series chipset) 65W,429.99,Intel,Core i9-10900F,10,20,LGA 1200,2.80 GHz,5.20 GHz,,,https://amazon.com/dp/B086MHTK5C?tag=pcbuilder00-20
Intel Core i9-10900 Desktop Processor 10 Cores up to 5.2 GHz LGA 1200 (Intel 400 Series Chipset) 65W,399.99,Intel,Core i9-10900,10,20,LGA 1200,2.80 GHz,5.20 GHz,,,https://amazon.com/dp/B086ML4XSD?tag=pcbuilder00-20
"Intel Core i9-9820X, 10 Cores & 20 Threads Turbo Unlocked X-Series Processor",550,Intel,Core i9-9820X,10,20,LGA 2066,3.3 GHz,4.2 GHz,,,https://amazon.com/dp/B07KCCH7JL?tag=pcbuilder00-20
Intel Core i5 (12th Gen) i5-12500 3 GHz Processor,248,Intel,Core i5-12500,6,12,LGA 1700,3.0 GHz,4.6 GHz,,,https://amazon.com/dp/B09MSJ29RP?tag=pcbuilder00-20
Intel Core i5-11600KF Desktop Processor 6 Cores up to 4.9 GHz Unlocked LGA1200 (Intel 500 Series & Select 400 Series Chipset) 125W,198.01,Intel,Core i5-11600KF,6,12,LGA 1200,3.9 GHz,4.9 GHz,,,https://amazon.com/dp/B08X62BTJD?tag=pcbuilder00-20
Intel Core i5-11600K Desktop Processor 6 Cores up to 4.9 GHz Unlocked LGA1200 (Intel 500 Series & Select 400 Series Chipset) 125W,264.99,Intel,Core i5-11600K,6,12,LGA 1200,3.9 GHz,4.9 GHz,,,https://amazon.com/dp/B08X67YZBL?tag=pcbuilder00-20
"Intel Core i5 Core 12400F Desktop Processor 18M Cache, up to 4.40 GHz",174.44,Intel,Core i5-12400F,6,12,LGA 1700,2.5 GHz,4.4 GHz,,,https://amazon.com/dp/B09NPJRDGD?tag=pcbuilder00-20
"Intel Core i7-10700K, 8 Cores & 16 Threads Unlocked Desktop Processor with Intel UHD Graphics 630",293.99,Intel,Core i7-10700K,8,16,LGA 1200,3.8 GHz,5.1 GHz,,,https://amazon.com/dp/B086ML4XSB?tag=pcbuilder00-20
"Intel Core i5-12400 Desktop Processor 18M Cache, up to 4.40 GHz",183.58,Intel,Core i5-12400,6,12,LGA 1700,2.5 GHz,4.4 GHz,,,https://amazon.com/dp/B09NMPD8V2?tag=pcbuilder00-20
"Intel Core i9-9900KS, 8 Cores & 16 Threads Turbo Unlocked Desktop Processor with Intel UHD Graphics 630","1,989",Intel,Core i9-9900KS,8,16,LGA 1151,4.0 GHz,5.0 GHz,,,https://amazon.com/dp/B07YP3J7ZM?tag=pcbuilder00-20
"Intel Core i7-10700KF, 8 Cores & 16 Threads Unlocked Desktop Processor without Processor Graphics",336.47,Intel,Core i7-10700KF,8,16,LGA 1200,3.8 GHz,5.1 GHz,,,https://amazon.com/dp/B0883NG13L?tag=pcbuilder00-20
"AMD Ryzen 5 3600XT, 6Core & 12 Threads Unlocked Desktop Processor with Wraith Spire Cooler",365.95,AMD,Ryzen 5 3600XT,6,12,AM4,3.8 GHz,4.5 GHz,,,https://amazon.com/dp/B089WC4VWF?tag=pcbuilder00-20
"Intel Core i9-9900K, Unlocked Desktop Processor with 8 Cores & 16 Threads",436.99,Intel,Core i9-9900K,8,16,LGA 1151,3.6 GHz,5.0 GHz,,,https://amazon.com/dp/B005404P9I?tag=pcbuilder00-20
"Intel Core i9-9900KF, 8 Cores & 16 Threads Unlocked Processor without Processor Graphics",314.99,Intel,Core i9-9900KF,8,16,LGA 1151,3.6 GHz,5.0 GHz,,,https://amazon.com/dp/B07MGBZWDZ?tag=pcbuilder00-20
Intel Core i5-11600 Desktop Processor 6 Cores up to 4.8 GHz LGA1200 (Intel 500 Series & Select 400 Series Chipset) 65W,269.47,Intel,Core i5-11600,6,12,LGA 1200,2.8 GHz,4.8 GHz,,,https://amazon.com/dp/B08X5XWNTB?tag=pcbuilder00-20
"AMD Ryzen 5 3600X 6-Core, 12-Thread Unlocked Desktop Processor with Wraith Spire Cooler",184.44,AMD,Ryzen 5 3600X,6,12,AM4,3.8 GHz,4.4 GHz,,,https://amazon.com/dp/B07SQBFN2D?tag=pcbuilder00-20
"Intel Core i7-9800X, 8 Cores & 16 Threads Turbo Unlocked X-Series Processor",625,Intel,Core i7-9800X,8,16,LGA 2066,3.8 GHz,4.5 GHz,,,https://amazon.com/dp/B07JGCSMJX?tag=pcbuilder00-20
Intel Core i5-11400F Desktop Processor 6 Cores up to 4.4 GHz LGA1200 (Intel 500 Series & Select 400 Series Chipset) 65W,135.99,Intel,Core i5-11400F,6,12,LGA 1200,2.6 GHz,4.4 GHz,,,https://amazon.com/dp/B08X6SZ184?tag=pcbuilder00-20
"AMD Ryzen 5 3600, 6-Cores and 12-Thread Unlocked Desktop Processor with Wraith Stealth Cooler",94.99,AMD,Ryzen 5 3600,6,12,AM4,3.6 GHz,4.2 GHz,,,https://amazon.com/dp/B07STGGQ18?tag=pcbuilder00-20
Intel Core i5-11400 Desktop Processor 6 Cores up to 4.4 GHz LGA1200 (Intel 500 Series & Select 400 Series Chipset) 65W,169.27,Intel,Core i5-11400,6,12,LGA 1200,2.6 GHz,4.4 GHz,,,https://amazon.com/dp/B08X6JPK4K?tag=pcbuilder00-20
Intel Core i5-11500 Desktop Processor 6 Cores up to 4.6 GHz LGA1200 (Intel 500 Series & Select 400 Series Chipset) 65W,222.77,Intel,Core i5-11500,6,12,LGA 1200,2.7 GHz,4.6 GHz,,,https://amazon.com/dp/B08X6BCPGD?tag=pcbuilder00-20
"AMD Ryzen 7 2700X, 8 Cores and 16 Threads Unlocked Processor with Wraith Prism LED Cooler",198.97,AMD,Ryzen 7 2700X,8,16,AM4,3.7 GHz,4.3 GHz,,,https://amazon.com/dp/B07B428M7F?tag=pcbuilder00-20
"Intel Core i7-10700, 8 Cores & 16 Threads Desktop Processor with Intel UHD Graphics 630",243.75,Intel,Core i7-10700,8,16,LGA 1200,2.9 GHz,4.8 GHz,,,https://amazon.com/dp/B086MG1C7C?tag=pcbuilder00-20
"Intel Core i7-7820X, 8 Cores & 16 Threads Turbo Unlocked X-Series Desktop Processor",300,Intel,Core i7-7820X,8,16,LGA 2066,3.6 GHz,4.3 GHz,,,https://amazon.com/dp/B072NF4BY3?tag=pcbuilder00-20
"Intel Core i7-10700F, 8 Cores & 16 Threads Desktop Processor without Processor Graphics",265.44,Intel,Core i7-10700F,8,16,LGA 1200,2.9 GHz,4.8 GHz,,,https://amazon.com/dp/B0883MBXZ7?tag=pcbuilder00-20
"Intel Core i9-9900, 8 Cores & 16 Threads Desktop Processor with Intel UHD Graphics 630",350,Intel,Core i9-9900,8,16,LGA 1151,3.1 GHz,5.0 GHz,,,https://amazon.com/dp/B07RXX3Y2T?tag=pcbuilder00-20
"Intel Core i7-6950X, 10 Cores & 20 Threads Turbo Unlocked Extreme Edition X-Series Desktop Processor",294,Intel,Core i7-6950X,10,20,LGA 2011,3.0 GHz,4.0 GHz,,,https://amazon.com/dp/B01FJLA9IM?tag=pcbuilder00-20
"AMD Ryzen Threadripper 1900X (8-core/16-thread) Desktop Processor, without Cooler",89.99,AMD,Ryzen Threadripper 1900X,8,16,sTR4,3.8 GHz,4.0 GHz,,,https://amazon.com/dp/B0754JNQBP?tag=pcbuilder00-20
"AMD Ryzen 7 1800X Processor, 8 Cores and 16 Processing Threads Unlocked Processor without any Thermal Solution",295,AMD,Ryzen 7 1800X,8,16,AM4,3.6 GHz,4.0 GHz,,,https://amazon.com/dp/B06W9JXK4G?tag=pcbuilder00-20
"AMD Ryzen 7 2700, 8 Cores and 16 Processing Threads Unlocked Processor with Wraith Spire LED Cooler",180,AMD,Ryzen 7 2700,8,16,AM4,3.2 GHz,4.1 GHz,,,https://amazon.com/dp/B07B41717Z?tag=pcbuilder00-20
"AMD Ryzen??5 4600G, 6-Core, 12-Thread Unlocked Desktop Processor with Wraith Stealth Cooler",99.96,AMD,Ryzen 5 4600G,6,12,AM4,3.7 GHz,4.2 GHz,,,https://amazon.com/dp/B09Z5NH6SJ?tag=pcbuilder00-20
"AMD Ryzen 7 1700X, 8 Cores & 16 Processing Threads without any Thermal Solution",450,AMD,Ryzen 7 1700X,8,16,AM4,3.4 GHz,3.8 GHz,,,https://amazon.com/dp/B07PHD73V6?tag=pcbuilder00-20
"Intel Core i5-10600K, 6 Cores & 12 Threads Unlocked Desktop Processor with Intel UHD Graphics 630",159.62,Intel,Core i5-10600K,6,12,LGA 1200,4.1 GHz,4.8 GHz,,,https://amazon.com/dp/B086MHSH2C?tag=pcbuilder00-20
"Intel Core i7-8086K, 6 Cores & 12 Threads Unlocked Desktop Processor with Intel UHD Graphics 630",649.95,Intel,Core i7-8086K,6,12,LGA 1151,4 GHz,5 GHz,,,https://amazon.com/dp/B07DGDWJ3P?tag=pcbuilder00-20
"Intel Core i7-9700KF, 8 Cores & 8 Threads Unlocked Desktop Processor without Processor Graphics",284.02,Intel,Core i7-9700KF,8,8,LGA 1151,3.6 GHz,4.9 GHz,,,https://amazon.com/dp/B07MJXYX62?tag=pcbuilder00-20
"Intel Core i7-9700K, 8 Cores & 8 Threads Unlocked Desktop Processor with Intel UHD Graphics 630",264.21,Intel,Core i7-9700K,8,8,LGA 1151,3.6 GHz,4.9 GHz,,,https://amazon.com/dp/B07HHN6KBZ?tag=pcbuilder00-20
Intel Core i5-10600KF Desktop Processor 6 Cores up to 4.8 GHz Unlocked Without Processor Graphics LGA 1200 (Intel 400 Series chipset) 125W,169.99,Intel,Core i5-10600KF,6,12,LGA 1200,4.1 GHz,4.8 GHz,,,https://amazon.com/dp/B086M8441R?tag=pcbuilder00-20
"AMD Ryzen 7 1700 Processor, 8 Cores and 16 Threads with Wraith Spire LED Cooler",215,AMD,Ryzen 7 1700,8,16,AM4,3.0 GHz,3.7 GHz,,,https://amazon.com/dp/B06WP5YCX6?tag=pcbuilder00-20
INTEL CORE I3-12100F DESKTOP,112.67,Intel,Core i3-12100F,4,8,LGA 1700,3.3 GHz,4.3 GHz,,,https://amazon.com/dp/B09NPJX7PV?tag=pcbuilder00-20
Intel Core i3 (12th Gen) i3-12100 Quad-core (4 Core) 3.30 GHz Processor,136.02,Intel,Core i3-12100,4,8,LGA 1700,3.3 GHz,4.3 GHz,,,https://amazon.com/dp/B09NPHJLPT?tag=pcbuilder00-20
"Intel Core i5-10600, 6 Cores & 12 Threads Desktop Processor with Intel UHD Graphics 630",299.95,Intel,Core i5-10600,6,12,LGA 1200,3.3 GHz,4.8 GHz,,,https://amazon.com/dp/B0883PYCB7?tag=pcbuilder00-20
"AMD Ryzen 5 2600X Processor, 6 Cores and 12 Threads with Wraith Spire Cooler",210,AMD,Ryzen 5 2600X,6,12,AM4,3.6 GHz,4.2 GHz,,,https://amazon.com/dp/B07B428V2L?tag=pcbuilder00-20
"Intel Core i7-8700K, 6 Cores & 12 Threads Unlocked Desktop Processor with Intel UHD Graphics 630",211.16,Intel,Core i7-8700K,6,12,LGA 1151,3.7 GHz,4.7 GHz,,,https://amazon.com/dp/B07598VZR8?tag=pcbuilder00-20
"Intel Core i7-9700F, 8 Cores & 8 Threads Desktop Processor without Processor Graphics",285.19,Intel,Core i7-9700F,8,8,LGA 1151,3.0 GHz,4.7 GHz,,,https://amazon.com/dp/B07S8DWXT3?tag=pcbuilder00-20
"Intel Core i7-9700, 8 Cores & 8 Threads Desktop Processor with Intel UHD Graphics 630",290.26,Intel,Core i7-9700,8,8,LGA 1151,3.0 GHz,4.7 GHz,,,https://amazon.com/dp/B07S6CRLVD?tag=pcbuilder00-20
"Intel Core i5-10500, 6 Cores & 12 Threads Desktop Processor with Intel UHD Graphics 630",204.5,Intel,Core i5-10500,6,12,LGA 1200,3.1 GHz,4.5 GHz,,,https://amazon.com/dp/B086MW76DW?tag=pcbuilder00-20
"AMD Ryzen 5 2600, 6 Cores & 12 Threads Unlocked Processor with Wraith Stealth Cooler",165,AMD,Ryzen 5 2600,6,12,AM4,3.4 GHz,3.9 GHz,,,https://amazon.com/dp/B07B41WS48?tag=pcbuilder00-20
"Intel Core i7-8700, 6 Cores & 12 Threads Desktop Processor with Intel UHD Graphics 630",270,Intel,Core i7-8700,6,12,LGA 1151,3.2 GHz,4.6 GHz,,,https://amazon.com/dp/B07598HLB4?tag=pcbuilder00-20
"AMD Ryzen 5 1600X, 6 Cores & 12 Processing Threads Unlocked Processor without Thermal Solution",140,AMD,Ryzen 5 1600X,6,12,AM4,3.6 GHz,4.0 GHz,,,https://amazon.com/dp/B06XKWT7GD?tag=pcbuilder00-20
"Intel Core i5-10400, 6 Cores & 12 Threads Desktop Processor with Intel UHD Graphics 630",140.25,Intel,Core i5-10400,6,12,LGA 1200,2.9 GHz,4.3 GHz,,,https://amazon.com/dp/B086MN38Q2?tag=pcbuilder00-20
AMD Ryzen 3 3300X 4-Core & 8-Thread Unlocked Desktop Processor with Wraith Stealth Cooler,178.7,AMD,Ryzen 3 3300X,4,8,AM4,3.8 GHz,4.3 GHz,,,https://amazon.com/dp/B0876YS2T4?tag=pcbuilder00-20
"Intel Core i5-10400F, 6 Cores & 12 Threads Desktop Processor without Processor Graphics",111,Intel,Core i5-10400F,6,12,LGA 1200,2.9 GHz,4.3 GHz,,,https://amazon.com/dp/B086MHSTWN?tag=pcbuilder00-20
"Intel Core i7-7800X, 6 Cores & 12 Threads Turbo Unlocked X-Series Desktop Processor",388,Intel,Core i7-7800X,6,12,LGA 2066,3.5 GHz,4.0 GHz,,,https://amazon.com/dp/B071H1B3Z1?tag=pcbuilder00-20
"AMD Ryzen 5 1600 6-Core, 12-Thread Unlocked Desktop Processor with Wraith Stealth Cooler",120,AMD,Ryzen 5 1600,6,12,AM4,3.2 GHz,3.6 GHz,,,https://amazon.com/dp/B07XTQZJ28?tag=pcbuilder00-20
"AMD Ryzen 3 3100, 4-Core & 8-Thread Unlocked Desktop Processor with Wraith Stealth Cooler",89.99,AMD,Ryzen 3 3100,4,8,AM4,3.6 GHz,3.9 GHz,,,https://amazon.com/dp/B0876Y2TMZ?tag=pcbuilder00-20
"Intel Core i7-6850K, 6 Cores & 12 Threads Unlocked X-Series Desktop Processor",235,Intel,Core i7-6850K,6,12,LGA 2011,3.6 GHz,4.0 GHz,,,https://amazon.com/dp/B01FJLAITC?tag=pcbuilder00-20
"Intel Core i7-6900K, 8 Cores & 16 Threads Turbo Unlocked X-Series Desktop Processor",152,Intel,Core i7-6900K,8,16,LGA 2011,3.2 GHz,4.0 GHz,,,https://amazon.com/dp/B01FJLAIG0?tag=pcbuilder00-20
"Intel Core i5-9600, 6 Cores & 6 Threads Unlocked Desktop Processor with Intel UHD Graphics 630",244.88,Intel,Core i5-9600,6,6,LGA 1151,3.1 GHz,4.6 GHz,,,https://amazon.com/dp/B07S1Q396F?tag=pcbuilder00-20
"Intel Core i5-9600KF, 6 Cores & 6 Threads Turbo Unlocked Desktop Processor Without Processor Graphics",220.12,Intel,Core i5-9600KF,6,6,LGA 1151,3.7 GHz,4.6 GHz,,,https://amazon.com/dp/B07MQP5LNM?tag=pcbuilder00-20
"Intel Core i5-9600K, 6 Cores & 6 Threads Turbo Unlocked Desktop Processor with Intel UHD Graphics 630",198.12,Intel,Core i5-9600K,6,6,LGA 1151,3.7 GHz,4.6 GHz,,,https://amazon.com/dp/B07HHLX1R8?tag=pcbuilder00-20
"Intel Core i7-6800K, 6 Cores & 12 Threads Unlocked X-Series Desktop Processor",290,Intel,Core i7-6800K,6,12,LGA 2011,3.4 GHz,3.8 GHz,,,https://amazon.com/dp/B01FJLA8NI?tag=pcbuilder00-20
"Intel Core i5-9500F, 6 Cores & 6 Threads Unlocked Desktop Processor without Processor Graphics",189.95,Intel,Core i5-9500F,6,6,LGA 1151,3.0 GHz,4.4 GHz,,,https://amazon.com/dp/B07S6CRJML?tag=pcbuilder00-20
"Intel Core i3-10320, 4 Cores & 8 Threads Desktop Processor with Intel UHD Graphics 630",133.91,Intel,Core i3-10320,4,8,LGA 1200,3.8 GHz,4.6 GHz,,,https://amazon.com/dp/B086M4KSMW?tag=pcbuilder00-20
"Intel Core i5-8600K, 6 Cores & 6 Threads Unlocked Desktop Processor with Intel UHD Graphics 630",250,Intel,Core i5-8600K,6,6,LGA 1151,3.6 GHz,4.3 GHz,,,https://amazon.com/dp/B0759FKH8K?tag=pcbuilder00-20
"Intel Core i7-7740X, 4 Cores & 8 Threads Turbo Unlocked X-Series Desktop Processor",195,Intel,Core i7-7740X,4,8,LGA 2066,4.3 GHz,4.5 GHz,,,https://amazon.com/dp/B072KTRQ9G?tag=pcbuilder00-20
"Intel Core i5-8600, 6 Cores & 6 Threads Desktop Processor with Intel UHD Graphics 630",179.88,Intel,Core i5-8600,6,6,LGA 1151,3.1 GHz,4.3 GHz,,,https://amazon.com/dp/B0793CD3V2?tag=pcbuilder00-20
"Intel Core i7-7700K, 4 Cores & 8 Threads Unlocked Desktop Processor with Intel HD Graphics 630",280,Intel,Core i7-7700K,4,8,LGA 1151,4.2 GHz,4.5 GHz,,,https://amazon.com/dp/B01MXSI216?tag=pcbuilder00-20
"Intel Core i5-9400,6 Cores & 6 Threads Desktop Processor with Intel UHD Graphics 630",179.91,Intel,Core i5-9400,6,6,LGA 1151,2.9 GHz,4.1 GHz,,,https://amazon.com/dp/B07MGZ9FJZ?tag=pcbuilder00-20
"Intel Core i5-9400F, 6 Cores & 6 Threads Desktop Processor Without Graphics Processor",135,Intel,Core i5-9400F,6,6,LGA 1151,2.9 GHz,4.1 GHz,,,https://amazon.com/dp/B07MRCGQQ4?tag=pcbuilder00-20
"Intel Core i5-8500, 6 Cores & 6 Threads Desktop Processor with Intel UHD Graphics 630",177,Intel,Core i5-8500,6,6,LGA 1151,3.0 GHz,4.1 GHz,,,https://amazon.com/dp/B07938SNBB?tag=pcbuilder00-20
"AMD Ryzen 5 3400G 4-core, 8-Thread Unlocked Desktop Processor with Radeon RX Graphics",139.99,AMD,Ryzen 5 3400G,4,8,AM4,3.7 GHz,4.2 GHz,,,https://amazon.com/dp/B07SXNDKNM?tag=pcbuilder00-20
"Intel Core i3-10300, 4 Cores & 8. Threads Turbo Unlocked Desktop Processor with Intel UHD Graphics 630",197.36,Intel,Core i3-10300,4,8,LGA 1200,3.6 GHz,4.3 GHz,,,https://amazon.com/dp/B086M8V695?tag=pcbuilder00-20
"Intel Core i5-9500, 6 Cores & 6 Threads Unlocked Desktop Processor with Intel UHD Graphics 630",230,Intel,Core i5-9500,6,6,LGA 1151,3.0 GHz,4.4 GHz,,,https://amazon.com/dp/B07S4MSXJL?tag=pcbuilder00-20
"Intel Core i5-8400, 6 Cores & 6 Threads Desktop Processor with Intel UHD Graphics 630",160,Intel,Core i5-8400,6,6,LGA 1151,2.8 GHz,4.0 GHz,,,https://amazon.com/dp/B0759FGJ3Q?tag=pcbuilder00-20
Intel Core i3-10105F 4-Core Comet Lake Processor 3.70GHz 8GT/s 6MB LGA 1200 CPU Retail,79.99,Intel,Core i3-10105F,4,8,LGA 1200,3.7 GHz,4.4 GHz,,,https://amazon.com/dp/B092CCJ2GZ?tag=pcbuilder00-20
"AMD Ryzen 5 1500X, 6 Cores & 12 Threads Unlocked Processor with Wraith Spire Cooler",225,AMD,Ryzen 5 1500X,4,8,AM4,3.5 GHz,3.7 GHz,,,https://amazon.com/dp/B06XKVNRSM?tag=pcbuilder00-20
"Intel Core i3-10100, 4 Cores & 8 Threads Desktop Processor with Intel UHD Graphics 630",105,Intel,Core i3-10100,4,8,LGA 1200,3.6 GHz,4.3 GHz,,,https://amazon.com/dp/B086MMRW87?tag=pcbuilder00-20
"Intel Core i7-6700K, 4 Cores & 8 Threads Unlocked Desktop Processor with Intel HD Graphics 530",250,Intel,Core i7-6700K,4,8,LGA 1151,4.0 GHz,4.2 GHz,,,https://amazon.com/dp/B010T6DQTQ?tag=pcbuilder00-20
AMD Ryzen 5 2400G 4 Cores 8 Threads Unlocked Processor with Radeon RX Vega 11 Graphics,135,AMD,Ryzen 5 2400G,4,8,AM4,3.6 GHz,3.9 GHz,,,https://amazon.com/dp/B079D8FD28?tag=pcbuilder00-20
Intel CPU Core i3-10100F / 3.6GHz / 6MB LGA1200 4C / 8T,75.97,Intel,Core i3-10100F,4,8,LGA 1200,3.6 GHz,4.3 GHz,,,https://amazon.com/dp/B08LKJPR5X?tag=pcbuilder00-20
"Intel Core i7-7700, 4 Cores & 8 Threads Desktop Processor with Intel HD Graphics 630",285,Intel,Core i7-7700,4,8,LGA 1151,3.6 GHz,4.2 GHz,,,https://amazon.com/dp/B01N0L41N7?tag=pcbuilder00-20
"Intel Core I7-6700, 4 Cores & 8 Threads Unlocked Desktop Processor with Intel HD Graphics 530",275,Intel,Core i7-6700,4,8,LGA 1151,3.4 GHz,4.0 GHz,,,https://amazon.com/dp/B0136JONG8?tag=pcbuilder00-20
"AMD Ryzen 5 1400 Processor, 4 Cores & 8 Threads Unlocked with Wraith Stealth Cooler",110,AMD,Ryzen 5 1400,4,8,AM4,3.2 GHz,3.4 GHz,,,https://amazon.com/dp/B06XKWT8J4?tag=pcbuilder00-20
"Intel Core i3-9350KF, 4 Cores & 4 Threads Unlocked Desktop Processor without Processor Graphics",205.36,Intel,Core i3-9350KF,4,4,LGA 1151,4.0 GHz,4.6 GHz,,,https://amazon.com/dp/B07NC419VF?tag=pcbuilder00-20
"Intel Core i7-7700T, 4 Cores & 8 Threads Desktop Processor with Intel HD Graphics 630",390,Intel,Core i7-7700T,4,8,LGA 1151,2.9 GHz,3.8 GHz,,,https://amazon.com/dp/B01MS73UK2?tag=pcbuilder00-20
"AMD Ryzen 3 2300X, 4-Cores & 4-Threads Unlocked Desktop Processor without Thermal Solution",150 (Used),AMD,Ryzen 3 2300X,4,4,AM4,3.5 GHz,4.0 GHz,,,https://amazon.com/dp/B07XF3WQ67?tag=pcbuilder00-20
"Intel Core i7-5775C, 4 Cores & 8 Threads Unlocked Desktop Processor with Intel Iris Pro Graphics 6200",240,Intel,Core i7-5775C,4,8,LGA 1150,3.3 GHz,3.7 GHz,,,https://amazon.com/dp/B00YAEA0U2?tag=pcbuilder00-20
"Intel Core i3-9100, 4 Cores & 4 Threads Desktop Processor with Intel UHD Graphics 630",160,Intel,Core i3-9100,4,4,LGA 1151,3.6 GHz,4.2 GHz,,,https://amazon.com/dp/B07RXW4Y2K?tag=pcbuilder00-20
"AMD Ryzen 3 3200G, 4-Core & 4-Threads Unlocked Desktop Processor with Radeon Vega 8 Graphics",84.99,AMD,Ryzen 3 3200G,4,4,AM4,3.6 GHz,4.0 GHz,,,https://amazon.com/dp/B07STGHZK8?tag=pcbuilder00-20
"Intel Core I7-4770K, 4 Cores & 8 Threads Unlocked Desktop Processor with Intel HD Graphics 4600",329.99,Intel,Core i7-4770K,4,8,LGA 1150,3.5 GHz,3.9 GHz,,,https://amazon.com/dp/B00DT5WV6E?tag=pcbuilder00-20
"AMD Ryzen 3 1300X, 4 Cores & 4 Threads Unlocked Desktop Processor with Wraith Stealth Cooler",/A,AMD,Ryzen 3 1300X,4,4,AM4,3.5 GHz,3.7 GHz,,,https://amazon.com/dp/B0741DLVL7?tag=pcbuilder00-20
"Intel Core i7-4790S, 4 Cores & 8 Threads Desktop Processor with Intel HD Graphics 4600",188.86 (Used),Intel,Core i7-4790S,4,8,LGA 1150,3.2 GHz,4.0 GHz,,,https://amazon.com/dp/B00KY2VXG4?tag=pcbuilder00-20
"Intel Core i7-4771, 4 Cores & 8 Threads Unlocked Desktop Processor with Intel HD Graphics 4600",/A,Intel,Core i7-4771,4,8,LGA 1150,3.5 GHz,3.9 GHz,,,https://amazon.com/dp/B0842Z3J25?tag=pcbuilder00-20
"Intel Core i3-8350K, 4 Cores & 4 Threads Unlocked Desktop Processor with Intel UHD Graphics 630",145.07,Intel,Core i3-8350K,4,4,LGA 1151,4.0 GHz,4.20 GHz,,,https://amazon.com/dp/B0759FWJDK?tag=pcbuilder00-20
"Intel Core i3-9100F, 4 Cores & 4 Threads Desktop Processor without Processor Graphics",114,Intel,Core i3-9100F,4,4,LGA 1151,3.6 GHz,4.2 GHz,,,https://amazon.com/dp/B07R7Q3JZH?tag=pcbuilder00-20
"Intel Core i5-7600K, 4 Cores & 4 Threads Unlocked Desktop Processor with Intel HD Graphics 630",225,Intel,Core i5-7600K,4,4,LGA 1151,3.8 GHz,4.2 GHz,,,https://amazon.com/dp/B01MRRPPQS?tag=pcbuilder00-20
"Intel Core i7-4770S, 4 Cores & 8 Threads Unlocked Desktop Processor with Intel HD Graphics 4600",280,Intel,Core i7-4770S,4,8,LGA 1150,3.1 GHz,3.9 GHz,,,https://amazon.com/dp/B00CO8T9VM?tag=pcbuilder00-20
"AMD Ryzen 3 2200G, 4 Cores & 4 Threads Unlocked Processor with Radeon Vega 8 Graphics",150,AMD,Ryzen 3 2200G,4,4,AM4,3.5 GHz,3.7 GHz,,,https://amazon.com/dp/B079D3DBNM?tag=pcbuilder00-20
"Intel Core i5-7600, 4 Cores & 4 Threads Desktop Processor with Intel HD Graphics 630 (OEM Pack-Tray Packaging)",108.02,Intel,Core i5-7600,4,4,LGA 1151,3.5 GHz,4.1 GHz,,,https://amazon.com/dp/B06XQ4KP9J?tag=pcbuilder00-20
"Intel Core i5-7640X, 4 Cores & 4 Threads Turbo Unlocked X-Series Desktop Processor",260,Intel,Core i5-7640X,4,4,LGA 2066,4.0 GHz,4.2 GHz,,,https://amazon.com/dp/B071KMBHS8?tag=pcbuilder00-20
"AMD Ryzen 3 1200, 4 CPU Cores & 4 Threads Unlocked Desktop Processor with Wraith Stealth Cooler",102.4,AMD,Ryzen 3 1200,4,4,AM4,3.1 GHz,3.4 GHz,,,https://amazon.com/dp/B0741DN383?tag=pcbuilder00-20
"Intel Core i3-8300, 4 Cores & 4 Threads Desktop Processor with Intel UHD Graphics 630",173,Intel,Core i3-8300,4,4,LGA 1151,3.7 GHz,5.0 Ghz,,,https://amazon.com/dp/B07CBN3C8G?tag=pcbuilder00-20
"Intel Core i3-8100, 4 Cores & 4 Threads Turbo Unlocked Desktop Processor with Intel UHD Graphics 630",170,Intel,Core i3-8100,4,4,LGA 1151,3.6 GHz,N/A,,,https://amazon.com/dp/B0759FTRZL?tag=pcbuilder00-20
"Intel Core i5-7500, 4 Cores & 4 Threads Desktop Processor with Intel UHD Graphics 630",170,Intel,Core i5-7500,4,4,LGA 1151,3.4 GHz,3.8 GHz,,,https://amazon.com/dp/B01MZZJ1P0?tag=pcbuilder00-20
"Intel Core I5-6600, 4 Cores & 4 Threads Unlocked Desktop Processor with Intel HD Graphics 530",147.34,Intel,Core i5-6600,4,4,LGA 1151,3.3 GHz,3.9 GHz,,,https://amazon.com/dp/B010T6D39O?tag=pcbuilder00-20
"Intel Core i7-4770T, 4 Cores & 8 Threads Unlocked Desktop Processor with Intel HD Graphics 4600",/A,Intel,Core i7-4770T,4,8,LGA 1150,2.5 GHz,3.7 GHz,,,https://amazon.com/dp/B00DVDSQ0O?tag=pcbuilder00-20
"Intel Core i5-7600T, 4 Cores & 4 Threads Desktop Processor with Intel HD Graphics 630",147.91,Intel,Core i5-7600T,4,4,LGA 1151,2.80 GHz,3.70 GHz,,,https://amazon.com/dp/B01N10KQWM?tag=pcbuilder00-20
"Intel Core i5 6402P, 4 Cores & 4 Threads Desktop Processor with Intel HD Graphics 510",104,Intel,Core i5-6402P,4,4,LGA 1151,2.8 GHz,3.4 GHz,,,https://amazon.com/dp/B01B2PJRN2?tag=pcbuilder00-20
"Intel Core i5 6500, 4 Cores & 4 Threads Unlocked Desktop Processor without Processor Graphics",130,Intel,Core i5-6500,4,4,LGA 1151,3.2 GHz,3.6 GHz,,,https://amazon.com/dp/B010T6CWI2?tag=pcbuilder00-20
"Intel Core i5-7400, 4 Cores & 4 Threads Desktop Processor with Intel UHD Graphics 630",150,Intel,Core i5-7400,4,4,LGA 1151,3.0 GHz,3.5 GHz,,,https://amazon.com/dp/B01MSTDS3N?tag=pcbuilder00-20
"Intel Core I5-6400, 4 Cores & 4 Threads Unlocked Desktop Processor without Processor Graphics",70,Intel,Core i5-6400,4,4,LGA 1151,2.7 GHz,3.3 GHz,,,https://amazon.com/dp/B07PF18XJF?tag=pcbuilder00-20
"Intel Core i5-6500T, 4 Cores & 4 Threads Desktop Processor with Intel HD Graphics 530",289.95,Intel,Core i5-6500T,4,4,LGA 1151,2.5 GHz,3.1 GHz,,,https://amazon.com/dp/B077NHL5LH?tag=pcbuilder00-20
"Intel Core i3-7350K, 2 Cores & 4 Threads Desktop Processor with Intel HD Graphics 630",109.99,Intel,Core i3-7350K,2,4,LGA 1151,4.2 GHz,4.2 GHz,,,https://amazon.com/dp/B01NCEJN24?tag=pcbuilder00-20
"Intel Core i7-4765T, 4 Cores & 8 Threads Unlocked Desktop Processor with Intel HD Graphics 4600",498.95,Intel,Core i7-4765T,4,8,LGA 1150,2.0 GHz,3.0 GHz,,,https://amazon.com/dp/B00J5915DI?tag=pcbuilder00-20
"Intel Core i3-7300, 2 Cores & 4 Threads Desktop Processor with Intel HD Graphics 630",99.99 (Used),Intel,Core i3-7300,2,4,LGA 1151,4.0 GHz,4.0 GHz,,,https://amazon.com/dp/B01LTI1JF6?tag=pcbuilder00-20
"Intel Core i3-6300, 2 Cores & 4 Threads Desktop Processor with Intel HD Graphics 530",100.03,Intel,Core i3-6300,2,4,LGA 1151,3.8 GHz,3.8 GHz,,,https://amazon.com/dp/B015VPX3G6?tag=pcbuilder00-20
"Intel Core I3-6300T, 2 Cores & 4 Threads Desktop Processor with Intel HD Graphics 530",99.04,Intel,Core i3-6300T,2,4,LGA 1151,3.9 GHz,3.9 GHz,,,https://amazon.com/dp/B0868M96R6?tag=pcbuilder00-20
"Intel Core i3-7100, 2 Cores & 4 Threads Desktop Processor with Intel HD Graphics 630",115,Intel,Core i3-7100,2,4,LGA 1151,3.9 GHz,3.9 GHz,,,https://amazon.com/dp/B01NCESRJX?tag=pcbuilder00-20
"Intel Core i3-6100, 2 Cores & 4 Threads Desktop Processor with Intel HD Graphics 530",115,Intel,Core i3-6100,2,4,LGA 1151,3.7 GHz,3.7 GHz,,,https://amazon.com/dp/B015VPX2EO?tag=pcbuilder00-20
"Intel Core i3-7300T, 2 Cores & 4 Threads Desktop Processor with Intel HD Graphics 630",/A,Intel,Core i3-7300T,2,4,LGA 1151,3.5 GHz,3.5 GHz,,,https://amazon.com/dp/B01N1SH0IU?tag=pcbuilder00-20
"Intel Core i3-6098P, 2 Cores & 4 Threads Desktop Processor with Intel HD Graphics 510",81.63,Intel,Core i3-6098P,2,4,LGA 1151,3.6 GHz,3.6 GHz,,,https://amazon.com/dp/B01A3N74YS?tag=pcbuilder00-20
"Intel Core i3 6100T, 2 Cores & 4 Threads Desktop Processor with Intel HD Graphics 530",84.48,Intel,Core i3-6100T,2,4,LGA 1151,3.2 GHz,3.2 GHz,,,https://amazon.com/dp/B015XEXILK?tag=pcbuilder00-20
