Price,Brand,Model,Cabinet Type,Link
69.99,NZXT,H510B-B1,ATX Full Tower,https://amazon.com/dp/B07TD9C5HS?tag=pcbuilder00-20
94.62,Thermaltake,CA-1Y2-00M6WN-00,ATX Full Tower,https://amazon.com/dp/B0C39ZYZ9V?tag=pcbuilder00-20
103.33,Fractal Design,FD-C-POS1X-02,ATX Full Tower,https://amazon.com/dp/B08KTM7F6Y?tag=pcbuilder00-20
103.33,Fractal Design,FD-C-POS1X-01,ATX Full Tower,https://amazon.com/dp/B08KTMSQSZ?tag=pcbuilder00-20
107.91,Antec,0-761345-10088-5,ATX Full Tower,https://amazon.com/dp/B0BTRYDX4K?tag=pcbuilder00-20
110.99,Antec,0-761345-81201-6,ATX Full Tower,https://amazon.com/dp/B08VH6VSG7?tag=pcbuilder00-20
119.99,COUGAR,3857C90.0001,ATX Full Tower,https://amazon.com/dp/B0CLD3T5SH?tag=pcbuilder00-20
119.99,COUGAR,3857C90.0002,ATX Full Tower,https://amazon.com/dp/B0CLD481Z9?tag=pcbuilder00-20
125.09,Thermaltake,CA-1X6-00F1WN-01,ATX Full Tower,https://amazon.com/dp/B0C57PGT8R?tag=pcbuilder00-20
128.22,Fractal Design,FD-C-POR1X-06,ATX Full Tower,https://amazon.com/dp/B08T1VC921?tag=pcbuilder00-20
128.22,Fractal Design,FD-C-POR1X-01,ATX Full Tower,https://amazon.com/dp/B08KTMWY5H?tag=pcbuilder00-20
129.99,MagniumGear,MG-NE620Q_DBK02,ATX Full Tower,https://amazon.com/dp/B07YFQ1TSL?tag=pcbuilder00-20
131.99,Fractal Design,Meshify 2 Compact TG Dark Tint,ATX Full Tower,https://amazon.com/dp/B08X7BJZG1?tag=pcbuilder00-20
138.28,Thermaltake,CA-1X6-00F6WN-00,ATX Full Tower,https://amazon.com/dp/B0C57Q2D5V?tag=pcbuilder00-20
139.99,Phanteks,Enthoo Pro,ATX Full Tower,https://amazon.com/dp/B00KFAG6DA?tag=pcbuilder00-20
145.99,Phanteks,Enthoo Pro,ATX Full Tower,https://amazon.com/dp/B00K6S1B3Q?tag=pcbuilder00-20
149.99,Phanteks,Enthoo Pro,ATX Full Tower,https://amazon.com/dp/B078K32G27?tag=pcbuilder00-20
151.11,Phanteks,PH-ES620PC_BK02,ATX Full Tower,https://amazon.com/dp/B0CBPL895B?tag=pcbuilder00-20
153.65,Thermaltake,CA-1X6-00F6WN-01,ATX Full Tower,https://amazon.com/dp/B0C57QYSB2?tag=pcbuilder00-20
155.09,Thermaltake,CA-1X6-00F1WN-00,ATX Full Tower,https://amazon.com/dp/B0C57RVDZQ?tag=pcbuilder00-20
157.99,Thermaltake,Core X71,ATX Full Tower,https://amazon.com/dp/B01N4R021Q?tag=pcbuilder00-20
159.05,Phanteks,PH-ES620PTG_BK02,ATX Full Tower,https://amazon.com/dp/B0CBPM8492?tag=pcbuilder00-20
161,COUGAR,Panzer Max,ATX Full Tower,https://amazon.com/dp/B01HQHQF1W?tag=pcbuilder00-20
164,Cougar,Panzer Max-G,ATX Full Tower,https://amazon.com/dp/B07YN2H66T?tag=pcbuilder00-20
171.76,ASUS,GT501 TUF GAMING CASE/YEL/HANDLE,ATX Full Tower,https://amazon.com/dp/B0B7VSQ1PB?tag=pcbuilder00-20
174.99,Thermaltake,Core V71,ATX Full Tower,https://amazon.com/dp/B074ZLQZ8F?tag=pcbuilder00-20
179.99,Lian Li,PC-O11D Razer,ATX Full Tower,https://amazon.com/dp/B07P96XQNJ?tag=pcbuilder00-20
180.63,Raijintek,0R200050,ATX Full Tower,https://amazon.com/dp/B0794N1XVL?tag=pcbuilder00-20
185.99,Lian Li,PC-O11 Dynamic,ATX Full Tower,https://amazon.com/dp/B07C88X1VV?tag=pcbuilder00-20
189.74,Corsair,Graphite 780T,ATX Full Tower,https://amazon.com/dp/B00LA6ZLGQ?tag=pcbuilder00-20
189.99,Phanteks,PH-ES620PTG_DBK01,ATX Full Tower,https://amazon.com/dp/B0894J31QS?tag=pcbuilder00-20
205.99,Thermaltake,View 51,ATX Full Tower,https://amazon.com/dp/B08451HJGG?tag=pcbuilder00-20
214.9,be quiet!,Dark Base 900,ATX Full Tower,https://amazon.com/dp/B01H6JO9HW?tag=pcbuilder00-20
216.95,Fractal Design,Meshify 2,ATX Full Tower,https://amazon.com/dp/B082318ZCB?tag=pcbuilder00-20
219.99,Thermaltake,View 71 TG RGB,ATX Full Tower,https://amazon.com/dp/B074ZN21M8?tag=pcbuilder00-20
219.99,Thermaltake,CA-1I7-00F6WN-00,ATX Full Tower,https://amazon.com/dp/B07D9CKZV8?tag=pcbuilder00-20
219.99,Thermaltake,Level 20 GT,ATX Full Tower,https://amazon.com/dp/B07FDDJJ4X?tag=pcbuilder00-20
219.99,Phanteks,PH-NV723TG_DMW01,ATX Full Tower,https://amazon.com/dp/B0BYQSBYYS?tag=pcbuilder00-20
225,Fractal Design,Meshify 2 XL,ATX Full Tower,https://amazon.com/dp/B08232YMV9?tag=pcbuilder00-20
225.82,Lian Li,PC-O11 Dynamic,ATX Full Tower,https://amazon.com/dp/B07C88K4KP?tag=pcbuilder00-20
228,Fractal Design,Define 7 XL,ATX Full Tower,https://amazon.com/dp/B08146GB6Y?tag=pcbuilder00-20
229.99,Phanteks,Enthoo 719,ATX Full Tower,https://amazon.com/dp/B07TVFHTDW?tag=pcbuilder00-20
229.99,Phanteks,Enthoo 719,ATX Full Tower,https://amazon.com/dp/B07TTDW37B?tag=pcbuilder00-20
229.99,Thermaltake,Level 20 HT,ATX Full Tower,https://amazon.com/dp/B07ZLFNGF6?tag=pcbuilder00-20
238.33,Thermaltake,View 71 4,ATX Full Tower,https://amazon.com/dp/B074ZL25BP?tag=pcbuilder00-20
239.99,SilverStone Technology,FT04B-W,ATX Full Tower,https://amazon.com/dp/B00DU6RWIE?tag=pcbuilder00-20
243.45,Phanteks,Enthoo Pro 2,ATX Full Tower,https://amazon.com/dp/B0894H2JZ4?tag=pcbuilder00-20
244.76,Phanteks,PH-NV723TG_DBK01,ATX Full Tower,https://amazon.com/dp/B0BYQXVG4M?tag=pcbuilder00-20
249.74,Lian Li,Dynamic XL ROG,ATX Full Tower,https://amazon.com/dp/B07R4C2YQS?tag=pcbuilder00-20
249.99,ASUS,ROG Strix Helios,ATX Full Tower,https://amazon.com/dp/B07T28NZZ3?tag=pcbuilder00-20
252.02,Thermaltake,View 51,ATX Full Tower,https://amazon.com/dp/B08451HFPR?tag=pcbuilder00-20
254.28,COUGAR,Panzer EVO,ATX Full Tower,https://amazon.com/dp/B07F13WPCB?tag=pcbuilder00-20
254.41,Cooler Master,MasterFrame 700,ATX Full Tower,https://amazon.com/dp/B08S6XZ219?tag=pcbuilder00-20
255.92,Lian Li,O11D XL-X,ATX Full Tower,https://amazon.com/dp/B07R7DXCCH?tag=pcbuilder00-20
256,Fractal Design,Define 7 XL,ATX Full Tower,https://amazon.com/dp/B08146HTV5?tag=pcbuilder00-20
258,Lian Li,O11D XL-A,ATX Full Tower,https://amazon.com/dp/B07ZJZKXGM?tag=pcbuilder00-20
259,Lian Li,Odyssey X Silver,ATX Full Tower,https://amazon.com/dp/B0995S2QRM?tag=pcbuilder00-20
264.99,Thermaltake,Tower 900,ATX Full Tower,https://amazon.com/dp/B01N1GP2GZ?tag=pcbuilder00-20
266,Rosewill,THOR V2,ATX Full Tower,https://amazon.com/dp/B0058P5S9A?tag=pcbuilder00-20
269.99,Corsair,7000D AIRFLOW,ATX Full Tower,https://amazon.com/dp/B09444VWX2?tag=pcbuilder00-20
269.99,Phanteks,Enthoo Primo,ATX Full Tower,https://amazon.com/dp/B00SKAWE3S?tag=pcbuilder00-20
279.9,be quiet!,Dark Base PRO 900,ATX Full Tower,https://amazon.com/dp/B07DWDQFSX?tag=pcbuilder00-20
279.99,Phanteks,PH-ES813P_BL,ATX Full Tower,https://amazon.com/dp/B00EB0A6FE?tag=pcbuilder00-20
280.04,Corsair,CC-9011227-WW,ATX Full Tower,https://amazon.com/dp/B094464GV5?tag=pcbuilder00-20
285.45,be quiet!,Dark Base 900,ATX Full Tower,https://amazon.com/dp/B01H6JQAJ2?tag=pcbuilder00-20
289.9,ANIDEES,AI CRYSTAL XL PRO LITE,ATX Full Tower,https://amazon.com/dp/B081M3JJ5C?tag=pcbuilder00-20
293.01,Phanteks,Enthoo Primo,ATX Full Tower,https://amazon.com/dp/B00HRJHEWO?tag=pcbuilder00-20
297.76,Thermaltake,Tower 900 Snow,ATX Full Tower,https://amazon.com/dp/B01MTOVX8D?tag=pcbuilder00-20
298.07,Phanteks,Enthoo Primo,ATX Full Tower,https://amazon.com/dp/B00S3964FA?tag=pcbuilder00-20
299,Lian Li,Odyssey X Black,ATX Full Tower,https://amazon.com/dp/B0995Q6TND?tag=pcbuilder00-20
299.99,Cooler Master,9B11-119-437,ATX Full Tower,https://amazon.com/dp/B0B57G9BHC?tag=pcbuilder00-20
299.99,Thermaltake,AH T600 Snow,ATX Full Tower,https://amazon.com/dp/B084JKHHZ4?tag=pcbuilder00-20
299.99,Thermaltake,AH T600,ATX Full Tower,https://amazon.com/dp/B084QH12KV?tag=pcbuilder00-20
301.48,Thermaltake,View 51 TG,ATX Full Tower,https://amazon.com/dp/B083Z1PVRH?tag=pcbuilder00-20
313.85,be quiet!,Dark Base 900,ATX Full Tower,https://amazon.com/dp/B01H6JOECW?tag=pcbuilder00-20
319.9,A ANIDEES,Crystal XL RGB V3,ATX Full Tower,https://amazon.com/dp/B07NW42KN9?tag=pcbuilder00-20
323.1,ASUS,ROG Strix Helios GX601,ATX Full Tower,https://amazon.com/dp/B0896Y1K7B?tag=pcbuilder00-20
346.23,be quiet!,Dark Base PRO 900,ATX Full Tower,https://amazon.com/dp/B07DW6XF3G?tag=pcbuilder00-20
349.9,Anidees,AI Crystal XL,ATX Full Tower,https://amazon.com/dp/B081M3RGG8?tag=pcbuilder00-20
365.04,Corsair,CC-9011226-WW,ATX Full Tower,https://amazon.com/dp/B09444T1R6?tag=pcbuilder00-20
369.99,AZZA,CSAZ-811,ATX Full Tower,https://amazon.com/dp/B0CHVDTRZP?tag=pcbuilder00-20
378,Lian Li,V3000PW,ATX Full Tower,https://amazon.com/dp/B0C137TW8F?tag=pcbuilder00-20
378,Lian Li,V3000PX,ATX Full Tower,https://amazon.com/dp/B0BN3TZR5G?tag=pcbuilder00-20
399.99,Thermaltake,Core W100,ATX Full Tower,https://amazon.com/dp/B01C71Q8WS?tag=pcbuilder00-20
403.69,Lian Li,PC-O11 Air,ATX Full Tower,https://amazon.com/dp/B07FJ6PMKW?tag=pcbuilder00-20
422.9,Thermaltake,View 71 TG,ATX Full Tower,https://amazon.com/dp/B07JVTNWBZ?tag=pcbuilder00-20
469.99,Cooler Master,Cosmos C700P,ATX Full Tower,https://amazon.com/dp/B07SCPVKFF?tag=pcbuilder00-20
499.99,Cooler Master,MCC-C700M-KHNN-S30,ATX Full Tower,https://amazon.com/dp/B0BYZZD54G?tag=pcbuilder00-20
499.99,Thermaltake,View 91 RGB,ATX Full Tower,https://amazon.com/dp/B079FZ77DB?tag=pcbuilder00-20
549.99,Thermaltake,Core W200,ATX Full Tower,https://amazon.com/dp/B01EGBZA1C?tag=pcbuilder00-20
599.99,Cooler Master,Cosmos C700M,ATX Full Tower,https://amazon.com/dp/B07H6MKSXZ?tag=pcbuilder00-20
641.95,Jonsplus,CSAZ-811,ATX Full Tower,https://amazon.com/dp/B09Y3HTGT6?tag=pcbuilder00-20
699.92,Jonsplus,Gemini X,ATX Full Tower,https://amazon.com/dp/B0BK5FWPCX?tag=pcbuilder00-20
995,Cooler Master,H700E-IGNN-S00,ATX Full Tower,https://amazon.com/dp/B09RVWCLRF?tag=pcbuilder00-20
999.99,Thermaltake,Level 20,ATX Full Tower,https://amazon.com/dp/B07HHN6KCS?tag=pcbuilder00-20
999.99,SilverStone Technology,SST-ALF2B-G,ATX Full Tower,https://amazon.com/dp/B0C5LF52TL?tag=pcbuilder00-20
47.3,MSI,MAG FORGE 100M,ATX Mid Tower,https://amazon.com/dp/B07YQ724L8?tag=pcbuilder00-20
47.84,Antec,NX100,ATX Mid Tower,https://amazon.com/dp/B07M7Y27VX?tag=pcbuilder00-20
49.98,DIYPC,J180,ATX Mid Tower,https://amazon.com/dp/B01JMLBQT6?tag=pcbuilder00-20
49.98,DIYPC,J180BL,ATX Mid Tower,https://amazon.com/dp/B01L7VB6TO?tag=pcbuilder00-20
49.99,NZXT,H510i,ATX Mid Tower,https://amazon.com/dp/B07TC73F72?tag=pcbuilder00-20
49.99,Cooler Master,Q300LV2-KGNN-S00,ATX Mid Tower,https://amazon.com/dp/B0CB8WGGNW?tag=pcbuilder00-20
50,ASUS,GT301 TUF GAMING CASE,ATX Mid Tower,https://amazon.com/dp/B088K5317Z?tag=pcbuilder00-20
50.86,COUGAR,MX331 MESH,ATX Mid Tower,https://amazon.com/dp/B08BX43M7T?tag=pcbuilder00-20
50.86,COUGAR,MX410 MESH,ATX Mid Tower,https://amazon.com/dp/B089N6G9Z2?tag=pcbuilder00-20
50.99,AeroCool,Bolt-G,ATX Mid Tower,https://amazon.com/dp/B07SW2285W?tag=pcbuilder00-20
51.65,SAMA (Case & Power Supply),Sama-S88-BK,ATX Mid Tower,https://amazon.com/dp/B09X58MW2R?tag=pcbuilder00-20
52,COUGAR,MX330-X,ATX Mid Tower,https://amazon.com/dp/B074LRNC44?tag=pcbuilder00-20
52,COUGAR,MX331,ATX Mid Tower,https://amazon.com/dp/B08BWRSC91?tag=pcbuilder00-20
52.2,MSI,306-7G07R25-809,ATX Mid Tower,https://amazon.com/dp/B08KHK67RP?tag=pcbuilder00-20
53.3,Zalman,S5 White,ATX Mid Tower,https://amazon.com/dp/B084JM9VMB?tag=pcbuilder00-20
54.99,AeroCool,Cylon RGB,ATX Mid Tower,https://amazon.com/dp/B079P1VBDY?tag=pcbuilder00-20
54.99,Thermaltake,Versa H21,ATX Mid Tower,https://amazon.com/dp/B00J0NZ3Q4?tag=pcbuilder00-20
54.99,Zalman,S2,ATX Mid Tower,https://amazon.com/dp/B07P23M99T?tag=pcbuilder00-20
54.99,Zalman,S3,ATX Mid Tower,https://amazon.com/dp/B07NZYJ9ZJ?tag=pcbuilder00-20
54.99,Zalman,T6,ATX Mid Tower,https://amazon.com/dp/B07R2JBTDR?tag=pcbuilder00-20
55,COUGAR,MX330,ATX Mid Tower,https://amazon.com/dp/B074RC5BWV?tag=pcbuilder00-20
55.85,Rosewill,NAUTILUS,ATX Mid Tower,https://amazon.com/dp/B01IT0TDY6?tag=pcbuilder00-20
56.11,Cooler Master,MasterBox Q500L,ATX Mid Tower,https://amazon.com/dp/B07Q8VJ17J?tag=pcbuilder00-20
57,COUGAR,DarkBlader X5,ATX Mid Tower,https://amazon.com/dp/B08J6WSXSM?tag=pcbuilder00-20
57.07,Fractal Design,Silent ll,ATX Mid Tower,https://amazon.com/dp/B074PTN1KR?tag=pcbuilder00-20
57.94,Fractal Design,Focus G,ATX Mid Tower,https://amazon.com/dp/B074PTNZ7F?tag=pcbuilder00-20
59.33,DEEP COOL,MATREXX 50,ATX Mid Tower,https://amazon.com/dp/B07WNKT6J4?tag=pcbuilder00-20
59.9,COUGAR,MX331,ATX Mid Tower,https://amazon.com/dp/B08BX3KRXJ?tag=pcbuilder00-20
59.9,BITFENIX,NOVA MESH SE TG,ATX Mid Tower,https://amazon.com/dp/B09SHKYT37?tag=pcbuilder00-20
59.99,NZXT,H510B,ATX Mid Tower,https://amazon.com/dp/B07TC73F6Y?tag=pcbuilder00-20
59.99,Zalman,S2,ATX Mid Tower,https://amazon.com/dp/B08FP4HV3T?tag=pcbuilder00-20
59.99,Montech,AIR 903 BASE (B),ATX Mid Tower,https://amazon.com/dp/B0C98RFQXJ?tag=pcbuilder00-20
59.99,Montech,AIR 903 BASE (W),ATX Mid Tower,https://amazon.com/dp/B0C98TR925?tag=pcbuilder00-20
59.99,AZZA,CSAZ-340F CELESTA,ATX Mid Tower,https://amazon.com/dp/B08HGYCC7R?tag=pcbuilder00-20
59.99,AZZA,CSAZ-280B SPECTRA BLACK,ATX Mid Tower,https://amazon.com/dp/B0B1PMLP55?tag=pcbuilder00-20
62,Fractal Design,Focus G,ATX Mid Tower,https://amazon.com/dp/B071SHFRTP?tag=pcbuilder00-20
62,Fractal Design,Focus G,ATX Mid Tower,https://amazon.com/dp/B071G4KDKG?tag=pcbuilder00-20
62,Rosewill,CHALLENGER,ATX Mid Tower,https://amazon.com/dp/B003YVJJ5Y?tag=pcbuilder00-20
62,Fractal Design,Focus G,ATX Mid Tower,https://amazon.com/dp/B074PTQHJH?tag=pcbuilder00-20
62.65,Cooler Master,CP510-KGNN-S00,ATX Mid Tower,https://amazon.com/dp/B09F3XHNZ1?tag=pcbuilder00-20
63,COUGAR,MX330,ATX Mid Tower,https://amazon.com/dp/B079X2P3TR?tag=pcbuilder00-20
64.99,Apevia,Enzo,ATX Mid Tower,https://amazon.com/dp/B08GVXJ2RQ?tag=pcbuilder00-20
64.99,Apevia,ENZO-BK,ATX Mid Tower,https://amazon.com/dp/B08GVPJRDP?tag=pcbuilder00-20
64.99,Gigabyte,C200G,ATX Mid Tower,https://amazon.com/dp/B07R89QZXM?tag=pcbuilder00-20
64.99,SilverStone Technology,FAR1W,ATX Mid Tower,https://amazon.com/dp/B084L2R5NZ?tag=pcbuilder00-20
64.99,AZZA,CSAZ-280W SPECTRA WHITE,ATX Mid Tower,https://amazon.com/dp/B0B1PC753M?tag=pcbuilder00-20
64.99,SAMA,SAMA-Z4,ATX Mid Tower,https://amazon.com/dp/B09ZP1Y6YV?tag=pcbuilder00-20
65,Enermax,ECA-LL30-M1BB-ARGB,ATX Mid Tower,https://amazon.com/dp/B087N8NMJK?tag=pcbuilder00-20
67,Thermaltake,Versa N24,ATX Mid Tower,https://amazon.com/dp/B01FG9XS5I?tag=pcbuilder00-20
67.97,Thermaltake,Versa H22,ATX Mid Tower,https://amazon.com/dp/B00J0NZ5N0?tag=pcbuilder00-20
67.99,Cooler Master,MasterBox B600L,ATX Mid Tower,https://amazon.com/dp/B076BXJ76J?tag=pcbuilder00-20
68,AeroCool,PB0724381,ATX Mid Tower,https://amazon.com/dp/B07STYG2FN?tag=pcbuilder00-20
68.16,Rosewill,R0901001-0118,ATX Mid Tower,https://amazon.com/dp/B08KZCQRGN?tag=pcbuilder00-20
68.2,Corsair,110R,ATX Mid Tower,https://amazon.com/dp/B07VMB5YRM?tag=pcbuilder00-20
69.37,COUGAR,MX340,ATX Mid Tower,https://amazon.com/dp/B07F1FYLHC?tag=pcbuilder00-20
69.9,BITFENIX,BFC-NSE-300-WWGKP-4A,ATX Mid Tower,https://amazon.com/dp/B08LVHFL16?tag=pcbuilder00-20
69.9,BITFENIX,BFC-NSE-300-WWGKW-4A,ATX Mid Tower,https://amazon.com/dp/B08LVGX1NB?tag=pcbuilder00-20
69.9,BITFENIX,SBR 300,ATX Mid Tower,https://amazon.com/dp/B07GCC9ZFQ?tag=pcbuilder00-20
69.98,GAMEMAX,PANDA PRO BK/RD,ATX Mid Tower,https://amazon.com/dp/B098VZDTM8?tag=pcbuilder00-20
69.99,NZXT,H510B-W1,ATX Mid Tower,https://amazon.com/dp/B07TC76671?tag=pcbuilder00-20
69.99,Zalman,S5 Black,ATX Mid Tower,https://amazon.com/dp/B084ZYY4GZ?tag=pcbuilder00-20
69.99,Apevia,ENZO-PK,ATX Mid Tower,https://amazon.com/dp/B08GVXNG4R?tag=pcbuilder00-20
69.99,Antec,AX90,ATX Mid Tower,https://amazon.com/dp/B0BQLJ7QYY?tag=pcbuilder00-20
69.99,Montech,AIR 903 MAX (B),ATX Mid Tower,https://amazon.com/dp/B0C98RRPXL?tag=pcbuilder00-20
69.99,Montech,AIR 903 MAX (W),ATX Mid Tower,https://amazon.com/dp/B0C98SZCSG?tag=pcbuilder00-20
71.22,Sharkoon,SHA-VS9 RGB BK,ATX Mid Tower,https://amazon.com/dp/B0CDQ257L5?tag=pcbuilder00-20
71.27,DEEP COOL,MATREXX 55 V3,ATX Mid Tower,https://amazon.com/dp/B07VLJZNJY?tag=pcbuilder00-20
71.46,Zalman,S4,ATX Mid Tower,https://amazon.com/dp/B084RKY473?tag=pcbuilder00-20
71.99,Montech,X3 MESH,ATX Mid Tower,https://amazon.com/dp/B09246FCTZ?tag=pcbuilder00-20
72.33,Fractal Design,FD-C-FOC2A-07,ATX Mid Tower,https://amazon.com/dp/B095YBWDXT?tag=pcbuilder00-20
72.44,Montech,SKY ONE LITE BLACK,ATX Mid Tower,https://amazon.com/dp/B0B1V23B2Z?tag=pcbuilder00-20
72.99,Zalman,K1,ATX Mid Tower,https://amazon.com/dp/B07P23N79R?tag=pcbuilder00-20
74.8,Montech,SKY ONE LITE WHITE,ATX Mid Tower,https://amazon.com/dp/B0B2CRL254?tag=pcbuilder00-20
74.99,Thermaltake,Commander C34,ATX Mid Tower,https://amazon.com/dp/B07NPPBS6S?tag=pcbuilder00-20
74.99,DIYPC,ARGB-Q10-BK,ATX Mid Tower,https://amazon.com/dp/B0CHQWJG5G?tag=pcbuilder00-20
75.99,darkFlash,DLC29 White,ATX Mid Tower,https://amazon.com/dp/B09QGFF65C?tag=pcbuilder00-20
76.99,Apevia,CRUSADER-F-WH,ATX Mid Tower,https://amazon.com/dp/B07TYQBYMV?tag=pcbuilder00-20
76.99,Apevia,CRSADER-F-BK,ATX Mid Tower,https://amazon.com/dp/B07TVKQK7L?tag=pcbuilder00-20
77.03,ADATA,INVADER-WHCWW,ATX Mid Tower,https://amazon.com/dp/B07YMTCJJG?tag=pcbuilder00-20
77.99,APEVIA,CRSADER,ATX Mid Tower,https://amazon.com/dp/B07TWNNSW6?tag=pcbuilder00-20
78.71,SilverStone Technology,FARA R1,ATX Mid Tower,https://amazon.com/dp/B084BRX7P4?tag=pcbuilder00-20
78.99,DIYPC,Silence-BK,ATX Mid Tower,https://amazon.com/dp/B06XKPSZ5D?tag=pcbuilder00-20
79,Raijintek,0R200054,ATX Mid Tower,https://amazon.com/dp/B0725YBGTC?tag=pcbuilder00-20
79.9,BITFENIX,BFC-TRA-500-WWG-3W1A,ATX Mid Tower,https://amazon.com/dp/B0BPH8VJDT?tag=pcbuilder00-20
79.9,BITFENIX,BFC-TRA-500-KKG-3B1A,ATX Mid Tower,https://amazon.com/dp/B0BPHFTSFF?tag=pcbuilder00-20
79.99,Thermaltake,V200,ATX Mid Tower,https://amazon.com/dp/B07FL1D5RV?tag=pcbuilder00-20
79.99,Phanteks,Eclipse P300A,ATX Mid Tower,https://amazon.com/dp/B083LYL7V5?tag=pcbuilder00-20
79.99,Thermaltake,CA-1X2-00M1WN-00,ATX Mid Tower,https://amazon.com/dp/B0BHDH4899?tag=pcbuilder00-20
79.99,Thermaltake,CA-1X2-00M6WN-00,ATX Mid Tower,https://amazon.com/dp/B0BHDLF6PH?tag=pcbuilder00-20
79.99,Antec,0-761345-80038-9,ATX Mid Tower,https://amazon.com/dp/B08YXT4XGB?tag=pcbuilder00-20
79.99,Zalman,Z7 Neo,ATX Mid Tower,https://amazon.com/dp/B07YXXYRTQ?tag=pcbuilder00-20
79.99,Raidmax,X616-TBF,ATX Mid Tower,https://amazon.com/dp/B08WRJ693L?tag=pcbuilder00-20
79.99,Thermaltake,CA-1Q5-00M1WN-03,ATX Mid Tower,https://amazon.com/dp/B09H3GCV43?tag=pcbuilder00-20
79.99,AZZA,CSAZ-450,ATX Mid Tower,https://amazon.com/dp/B08HH2YHN2?tag=pcbuilder00-20
79.99,AZZA,CSAZ-440 ECLIPSE,ATX Mid Tower,https://amazon.com/dp/B08HH2LM28?tag=pcbuilder00-20
80,Fractal Design,Meshify Mini C,ATX Mid Tower,https://amazon.com/dp/B074PGBGHW?tag=pcbuilder00-20
80.07,be quiet!,Pure Base 600,ATX Mid Tower,https://amazon.com/dp/B01N9ONQSK?tag=pcbuilder00-20
80.18,DeepCool,CC560 BLACK,ATX Mid Tower,https://amazon.com/dp/B09PMJX88Y?tag=pcbuilder00-20
80.69,Fractal Design,FD-C-FOC2A-02,ATX Mid Tower,https://amazon.com/dp/B08Z4FHRN1?tag=pcbuilder00-20
80.94,Montech,X3 MESH,ATX Mid Tower,https://amazon.com/dp/B092441BHJ?tag=pcbuilder00-20
80.94,DeepCool,CK560 WH,ATX Mid Tower,https://amazon.com/dp/B09MTMY5KW?tag=pcbuilder00-20
80.95,DeepCool,R-CG560-BKAAE4-G-1,ATX Mid Tower,https://amazon.com/dp/B09CTV4QNZ?tag=pcbuilder00-20
80.99,Thermaltake,Level 20 MT,ATX Mid Tower,https://amazon.com/dp/B07LCMR3JC?tag=pcbuilder00-20
80.99,Apevia,GENESIS-PK,ATX Mid Tower,https://amazon.com/dp/B08DL9S57M?tag=pcbuilder00-20
81.17,Antec,AX20 RGB TG,ATX Mid Tower,https://amazon.com/dp/B0BPQZZG56?tag=pcbuilder00-20
81.88,Cooler Master,MasterBox NR600,ATX Mid Tower,https://amazon.com/dp/B07PJ18S78?tag=pcbuilder00-20
81.99,Apevia,Matrix,ATX Mid Tower,https://amazon.com/dp/B08DP8J6NG?tag=pcbuilder00-20
81.99,Apevia,Predator-BK,ATX Mid Tower,https://amazon.com/dp/B08DP6VN7M?tag=pcbuilder00-20
82.33,Fractal Design,FD-C-FOC2A-04,ATX Mid Tower,https://amazon.com/dp/B08Z4F5Q65?tag=pcbuilder00-20
82.67,Rosewill,Zircon I,ATX Mid Tower,https://amazon.com/dp/B07WWWBDW9?tag=pcbuilder00-20
82.99,Cooler Master,MB600L2-KG5N-S00,ATX Mid Tower,https://amazon.com/dp/B08XV11NRW?tag=pcbuilder00-20
82.99,Fractal Design,Meshify C,ATX Mid Tower,https://amazon.com/dp/B07BPP9KYD?tag=pcbuilder00-20
82.99,Apevia,Matrix,ATX Mid Tower,https://amazon.com/dp/B08DP8M2CD?tag=pcbuilder00-20
82.99,Fractal Design,FD-C-FOC2A-01,ATX Mid Tower,https://amazon.com/dp/B08Z4CJ93L?tag=pcbuilder00-20
83,Fractal Design,FD-C-FOC2A-03,ATX Mid Tower,https://amazon.com/dp/B08Z4DPG8B?tag=pcbuilder00-20
83.15,Montech,AIR 1000 PREMIUM BLACK,ATX Mid Tower,https://amazon.com/dp/B09J136P5T?tag=pcbuilder00-20
83.59,Fractal Design,FD-C-POA1A-02,ATX Mid Tower,https://amazon.com/dp/B08SR7LPCD?tag=pcbuilder00-20
83.99,Apevia,MATRIX-PK,ATX Mid Tower,https://amazon.com/dp/B08DPXJY84?tag=pcbuilder00-20
84.11,Cooler Master,Q500-WGNN-S00,ATX Mid Tower,https://amazon.com/dp/B0CD812SJB?tag=pcbuilder00-20
84.99,Antec,NX410,ATX Mid Tower,https://amazon.com/dp/B08PT7V83P?tag=pcbuilder00-20
84.99,Apevia,GENESIS-BK,ATX Mid Tower,https://amazon.com/dp/B08DL9JRT3?tag=pcbuilder00-20
84.99,Fractal Design,FD-C-MEL2C-04,ATX Mid Tower,https://amazon.com/dp/B093HKX953?tag=pcbuilder00-20
85.9,COUGAR,Gemini S Iron-Gray,ATX Mid Tower,https://amazon.com/dp/B07QQWPLR7?tag=pcbuilder00-20
85.9,COUGAR,Gemini S Silver,ATX Mid Tower,https://amazon.com/dp/B07QMQ5LVJ?tag=pcbuilder00-20
85.99,COUGAR,385NC10.0014,ATX Mid Tower,https://amazon.com/dp/B0B42HJKPG?tag=pcbuilder00-20
85.99,Apevia,GENESIS-WH,ATX Mid Tower,https://amazon.com/dp/B08DL9D8LL?tag=pcbuilder00-20
85.99,Apevia,Predator-WH,ATX Mid Tower,https://amazon.com/dp/B08DP6H4Y3?tag=pcbuilder00-20
86.61,Antec,NX210,ATX Mid Tower,https://amazon.com/dp/B07VCK2M9T?tag=pcbuilder00-20
86.65,Fractal Design,FD-C-POR1A-03,ATX Mid Tower,https://amazon.com/dp/B08KTM51SZ?tag=pcbuilder00-20
86.83,Antec,CAA-P20C-WHITE,ATX Mid Tower,https://amazon.com/dp/B0BYHM3SVC?tag=pcbuilder00-20
86.9,Corsair,Carbide Series 175R,ATX Mid Tower,https://amazon.com/dp/B07PF1TBZF?tag=pcbuilder00-20
86.99,Apevia,Predator,ATX Mid Tower,https://amazon.com/dp/B08DP6536Q?tag=pcbuilder00-20
87.6,DeepCool,CK500,ATX Mid Tower,https://amazon.com/dp/B09MTQQ2QN?tag=pcbuilder00-20
87.7,Rosewill,R0901007-0118,ATX Mid Tower,https://amazon.com/dp/B07J63FBZJ?tag=pcbuilder00-20
87.99,Apevia,G-PRO-BK,ATX Mid Tower,https://amazon.com/dp/B08GVVGJS8?tag=pcbuilder00-20
87.99,Thermaltake,CA-1T4-00M6WN-02,ATX Mid Tower,https://amazon.com/dp/B09FP6N94Z?tag=pcbuilder00-20
88,Fractal Design,FD-C-POS1A-01,ATX Mid Tower,https://amazon.com/dp/B08KTMY385?tag=pcbuilder00-20
88.14,COUGAR,CGR-5CC5B-MESH-RGB,ATX Mid Tower,https://amazon.com/dp/B09P4TZYZQ?tag=pcbuilder00-20
88.99,Thermaltake,V250,ATX Mid Tower,https://amazon.com/dp/B084RSCFD4?tag=pcbuilder00-20
89.08,NZXT,CC-H51FW-R1,ATX Mid Tower,https://amazon.com/dp/B0BQSL8JG2?tag=pcbuilder00-20
89.87,Corsair,CARBIDE 275R,ATX Mid Tower,https://amazon.com/dp/B079K1W3KB?tag=pcbuilder00-20
89.9,BITFENIX,BFC-ESM-150-WWWGK-4A,ATX Mid Tower,https://amazon.com/dp/B08XVTL16Q?tag=pcbuilder00-20
89.99,Corsair,4000D,ATX Mid Tower,https://amazon.com/dp/B08C7BGV3D?tag=pcbuilder00-20
89.99,Corsair,4000D Airflow,ATX Mid Tower,https://amazon.com/dp/B08C74694Z?tag=pcbuilder00-20
89.99,Thermaltake,H200 TG Snow RGB Light Strip,ATX Mid Tower,https://amazon.com/dp/B07X57R96B?tag=pcbuilder00-20
89.99,Corsair,CC-9011184-WW,ATX Mid Tower,https://amazon.com/dp/B07X3Y1BX7?tag=pcbuilder00-20
89.99,Antec,NX410,ATX Mid Tower,https://amazon.com/dp/B08PTB45YQ?tag=pcbuilder00-20
89.99,Antec,P10,ATX Mid Tower,https://amazon.com/dp/B08P5WPFH7?tag=pcbuilder00-20
89.99,Rosewill,SPECTRA X,ATX Mid Tower,https://amazon.com/dp/B07TSC8X1X?tag=pcbuilder00-20
89.99,MUSETEX,NN8,ATX Mid Tower,https://amazon.com/dp/B09MKNW18F?tag=pcbuilder00-20
89.99,Apevia,G-PRO-PK,ATX Mid Tower,https://amazon.com/dp/B08GW54VNX?tag=pcbuilder00-20
89.99,Apevia,G-PRO-WH,ATX Mid Tower,https://amazon.com/dp/B08GW868C6?tag=pcbuilder00-20
89.99,XPG,STARKERAIR-BKCWW,ATX Mid Tower,https://amazon.com/dp/B094X2TK2M?tag=pcbuilder00-20
89.99,XPG,STARKERAIR-WHCWW,ATX Mid Tower,https://amazon.com/dp/B094X65LX4?tag=pcbuilder00-20
90,Fractal Design,Meshify Mini C,ATX Mid Tower,https://amazon.com/dp/B07B39HBV2?tag=pcbuilder00-20
90.58,SilverStone Technology,SST-PS14B-EG,ATX Mid Tower,https://amazon.com/dp/B07W317BPJ?tag=pcbuilder00-20
91.42,Antec,NX400,ATX Mid Tower,https://amazon.com/dp/B00130EBVU?tag=pcbuilder00-20
91.69,Corsair,Carbide 400R,ATX Mid Tower,https://amazon.com/dp/B017XPP9KK?tag=pcbuilder00-20
92.02,Antec,P20C,ATX Mid Tower,https://amazon.com/dp/B0BRVJPPLM?tag=pcbuilder00-20
92.18,SilverStone Technology,SST-FA513-B-C,ATX Mid Tower,https://amazon.com/dp/B0BMWFFB9Z?tag=pcbuilder00-20
92.25,Fractal Design,FD-C-POA1A-03,ATX Mid Tower,https://amazon.com/dp/B08SR78RGR?tag=pcbuilder00-20
92.25,COUGAR,CGR-5UM3TB-X7,ATX Mid Tower,https://amazon.com/dp/B08VD24GQZ?tag=pcbuilder00-20
92.98,GAMEMAX,Gabinete Gamemax Contac Rosa e Branco,ATX Mid Tower,https://amazon.com/dp/B098VZKFPT?tag=pcbuilder00-20
93,Antec,DF700 FLUX,ATX Mid Tower,https://amazon.com/dp/B08PT8SRZG?tag=pcbuilder00-20
93,Fractal Design,FD-C-POR1A-06,ATX Mid Tower,https://amazon.com/dp/B08T1GB8D8?tag=pcbuilder00-20
93.09,Rosewill,CULLINAN MX-BLUE,ATX Mid Tower,https://amazon.com/dp/B01M6TV6PC?tag=pcbuilder00-20
93.1,DEEP COOL,Storm MACUBE 310,ATX Mid Tower,https://amazon.com/dp/B07Z86CJP1?tag=pcbuilder00-20
93.41,Antec,Phantom DP502 Flux,ATX Mid Tower,https://amazon.com/dp/B08PT8849G?tag=pcbuilder00-20
93.45,Sharkoon,SHA-VS8 RGB WT,ATX Mid Tower,https://amazon.com/dp/B0CDPXZ43C?tag=pcbuilder00-20
93.97,Sharkoon,S5624595,ATX Mid Tower,https://amazon.com/dp/B0CDQ2MDB8?tag=pcbuilder00-20
94.83,DeepCool,MATREXX 55 V3 ADD-RGB WH 3F,ATX Mid Tower,https://amazon.com/dp/B07Z8T2BZN?tag=pcbuilder00-20
94.99,NZXT,CC-H51FB-R1,ATX Mid Tower,https://amazon.com/dp/B0BQSJWFQM?tag=pcbuilder00-20
94.99,NZXT,CC-H51FW-01,ATX Mid Tower,https://amazon.com/dp/B0B6YHDB2Y?tag=pcbuilder00-20
94.99,NZXT,CC-H51FB-01,ATX Mid Tower,https://amazon.com/dp/B0B6Y15C5L?tag=pcbuilder00-20
94.99,Corsair,CC-9011199-WW,ATX Mid Tower,https://amazon.com/dp/B08C7CJ8XZ?tag=pcbuilder00-20
94.99,MUSETEX,K2,ATX Mid Tower,https://amazon.com/dp/B0C9H87GPK?tag=pcbuilder00-20
95,Fractal Design,FD-C-POA1A-01,ATX Mid Tower,https://amazon.com/dp/B08SRBTYGK?tag=pcbuilder00-20
95.15,Antec,CAA-P20C-ARGB,ATX Mid Tower,https://amazon.com/dp/B0BYGZCPW1?tag=pcbuilder00-20
95.19,Cooler Master,MB520-WGNN-S00,ATX Mid Tower,https://amazon.com/dp/B0B31GC53C?tag=pcbuilder00-20
95.99,Lian Li,LANCOOL 216-X,ATX Mid Tower,https://amazon.com/dp/B0BRP58KHT?tag=pcbuilder00-20
96.57,Cooler Master,E500-KN5N-S00,ATX Mid Tower,https://amazon.com/dp/B09J547LH7?tag=pcbuilder00-20
96.91,Antec,NX320,ATX Mid Tower,https://amazon.com/dp/B09BQ1VGGM?tag=pcbuilder00-20
97,COUGAR,CGR-5AD1B-RGB,ATX Mid Tower,https://amazon.com/dp/B0C4LB56CQ?tag=pcbuilder00-20
97,COUGAR,CGR-5AD1W-RGB,ATX Mid Tower,https://amazon.com/dp/B0C4LC41MT?tag=pcbuilder00-20
97.05,Fractal Design,FD-C-MEL2C-03,ATX Mid Tower,https://amazon.com/dp/B093HJC1VM?tag=pcbuilder00-20
97.99,Thermaltake,CA-1S4-00M1WN-00,ATX Mid Tower,https://amazon.com/dp/B0B8X51PGK?tag=pcbuilder00-20
97.99,Montech,SKY TWO (BLACK),ATX Mid Tower,https://amazon.com/dp/B0BNT962NF?tag=pcbuilder00-20
98.42,Thermaltake,Versa N27 Shadow Blade,ATX Mid Tower,https://amazon.com/dp/B07146XXBH?tag=pcbuilder00-20
98.67,Cooler Master,H500-WGNN-S00,ATX Mid Tower,https://amazon.com/dp/B09J5CRF7S?tag=pcbuilder00-20
99,Geometric Future,GEO-M4-CAL,ATX Mid Tower,https://amazon.com/dp/B0CFFGS636?tag=pcbuilder00-20
99.85,Cooler Master,MasterBox MB530P,ATX Mid Tower,https://amazon.com/dp/B07G5M7P4C?tag=pcbuilder00-20
99.85,Fractal Design,Define 7,ATX Mid Tower,https://amazon.com/dp/B0877K5FNN?tag=pcbuilder00-20
99.99,NZXT,CC-H61FB-01,ATX Mid Tower,https://amazon.com/dp/B0C89FCDFP?tag=pcbuilder00-20
99.99,NZXT,CC-H61FW-01,ATX Mid Tower,https://amazon.com/dp/B0C89G9QDK?tag=pcbuilder00-20
99.99,NZXT,H510 Elite,ATX Mid Tower,https://amazon.com/dp/B07T7L875Z?tag=pcbuilder00-20
99.99,NZXT,H510 Elite,ATX Mid Tower,https://amazon.com/dp/B07TD9VTVQ?tag=pcbuilder00-20
99.99,Corsair,iCUE 220T RGB,ATX Mid Tower,https://amazon.com/dp/B07RW8GLQJ?tag=pcbuilder00-20
99.99,Cooler Master,MasterCase H500,ATX Mid Tower,https://amazon.com/dp/B07DRVHBWK?tag=pcbuilder00-20
99.99,MUSETEX,Phantom,ATX Mid Tower,https://amazon.com/dp/B07MDFYW3N?tag=pcbuilder00-20
99.99,MSI,MPG VELOX 100R,ATX Mid Tower,https://amazon.com/dp/B09HRQQ18B?tag=pcbuilder00-20
99.99,MSI,14977733,ATX Mid Tower,https://amazon.com/dp/B0899H96NQ?tag=pcbuilder00-20
99.99,Phanteks,Eclipse P400A,ATX Mid Tower,https://amazon.com/dp/B07TYR1P1G?tag=pcbuilder00-20
99.99,Antec,VSK4000E-U3,ATX Mid Tower,https://amazon.com/dp/B00CY9TMFO?tag=pcbuilder00-20
99.99,Lian Li,LANCOOL 216R-X,ATX Mid Tower,https://amazon.com/dp/B0BN3SY5XW?tag=pcbuilder00-20
99.99,Lian Li,LANCOOL 216R-W,ATX Mid Tower,https://amazon.com/dp/B0BN3TTBKM?tag=pcbuilder00-20
99.99,DeepCool,MATREXX 50 ADD-RGB 4F,ATX Mid Tower,https://amazon.com/dp/B07X8Q1V9H?tag=pcbuilder00-20
99.99,Phanteks,PH-EC360ATG_DBK02,ATX Mid Tower,https://amazon.com/dp/B0B3D2Z1C3?tag=pcbuilder00-20
99.99,Thermaltake,CA-1S4-00M6WN-00,ATX Mid Tower,https://amazon.com/dp/B0B8X5HY8J?tag=pcbuilder00-20
99.99,GIGABYTE,GB-C301G,ATX Mid Tower,https://amazon.com/dp/B0BXMWXK3N?tag=pcbuilder00-20
99.99,XPG,STARKER-WHCWW,ATX Mid Tower,https://amazon.com/dp/B08SW2VS2J?tag=pcbuilder00-20
99.99,Phanteks,PH-NV523TG_DBK01,ATX Mid Tower,https://amazon.com/dp/B0CJZ5QY35?tag=pcbuilder00-20
99.99,Antec,0-761345-810777,ATX Mid Tower,https://amazon.com/dp/B0B3MF2JL2?tag=pcbuilder00-20
99.99,Montech,SKY TWO (WHITE),ATX Mid Tower,https://amazon.com/dp/B0BNTM5W5P?tag=pcbuilder00-20
99.99,Vetroo,AL700 White,ATX Mid Tower,https://amazon.com/dp/B0BWQQMML7?tag=pcbuilder00-20
99.99,AZZA,CSAZ-460A OCTANE A,ATX Mid Tower,https://amazon.com/dp/B093LNX3BX?tag=pcbuilder00-20
100,Fractal Design,Define 7,ATX Mid Tower,https://amazon.com/dp/B08146T59S?tag=pcbuilder00-20
100,Fractal Design,Define 7,ATX Mid Tower,https://amazon.com/dp/B08146YTWY?tag=pcbuilder00-20
100.24,SilverStone Technology,RL06BR-W,ATX Mid Tower,https://amazon.com/dp/B071SKLJ69?tag=pcbuilder00-20
100.49,be quiet!,Pure Base 500,ATX Mid Tower,https://amazon.com/dp/B07TVL77L8?tag=pcbuilder00-20
100.49,Thermaltake,H200,ATX Mid Tower,https://amazon.com/dp/B07SNGYFYY?tag=pcbuilder00-20
101.57,DEEP COOL,CL500,ATX Mid Tower,https://amazon.com/dp/B08DHP66KJ?tag=pcbuilder00-20
101.59,Cooler Master,MasterBox MB500,ATX Mid Tower,https://amazon.com/dp/B078BDMZ1Y?tag=pcbuilder00-20
101.72,be quiet!,Pure Base 500,ATX Mid Tower,https://amazon.com/dp/B07TYQTTYQ?tag=pcbuilder00-20
101.72,be quiet!,Pure Base 500,ATX Mid Tower,https://amazon.com/dp/B07TYQ1B6B?tag=pcbuilder00-20
102.72,Cooler Master,MB600L2-KN5N-S00,ATX Mid Tower,https://amazon.com/dp/B08XQKZS9T?tag=pcbuilder00-20
104,Fractal Design,Meshify C,ATX Mid Tower,https://amazon.com/dp/B07B3JDBM2?tag=pcbuilder00-20
104.11,be quiet!,Pure Base 500,ATX Mid Tower,https://amazon.com/dp/B07TSG8D54?tag=pcbuilder00-20
104.37,DeepCool,CK560,ATX Mid Tower,https://amazon.com/dp/B09MNDCY59?tag=pcbuilder00-20
104.42,Antec,0-761345-80084-6,ATX Mid Tower,https://amazon.com/dp/B0B3CQ48HQ?tag=pcbuilder00-20
104.53,Thermaltake,CA-1Y2-00MEWN-00,ATX Mid Tower,https://amazon.com/dp/B0CBVNGPD5?tag=pcbuilder00-20
104.86,NZXT,H510i,ATX Mid Tower,https://amazon.com/dp/B07T81N1LL?tag=pcbuilder00-20
104.99,MUSETEX,G06MN6-B,ATX Mid Tower,https://amazon.com/dp/B07QKV6HP9?tag=pcbuilder00-20
104.99,Antec,0-761345-80074-7,ATX Mid Tower,https://amazon.com/dp/B0B3HKNK3T?tag=pcbuilder00-20
104.99,Antec,0-761345-80081-5,ATX Mid Tower,https://amazon.com/dp/B09RJMD6JG?tag=pcbuilder00-20
104.99,DeepCool,CH560 WH,ATX Mid Tower,https://amazon.com/dp/B0C3GJYRL8?tag=pcbuilder00-20
104.99,Antec,DP505 White,ATX Mid Tower,https://amazon.com/dp/B0B4DDFGK4?tag=pcbuilder00-20
105.99,Fractal Design,FD-C-MEL2C-05,ATX Mid Tower,https://amazon.com/dp/B093HKL613?tag=pcbuilder00-20
106.22,DeepCool,CH510 MESH  DIGITAL,ATX Mid Tower,https://amazon.com/dp/B0BJ8TV3D7?tag=pcbuilder00-20
106.45,Fractal Design,FD-C-POR1A-02,ATX Mid Tower,https://amazon.com/dp/B08KTMB9N7?tag=pcbuilder00-20
106.48,XPG,DEFENDER PRO-WHCWW,ATX Mid Tower,https://amazon.com/dp/B08SVX6RH3?tag=pcbuilder00-20
106.96,SilverStone Technology,FARA R1 PRO,ATX Mid Tower,https://amazon.com/dp/B08KZ586CQ?tag=pcbuilder00-20
107,Phanteks,MG-NE620Q_DWT02,ATX Mid Tower,https://amazon.com/dp/B07YFQ559Z?tag=pcbuilder00-20
107.69,Corsair,iCUE 220T RGB,ATX Mid Tower,https://amazon.com/dp/B07RQW7W9P?tag=pcbuilder00-20
107.82,Thermaltake,CA-1Y2-00M1WN-00,ATX Mid Tower,https://amazon.com/dp/B0C3B23MVP?tag=pcbuilder00-20
107.84,DeepCool,MACUBE 310 BK,ATX Mid Tower,https://amazon.com/dp/B07Z87BBKB?tag=pcbuilder00-20
107.85,Antec,DF600 FLUX,ATX Mid Tower,https://amazon.com/dp/B08DHKF7QK?tag=pcbuilder00-20
109,IN WIN,IW-CS-A5BLK-1AM120S,ATX Mid Tower,https://amazon.com/dp/B0BF2GDPDZ?tag=pcbuilder00-20
109.07,SilverStone Technology,SST-FA512Z-BG,ATX Mid Tower,https://amazon.com/dp/B0BJ6J86NW?tag=pcbuilder00-20
109.31,Cooler Master,MasterBox TD500,ATX Mid Tower,https://amazon.com/dp/B08412JPCH?tag=pcbuilder00-20
109.61,Cooler Master,TD500V2-WGNN-S00,ATX Mid Tower,https://amazon.com/dp/B0BN4779ZH?tag=pcbuilder00-20
109.9,Zalman,Z9 Neo,ATX Mid Tower,https://amazon.com/dp/B075YD4C8X?tag=pcbuilder00-20
109.99,Cooler Master,MCY-B5P2-KWGN-03,ATX Mid Tower,https://amazon.com/dp/B08B47BWG2?tag=pcbuilder00-20
109.99,Lian Li,G99.OE764CX.00AM,ATX Mid Tower,https://amazon.com/dp/B0B5THCD6R?tag=pcbuilder00-20
109.99,Phanteks,Eclipse P400A,ATX Mid Tower,https://amazon.com/dp/B07TTDW37F?tag=pcbuilder00-20
109.99,Vetroo,VT-CASE-AL600-WT,ATX Mid Tower,https://amazon.com/dp/B0B1735TMK?tag=pcbuilder00-20
109.99,Vetroo,VT-CASE-AL600-BK,ATX Mid Tower,https://amazon.com/dp/B0B17SW9G8?tag=pcbuilder00-20
109.99,Vetroo,AL600,ATX Mid Tower,https://amazon.com/dp/B0B17M3F9D?tag=pcbuilder00-20
109.99,Antec,Phantom DP502 Flux,ATX Mid Tower,https://amazon.com/dp/B08J3Z946V?tag=pcbuilder00-20
109.99,Phanteks,PH-EC360ATG_DMW02,ATX Mid Tower,https://amazon.com/dp/B0B3D4GJLC?tag=pcbuilder00-20
109.99,DeepCool,CH560,ATX Mid Tower,https://amazon.com/dp/B0C3GHHN6N?tag=pcbuilder00-20
109.99,Phanteks,PH-EC500GA_DBK01B,ATX Mid Tower,https://amazon.com/dp/B0BMPB193W?tag=pcbuilder00-20
109.99,GIGABYTE,GB-C301GW,ATX Mid Tower,https://amazon.com/dp/B0BXMWBTPD?tag=pcbuilder00-20
109.99,XPG,DEFENDER PRO-BKCWW,ATX Mid Tower,https://amazon.com/dp/B08SVTYJRZ?tag=pcbuilder00-20
109.99,Fractal Design,Define 7 Compact,ATX Mid Tower,https://amazon.com/dp/B08146Z5CG?tag=pcbuilder00-20
109.99,Montech,SKY TWO (BLUE),ATX Mid Tower,https://amazon.com/dp/B0BNTVKDLK?tag=pcbuilder00-20
109.99,AZZA,CSAZ-480 AERO,ATX Mid Tower,https://amazon.com/dp/B0B5X52FR9?tag=pcbuilder00-20
109.99,AZZA,CSAZ-470 LEGIONAIRE,ATX Mid Tower,https://amazon.com/dp/B0B62RSR3B?tag=pcbuilder00-20
109.99,Phanteks,PH-NV523TG_DMW01,ATX Mid Tower,https://amazon.com/dp/B0CJW7BDMH?tag=pcbuilder00-20
110.8,AeroCool,SHARD,ATX Mid Tower,https://amazon.com/dp/B07KQXG3S7?tag=pcbuilder00-20
110.85,Antec,0-761345-80102-7,ATX Mid Tower,https://amazon.com/dp/B0B2JML3KN?tag=pcbuilder00-20
110.87,Thermaltake,Core P3 TG Snow Edition,ATX Mid Tower,https://amazon.com/dp/B07BFGYLJZ?tag=pcbuilder00-20
111.7,Cooler Master,Silencio S600,ATX Mid Tower,https://amazon.com/dp/B07T479T7M?tag=pcbuilder00-20
111.75,Lian Li,LANCOOL 205,ATX Mid Tower,https://amazon.com/dp/B085DPLBM6?tag=pcbuilder00-20
112.39,ZEUS GAMDIAS,GD-ARGUS M1(EPE),ATX Mid Tower,https://amazon.com/dp/B07VRKTWCC?tag=pcbuilder00-20
113,Fractal Design,FD-C-MES2C-05,ATX Mid Tower,https://amazon.com/dp/B0822Y6KYP?tag=pcbuilder00-20
113.82,be quiet!,Pure Base 600,ATX Mid Tower,https://amazon.com/dp/B06WVN7T6K?tag=pcbuilder00-20
113.82,be quiet!,Pure Base 600,ATX Mid Tower,https://amazon.com/dp/B06WVRDC41?tag=pcbuilder00-20
113.87,SilverStone Technology,SST-FAR1W-PRO,ATX Mid Tower,https://amazon.com/dp/B0973VP7V1?tag=pcbuilder00-20
114.85,Thermaltake,CA-1P3-00M1WN-00,ATX Mid Tower,https://amazon.com/dp/B084QNCPTQ?tag=pcbuilder00-20
114.99,Corsair,CC-9011255-WW,ATX Mid Tower,https://amazon.com/dp/B0C2JMTX2J?tag=pcbuilder00-20
114.99,Antec,P20CE,ATX Mid Tower,https://amazon.com/dp/B0BRVJHM6R?tag=pcbuilder00-20
115.04,SilverStone Technology,SST-FA511Z-BG,ATX Mid Tower,https://amazon.com/dp/B0BN4MLHQP?tag=pcbuilder00-20
115.55,Thermaltake,S300 TG,ATX Mid Tower,https://amazon.com/dp/B083KLHWQV?tag=pcbuilder00-20
115.81,be quiet!,Pure Base 600,ATX Mid Tower,https://amazon.com/dp/B01N7PGIPS?tag=pcbuilder00-20
115.97,Cooler Master,CP510-KGNN-S02,ATX Mid Tower,https://amazon.com/dp/B094PZJBPJ?tag=pcbuilder00-20
115.99,Fractal Design,Meshify 2 Compact,ATX Mid Tower,https://amazon.com/dp/B0822W433F?tag=pcbuilder00-20
116.12,Corsair,CARBIDE SPEC-05,ATX Mid Tower,https://amazon.com/dp/B07BH23K53?tag=pcbuilder00-20
116.57,DEEP COOL,MATREXX 70 ADD RGB 3F,ATX Mid Tower,https://amazon.com/dp/B07R2DLG12?tag=pcbuilder00-20
117.2,AZZA,CSAZ-410B,ATX Mid Tower,https://amazon.com/dp/B07HKWNFTD?tag=pcbuilder00-20
117.95,Cooler Master,MB520-KGNN-S00,ATX Mid Tower,https://amazon.com/dp/B0B5VFMN5W?tag=pcbuilder00-20
117.95,Lian Li,G99.LAN215W.00,ATX Mid Tower,https://amazon.com/dp/B09MLY1VKC?tag=pcbuilder00-20
118.3,Corsair,Carbide 270R,ATX Mid Tower,https://amazon.com/dp/B01M3Y5FJ2?tag=pcbuilder00-20
119.99,Corsair,CC-9011256-WW,ATX Mid Tower,https://amazon.com/dp/B0C78M4Z5D?tag=pcbuilder00-20
119.99,Corsair,CC-9011205-WW,ATX Mid Tower,https://amazon.com/dp/B08C76W2WM?tag=pcbuilder00-20
119.99,Corsair,iCUE 4000X,ATX Mid Tower,https://amazon.com/dp/B08C788312?tag=pcbuilder00-20
119.99,Cooler Master,MasterBox MB520,ATX Mid Tower,https://amazon.com/dp/B07H57N8SK?tag=pcbuilder00-20
119.99,Cooler Master,HAF XB EVO,ATX Mid Tower,https://amazon.com/dp/B00FFJ0H3Q?tag=pcbuilder00-20
119.99,Lian Li,LANCOOL 205 MESH C (Type-C),ATX Mid Tower,https://amazon.com/dp/B0B5TFZ5VW?tag=pcbuilder00-20
119.99,Lian Li,Lancool2-W,ATX Mid Tower,https://amazon.com/dp/B081TLLMXD?tag=pcbuilder00-20
119.99,Thermaltake,CA-1X1-00M1WN-00,ATX Mid Tower,https://amazon.com/dp/B0B2KV8L9R?tag=pcbuilder00-20
119.99,HYTE,CS-HYTE-Y40-WW,ATX Mid Tower,https://amazon.com/dp/B0CCW87KBM?tag=pcbuilder00-20
119.99,MSI,MPG SEKIRA 500P,ATX Mid Tower,https://amazon.com/dp/B08HFRZSGC?tag=pcbuilder00-20
119.99,Vetroo,VT-CASE-AL-MESH7C-BK,ATX Mid Tower,https://amazon.com/dp/B0B996N6MW?tag=pcbuilder00-20
119.99,Vetroo,VT-CASE-AL-MESH7C-WT,ATX Mid Tower,https://amazon.com/dp/B0BCFYDQWZ?tag=pcbuilder00-20
119.99,Thermaltake,CA-1S2-00M1WN-02,ATX Mid Tower,https://amazon.com/dp/B09CW1Z8LR?tag=pcbuilder00-20
119.99,Thermaltake,CA-1S2-00M6WN-02,ATX Mid Tower,https://amazon.com/dp/B09CVC391C?tag=pcbuilder00-20
119.99,XPG,CRUISERST-WHCWW,ATX Mid Tower,https://amazon.com/dp/B09GD48Q8J?tag=pcbuilder00-20
119.99,XPG,CRUISERST-BKCWW,ATX Mid Tower,https://amazon.com/dp/B09GDKLBJJ?tag=pcbuilder00-20
120,COUGAR,CGR-5CC5B-G-RGB,ATX Mid Tower,https://amazon.com/dp/B09PJR2CQP?tag=pcbuilder00-20
120.58,NZXT,H510i,ATX Mid Tower,https://amazon.com/dp/B07TD9S3HZ?tag=pcbuilder00-20
121.25,Fractal Design,FD-C-MEL2A-03,ATX Mid Tower,https://amazon.com/dp/B093HKFXDV?tag=pcbuilder00-20
121.99,Fractal Design,FD-C-MES2C-08,ATX Mid Tower,https://amazon.com/dp/B08QZP4ZZZ?tag=pcbuilder00-20
122.72,be quiet!,Pure Base 500,ATX Mid Tower,https://amazon.com/dp/B07TTKNRYY?tag=pcbuilder00-20
122.99,Lian Li,Lancool II Mesh C RGB,ATX Mid Tower,https://amazon.com/dp/B09MLYYT7S?tag=pcbuilder00-20
122.99,Thermaltake,CA-1S2-00M1WN-01,ATX Mid Tower,https://amazon.com/dp/B08VDDL6J2?tag=pcbuilder00-20
124.64,Cooler Master,Master N400,ATX Mid Tower,https://amazon.com/dp/B00DOZHJU2?tag=pcbuilder00-20
124.8,Lian Li,LANCOOL II MESH C RGB-S,ATX Mid Tower,https://amazon.com/dp/B09MLX3W5Z?tag=pcbuilder00-20
124.99,NZXT,CC-H61FB-R1,ATX Mid Tower,https://amazon.com/dp/B0C89F1V5S?tag=pcbuilder00-20
124.99,NZXT,CC-H61FW-R1,ATX Mid Tower,https://amazon.com/dp/B0C89S5PC5?tag=pcbuilder00-20
124.99,Corsair,Icue 465X,ATX Mid Tower,https://amazon.com/dp/B07W6RCKWF?tag=pcbuilder00-20
124.99,Corsair,CC-9011189-WW,ATX Mid Tower,https://amazon.com/dp/B07WLNSSBW?tag=pcbuilder00-20
124.99,Lian Li,G99.OE764CW.00AM,ATX Mid Tower,https://amazon.com/dp/B0B5TGM6K8?tag=pcbuilder00-20
125,Lian Li,O11AMW,ATX Mid Tower,https://amazon.com/dp/B09M2T62W2?tag=pcbuilder00-20
125.28,SilverStone Technology,KL07B,ATX Mid Tower,https://amazon.com/dp/B01N0GZ2AU?tag=pcbuilder00-20
125.81,SilverStone Technology,RV05B,ATX Mid Tower,https://amazon.com/dp/B00LP3K2FE?tag=pcbuilder00-20
125.99,Fractal Design,Meshify 2,ATX Mid Tower,https://amazon.com/dp/B0822YZ3VS?tag=pcbuilder00-20
125.99,Fractal Design,Meshify 2 Compact TG,ATX Mid Tower,https://amazon.com/dp/B08X7BKJN4?tag=pcbuilder00-20
126.15,Fractal Design,FD-C-MES2C-03,ATX Mid Tower,https://amazon.com/dp/B08X7B7LQ2?tag=pcbuilder00-20
126.21,DeepCool,R-CH560-WHAPE4D-G-1,ATX Mid Tower,https://amazon.com/dp/B0C7VG2QYH?tag=pcbuilder00-20
126.27,Sharkoon,TG6 RGB,ATX Mid Tower,https://amazon.com/dp/B07ZDF1MYK?tag=pcbuilder00-20
127.12,Lian Li,LANCOOL ONE Digital,ATX Mid Tower,https://amazon.com/dp/B07GK6M4MF?tag=pcbuilder00-20
127.4,Thermaltake,CA-1P4-00M1WN-00,ATX Mid Tower,https://amazon.com/dp/B08162L6KB?tag=pcbuilder00-20
127.99,Thermaltake,CA-1G4-00M1WN-09,ATX Mid Tower,https://amazon.com/dp/B0BDQP3PMB?tag=pcbuilder00-20
128.74,COOLER MASTER,TD500V2-KGNN-S00,ATX Mid Tower,https://amazon.com/dp/B0BN48PLVY?tag=pcbuilder00-20
129,Lian Li,O11 Dynamic,ATX Mid Tower,https://amazon.com/dp/B08RRLGTJY?tag=pcbuilder00-20
129.42,Cooler Master,Q500-KGNN-S00,ATX Mid Tower,https://amazon.com/dp/B0CD7ZQ67D?tag=pcbuilder00-20
129.89,darkFlash,DLC29 Black,ATX Mid Tower,https://amazon.com/dp/B09QGD6H2Q?tag=pcbuilder00-20
129.9,be quiet!,BGW60,ATX Mid Tower,https://amazon.com/dp/B0C58SRL9T?tag=pcbuilder00-20
129.98,NZXT,CM-H71BW-01,ATX Mid Tower,https://amazon.com/dp/B09VNJZ8Z1?tag=pcbuilder00-20
129.99,Cooler Master,MasterBox TD500,ATX Mid Tower,https://amazon.com/dp/B0839Y7933?tag=pcbuilder00-20
129.99,Cooler Master,MasterBox MB511,ATX Mid Tower,https://amazon.com/dp/B07H4V9T9R?tag=pcbuilder00-20
129.99,NZXT,CM-H71BG-01,ATX Mid Tower,https://amazon.com/dp/B09VMS8SSN?tag=pcbuilder00-20
129.99,NZXT,CM-H71FB-01,ATX Mid Tower,https://amazon.com/dp/B09VMWNJV1?tag=pcbuilder00-20
129.99,NZXT,CM-H71FW-01,ATX Mid Tower,https://amazon.com/dp/B09VP1V1DL?tag=pcbuilder00-20
129.99,Corsair,5000D,ATX Mid Tower,https://amazon.com/dp/B08M49W6NX?tag=pcbuilder00-20
129.99,Cooler Master,Silencio S600,ATX Mid Tower,https://amazon.com/dp/B07SWXBZLN?tag=pcbuilder00-20
129.99,Corsair,5000D,ATX Mid Tower,https://amazon.com/dp/B08M49BT3B?tag=pcbuilder00-20
129.99,Thermaltake,S500,ATX Mid Tower,https://amazon.com/dp/B07WNYK9W5?tag=pcbuilder00-20
129.99,Thermaltake,Suppressor F31,ATX Mid Tower,https://amazon.com/dp/B01N9WAXEX?tag=pcbuilder00-20
130.21,Cooler Master,MasterBox NR600P,ATX Mid Tower,https://amazon.com/dp/B08CKGXCQB?tag=pcbuilder00-20
130.34,Fractal Design,FD-C-MEL2A-04,ATX Mid Tower,https://amazon.com/dp/B093HJNWWX?tag=pcbuilder00-20
131,NZXT,CM-H71FW-R1,ATX Mid Tower,https://amazon.com/dp/B0BQSQNDX4?tag=pcbuilder00-20
132.01,Thermaltake,CA-1T9-00M6WN-00,ATX Mid Tower,https://amazon.com/dp/B09WZLH8C1?tag=pcbuilder00-20
132.42,NZXT,H710,ATX Mid Tower,https://amazon.com/dp/B07T94WD22?tag=pcbuilder00-20
132.53,Rosewill,CULLINAN MX,ATX Mid Tower,https://amazon.com/dp/B077232WC2?tag=pcbuilder00-20
133.16,NZXT,CM-H71FB-R1,ATX Mid Tower,https://amazon.com/dp/B0BQS8GKWV?tag=pcbuilder00-20
133.34,AeroCool,ACCM-PB2301311,ATX Mid Tower,https://amazon.com/dp/B08QJLZBQ7?tag=pcbuilder00-20
133.4,Antec,P120 Crystal,ATX Mid Tower,https://amazon.com/dp/B00006B6UL?tag=pcbuilder00-20
133.67,Fractal Design,FD-C-MEL2A-05,ATX Mid Tower,https://amazon.com/dp/B093HK1YV3?tag=pcbuilder00-20
134.36,be quiet!,Pure Base 500DX,ATX Mid Tower,https://amazon.com/dp/B087D7DBW6?tag=pcbuilder00-20
134.63,SilverStone Technology,RL07,ATX Mid Tower,https://amazon.com/dp/B0789YFT47?tag=pcbuilder00-20
134.99,be quiet!,Pure Base 500DX,ATX Mid Tower,https://amazon.com/dp/B087D7KNL9?tag=pcbuilder00-20
134.99,Antec,P101 Silent,ATX Mid Tower,https://amazon.com/dp/B07LBXP8KZ?tag=pcbuilder00-20
134.99,SilverStone Technology,SST-SEA1SB-G,ATX Mid Tower,https://amazon.com/dp/B0844ZGV92?tag=pcbuilder00-20
134.99,SilverStone Technology,SETA A1 Rose,ATX Mid Tower,https://amazon.com/dp/B0844WFWZW?tag=pcbuilder00-20
135.01,Cooler Master,MB520,ATX Mid Tower,https://amazon.com/dp/B083MKKCQM?tag=pcbuilder00-20
137,Thermaltake,CA-1P5-00M6WN-00,ATX Mid Tower,https://amazon.com/dp/B084BNS4NP?tag=pcbuilder00-20
138.69,Lian Li,LANCOOL II MESH C Performance-X,ATX Mid Tower,https://amazon.com/dp/B09PFPRZSZ?tag=pcbuilder00-20
138.99,be quiet!,Pure Base 500,ATX Mid Tower,https://amazon.com/dp/B07TSG8G2H?tag=pcbuilder00-20
139.99,NZXT,CC-H51EW-01,ATX Mid Tower,https://amazon.com/dp/B0B6XWXL4W?tag=pcbuilder00-20
139.99,Thermaltake,Core P3,ATX Mid Tower,https://amazon.com/dp/B07BFGB8Z6?tag=pcbuilder00-20
139.99,NZXT,CM-H71EW-01,ATX Mid Tower,https://amazon.com/dp/B09VP3NVML?tag=pcbuilder00-20
139.99,Thermaltake,CA-1P6-00M6WN-00,ATX Mid Tower,https://amazon.com/dp/B0B8X5D9BR?tag=pcbuilder00-20
139.99,Thermaltake,CA-1P6-00M1WN-00,ATX Mid Tower,https://amazon.com/dp/B0B8X573XR?tag=pcbuilder00-20
139.99,Vetroo,MESH6,ATX Mid Tower,https://amazon.com/dp/B08QRWPTLM?tag=pcbuilder00-20
139.99,Lian Li,O11 Dynamic,ATX Mid Tower,https://amazon.com/dp/B08RRSZ6SP?tag=pcbuilder00-20
139.99,SilverStone Technology,SST-PM02W-G,ATX Mid Tower,https://amazon.com/dp/B078TN9WQG?tag=pcbuilder00-20
139.99,SilverStone Technology,SST-PM02B-G,ATX Mid Tower,https://amazon.com/dp/B078TN1H4Z?tag=pcbuilder00-20
140,Fractal Design,Define R5,ATX Mid Tower,https://amazon.com/dp/B00Q2Z11QE?tag=pcbuilder00-20
140,Lian Li,LAN2MRX,ATX Mid Tower,https://amazon.com/dp/B08CSQPBFJ?tag=pcbuilder00-20
140.16,Thermaltake,CA-1N2-00M6WN-00,ATX Mid Tower,https://amazon.com/dp/B07Q8GBMH6?tag=pcbuilder00-20
140.37,Thermaltake,View 31,ATX Mid Tower,https://amazon.com/dp/B06XB53D41?tag=pcbuilder00-20
142.26,Lian Li,LANCOOL 3-W White,ATX Mid Tower,https://amazon.com/dp/B0B7NSQS5Q?tag=pcbuilder00-20
142.39,Fractal Design,FD-C-TOR1C-01,ATX Mid Tower,https://amazon.com/dp/B08KTN2D3C?tag=pcbuilder00-20
142.73,Corsair,Carbide SPEC-04,ATX Mid Tower,https://amazon.com/dp/B074VN8HNM?tag=pcbuilder00-20
142.98,Fractal Design,Define C,ATX Mid Tower,https://amazon.com/dp/B01M2CP50B?tag=pcbuilder00-20
142.99,Corsair,CC-9011241-WW,ATX Mid Tower,https://amazon.com/dp/B0BKC5RY3H?tag=pcbuilder00-20
144.1,MSI,306-7G06P11-W57,ATX Mid Tower,https://amazon.com/dp/B08BX31HMC?tag=pcbuilder00-20
144.99,Corsair,5000D AIRFLOW,ATX Mid Tower,https://amazon.com/dp/B08M48QY16?tag=pcbuilder00-20
144.99,Corsair,5000D AIRFLOW,ATX Mid Tower,https://amazon.com/dp/B08M49WW51?tag=pcbuilder00-20
145.99,IN WIN,303,ATX Mid Tower,https://amazon.com/dp/B01GQNOTEC?tag=pcbuilder00-20
146.19,Fractal Design,FD-C-TOR1C-03,ATX Mid Tower,https://amazon.com/dp/B08KTNGMGR?tag=pcbuilder00-20
146.2,Cooler Master,MCB-NR600-KG5N-S00,ATX Mid Tower,https://amazon.com/dp/B07QGW7H9R?tag=pcbuilder00-20
146.33,Lian Li,O11 Dynamic Mini Snow Edition,ATX Mid Tower,https://amazon.com/dp/B09138FCV5?tag=pcbuilder00-20
146.62,Phanteks,Eclipse P400,ATX Mid Tower,https://amazon.com/dp/B01MY0C9D6?tag=pcbuilder00-20
147.35,Thermaltake,CA-1N6-00M1WN-00,ATX Mid Tower,https://amazon.com/dp/B07N3VN79F?tag=pcbuilder00-20
147.99,Thermaltake,CA-1X1-00M6WN-00,ATX Mid Tower,https://amazon.com/dp/B0B2KVJNKT?tag=pcbuilder00-20
147.99,MagniumGear,MG-NE620QI_DWT02,ATX Mid Tower,https://amazon.com/dp/B07YFPGHJV?tag=pcbuilder00-20
147.99,Phanteks,MG-NE620QI_DBK02,ATX Mid Tower,https://amazon.com/dp/B07YFR15WK?tag=pcbuilder00-20
148.99,HYTE,CS-HYTE-Y40-BR,ATX Mid Tower,https://amazon.com/dp/B0BQPWJZDK?tag=pcbuilder00-20
149,SilverStone Technology,SST-SEA1TB-G,ATX Mid Tower,https://amazon.com/dp/B0844XKRHL?tag=pcbuilder00-20
149.78,be quiet!,Silent Base 601,ATX Mid Tower,https://amazon.com/dp/B07GT6QKJH?tag=pcbuilder00-20
149.8,SilverStone Technology,SST-SED1-B,ATX Mid Tower,https://amazon.com/dp/B0BW37V4K6?tag=pcbuilder00-20
149.9,be quiet!,Silent Base 601,ATX Mid Tower,https://amazon.com/dp/B07GT5NL3T?tag=pcbuilder00-20
149.9,Geometric Future,Model 8,ATX Mid Tower,https://amazon.com/dp/B09SG8MPQT?tag=pcbuilder00-20
149.9,Geometric Future,Model 8,ATX Mid Tower,https://amazon.com/dp/B09SG9664K?tag=pcbuilder00-20
149.9,be quiet!,BGW61,ATX Mid Tower,https://amazon.com/dp/B0C58VGLGK?tag=pcbuilder00-20
149.9,APNX,APCM-CR01043.11,ATX Mid Tower,https://amazon.com/dp/B0CHMRKVZ5?tag=pcbuilder00-20
149.92,be quiet!,BGW43,ATX Mid Tower,https://amazon.com/dp/B0B832WB3R?tag=pcbuilder00-20
149.99,HYTE,CS-HYTE-Y40-B,ATX Mid Tower,https://amazon.com/dp/B0BQPLV7M6?tag=pcbuilder00-20
149.99,HYTE,CS-HYTE-Y40-BW,ATX Mid Tower,https://amazon.com/dp/B0BQP93GYX?tag=pcbuilder00-20
149.99,Fractal Design,FD-C-NOR1C-02,ATX Mid Tower,https://amazon.com/dp/B09V8HNWW9?tag=pcbuilder00-20
149.99,ADATA,XPG Battle Cruiser,ATX Mid Tower,https://amazon.com/dp/B07ZNR16G1?tag=pcbuilder00-20
149.99,ADATA,XPG Battle Cruiser,ATX Mid Tower,https://amazon.com/dp/B07ZNQGP5N?tag=pcbuilder00-20
149.99,Thermaltake,CA-1X5-00M6WN-00,ATX Mid Tower,https://amazon.com/dp/B0BRNXHFMC?tag=pcbuilder00-20
149.99,Thermaltake,CA-1X5-00M1WN-00,ATX Mid Tower,https://amazon.com/dp/B0BRNX4B5Q?tag=pcbuilder00-20
149.99,Phanteks,PH-EC500GA_BBK01,ATX Mid Tower,https://amazon.com/dp/B0BMPPSP5M?tag=pcbuilder00-20
151.4,Cooler Master,Box Lite 5 RGB,ATX Mid Tower,https://amazon.com/dp/B075N2898D?tag=pcbuilder00-20
152.99,Fractal Design,FD-C-NOR1C-01,ATX Mid Tower,https://amazon.com/dp/B09V878FXQ?tag=pcbuilder00-20
153.49,Fractal Design,Define 7 Black,ATX Mid Tower,https://amazon.com/dp/B08146JLXK?tag=pcbuilder00-20
153.99,Thermaltake,Core P3,ATX Mid Tower,https://amazon.com/dp/B07BVZN3PV?tag=pcbuilder00-20
154.8,Lian Li,LANCOOL III RGB,ATX Mid Tower,https://amazon.com/dp/B0B9WF5FW1?tag=pcbuilder00-20
154.9,be quiet!,BGW62,ATX Mid Tower,https://amazon.com/dp/B0C593T9S7?tag=pcbuilder00-20
154.98,be quiet!,Silent Base 601,ATX Mid Tower,https://amazon.com/dp/B07GT4G988?tag=pcbuilder00-20
154.98,be quiet!,Silent Base 601,ATX Mid Tower,https://amazon.com/dp/B07GT5HD1Y?tag=pcbuilder00-20
154.99,ASUS,GT502/WHT/TG//,ATX Mid Tower,https://amazon.com/dp/B0BQD5J39S?tag=pcbuilder00-20
155.9,APNX,APCM-CR01043.21,ATX Mid Tower,https://amazon.com/dp/B0CHMTRFLQ?tag=pcbuilder00-20
156.63,Fractal Design,FD-C-TOR1C-05,ATX Mid Tower,https://amazon.com/dp/B09XR59886?tag=pcbuilder00-20
157.63,MSI,MPGGUNGNIR110RWHITE,ATX Mid Tower,https://amazon.com/dp/B09NTNS59N?tag=pcbuilder00-20
157.75,Sharkoon,Rev200 RGB,ATX Mid Tower,https://amazon.com/dp/B07ZVXPLZF?tag=pcbuilder00-20
158.07,DeepCool,E-SHIELD,ATX Mid Tower,https://amazon.com/dp/B07PM8YP5K?tag=pcbuilder00-20
158.3,Phanteks,PH-EC500ATG_BK01,ATX Mid Tower,https://amazon.com/dp/B088SZTN3Z?tag=pcbuilder00-20
158.39,Thermaltake,CA-1T4-00M1WN-02,ATX Mid Tower,https://amazon.com/dp/B09FP8ZXCV?tag=pcbuilder00-20
159.42,NOX XTREME PRODUCTS,NXHUMMERTGM,ATX Mid Tower,https://amazon.com/dp/B07QVF4DCB?tag=pcbuilder00-20
159.76,Thermaltake,Core P3 TG Pro Snow,ATX Mid Tower,https://amazon.com/dp/B0BDQKYQHS?tag=pcbuilder00-20
159.77,Corsair,CARBIDE 275R,ATX Mid Tower,https://amazon.com/dp/B079JV8ZB9?tag=pcbuilder00-20
159.9,Geometric Future,Model 8,ATX Mid Tower,https://amazon.com/dp/B09SG8QRYZ?tag=pcbuilder00-20
159.99,ASUS,90DC0013-B40000,ATX Mid Tower,https://amazon.com/dp/B08C7B6LWM?tag=pcbuilder00-20
159.99,ASUS,90DC0012-B49000,ATX Mid Tower,https://amazon.com/dp/B07L6CHS16?tag=pcbuilder00-20
159.99,Phanteks,PH-EC500GA_DBK01A,ATX Mid Tower,https://amazon.com/dp/B0BMPG47KQ?tag=pcbuilder00-20
160.43,Cooler Master,H500-KGNN-S00,ATX Mid Tower,https://amazon.com/dp/B09J5DSD5F?tag=pcbuilder00-20
160.66,Thermaltake,CA-1T9-00M1WN-00,ATX Mid Tower,https://amazon.com/dp/B09WZMPZ4L?tag=pcbuilder00-20
161.44,be quiet!,BG029,ATX Mid Tower,https://amazon.com/dp/B07HKT39FR?tag=pcbuilder00-20
164,Fractal Design,Meshify 2 Black,ATX Mid Tower,https://amazon.com/dp/B0822Y6H34?tag=pcbuilder00-20
164.95,Lian Li,LANCOOL 215,ATX Mid Tower,https://amazon.com/dp/B08JM1M9YG?tag=pcbuilder00-20
165.99,Fractal Design,Meshify 2,ATX Mid Tower,https://amazon.com/dp/B0822ZD9NP?tag=pcbuilder00-20
167.08,Fractal Design,FD-C-TOR1C-02,ATX Mid Tower,https://amazon.com/dp/B08KTNHR27?tag=pcbuilder00-20
167.1,be quiet!,Silent Base 601,ATX Mid Tower,https://amazon.com/dp/B07GT3TB1N?tag=pcbuilder00-20
169.39,GAMDIAS,Argus M1,ATX Mid Tower,https://amazon.com/dp/B07ZD9J9WS?tag=pcbuilder00-20
169.9,be quiet!,BG040,ATX Mid Tower,https://amazon.com/dp/B08NW4LD54?tag=pcbuilder00-20
169.9,be quiet!,Silent Base 802,ATX Mid Tower,https://amazon.com/dp/B08NW5741Z?tag=pcbuilder00-20
169.99,Vetroo,K1,ATX Mid Tower,https://amazon.com/dp/B098DW1BNF?tag=pcbuilder00-20
169.99,Fractal Design,Define 7,ATX Mid Tower,https://amazon.com/dp/B08147DC28?tag=pcbuilder00-20
169.99,Thermaltake,View 37,ATX Mid Tower,https://amazon.com/dp/B07JD431D5?tag=pcbuilder00-20
169.99,Segotep,CP-CASE-ST-ATX-T1-WT,ATX Mid Tower,https://amazon.com/dp/B09JB8CBLW?tag=pcbuilder00-20
169.99,Gigabyte,GB-AC300G,ATX Mid Tower,https://amazon.com/dp/B07QBQV85H?tag=pcbuilder00-20
169.99,ASUS,GT502/BLK/TG//,ATX Mid Tower,https://amazon.com/dp/B0BQD5W3N9?tag=pcbuilder00-20
169.99,Lian Li,LANCOOL 3-X Black,ATX Mid Tower,https://amazon.com/dp/B0B46BGBBN?tag=pcbuilder00-20
169.99,Lian Li,PC-LAN3RW,ATX Mid Tower,https://amazon.com/dp/B0B9WT5DKS?tag=pcbuilder00-20
171.12,Lian Li,Lancool2-X,ATX Mid Tower,https://amazon.com/dp/B081TRLCSG?tag=pcbuilder00-20
171.26,SilverStone Technology,22201,ATX Mid Tower,https://amazon.com/dp/B01DXTH0JI?tag=pcbuilder00-20
172.19,Sharkoon,4.04E+12,ATX Mid Tower,https://amazon.com/dp/B08GMZ6TLN?tag=pcbuilder00-20
173,Fractal Design,Meshify 2,ATX Mid Tower,https://amazon.com/dp/B0822ZBCD8?tag=pcbuilder00-20
173.58,Fractal Design,FD-C-TOR1C-04,ATX Mid Tower,https://amazon.com/dp/B08KT8DGQL?tag=pcbuilder00-20
174.41,NZXT,CA-H52FW-01,ATX Mid Tower,https://amazon.com/dp/B09CW354GD?tag=pcbuilder00-20
174.67,Corsair,iCUE 5000X,ATX Mid Tower,https://amazon.com/dp/B08M4B2KQ4?tag=pcbuilder00-20
174.9,be quiet!,BGW63,ATX Mid Tower,https://amazon.com/dp/B0C592W24R?tag=pcbuilder00-20
174.99,Lian Li,O11DEW,ATX Mid Tower,https://amazon.com/dp/B09QMLS87T?tag=pcbuilder00-20
175.85,MSI,GUNGNIR 111R,ATX Mid Tower,https://amazon.com/dp/B09DPFKD9M?tag=pcbuilder00-20
175.99,Fractal Design,Define 7,ATX Mid Tower,https://amazon.com/dp/B08146X7B4?tag=pcbuilder00-20
175.99,Thermaltake,Versa N26,ATX Mid Tower,https://amazon.com/dp/B01ECFZ1X4?tag=pcbuilder00-20
177.52,Fractal Design,FD-C-MES2A-06,ATX Mid Tower,https://amazon.com/dp/B08QZQQJDJ?tag=pcbuilder00-20
178.5,NZXT,H710i,ATX Mid Tower,https://amazon.com/dp/B07TD9Y6L7?tag=pcbuilder00-20
178.5,NZXT,H710i,ATX Mid Tower,https://amazon.com/dp/B07T94WB77?tag=pcbuilder00-20
179.7,Thermaltake,CA-1V2-00M1WN-00,ATX Mid Tower,https://amazon.com/dp/B09CVCWM7D?tag=pcbuilder00-20
179.73,Corsair,Carbide 200R,ATX Mid Tower,https://amazon.com/dp/B009GXZ8MM?tag=pcbuilder00-20
179.9,A ANIDEES,Crystal Cube AR,ATX Mid Tower,https://amazon.com/dp/B07NWHCN69?tag=pcbuilder00-20
179.9,A ANIDEES,AI Crystal Cube Mesh,ATX Mid Tower,https://amazon.com/dp/B07NWHFMXP?tag=pcbuilder00-20
179.99,Phanteks,PH-EC600PSTG_BK01,ATX Mid Tower,https://amazon.com/dp/B07N1N8R9N?tag=pcbuilder00-20
179.99,Segotep,Phoenix ATX,ATX Mid Tower,https://amazon.com/dp/B07WNGN9X4?tag=pcbuilder00-20
179.99,Segotep,Phoenix T1,ATX Mid Tower,https://amazon.com/dp/B08QHH4YMF?tag=pcbuilder00-20
179.99,Thermaltake,Level 20 RS,ATX Mid Tower,https://amazon.com/dp/B0837KQFCN?tag=pcbuilder00-20
180.37,Cooler Master,MasterBox 540,ATX Mid Tower,https://amazon.com/dp/B08W1ZJT1K?tag=pcbuilder00-20
181,MSI,MPG Sekira 100R,ATX Mid Tower,https://amazon.com/dp/B08FF7DZY3?tag=pcbuilder00-20
181.49,Corsair,iCUE 220T,ATX Mid Tower,https://amazon.com/dp/B0821SDWKL?tag=pcbuilder00-20
182.13,NZXT,H710,ATX Mid Tower,https://amazon.com/dp/B07T81N2H8?tag=pcbuilder00-20
185,MSI,MPG GUNGNIR 111M,ATX Mid Tower,https://amazon.com/dp/B08D2S2DVT?tag=pcbuilder00-20
185.56,Cooler Master,MasterBox Pro 5,ATX Mid Tower,https://amazon.com/dp/B075N132C7?tag=pcbuilder00-20
186.77,SilverStone Technology,SST-GD11B,ATX Mid Tower,https://amazon.com/dp/B0B5GV42GH?tag=pcbuilder00-20
189.13,MSI,306-7G19R21-809,ATX Mid Tower,https://amazon.com/dp/B0979Z327D?tag=pcbuilder00-20
189.92,AeroCool,Boitier Moyen,ATX Mid Tower,https://amazon.com/dp/B07V5JGYFV?tag=pcbuilder00-20
189.99,Phanteks,Eclipse P600S,ATX Mid Tower,https://amazon.com/dp/B07N1MBZ1W?tag=pcbuilder00-20
189.99,Fractal Design,FD-C-MES2A-08,ATX Mid Tower,https://amazon.com/dp/B08QZRZFN4?tag=pcbuilder00-20
193.1,Phanteks,Enthoo Evolv X,ATX Mid Tower,https://amazon.com/dp/B07GY29X6J?tag=pcbuilder00-20
195,Lian Li,LANCOOL 205 MESH RGB,ATX Mid Tower,https://amazon.com/dp/B09DYRVRMG?tag=pcbuilder00-20
195,Lian Li,LANCOOL 205 Mesh,ATX Mid Tower,https://amazon.com/dp/B093TNMQ9W?tag=pcbuilder00-20
195.41,be quiet!,Dark Base 700,ATX Mid Tower,https://amazon.com/dp/B0773NWQNQ?tag=pcbuilder00-20
196.8,Corsair,Crystal 680X,ATX Mid Tower,https://amazon.com/dp/B07MSQ63WS?tag=pcbuilder00-20
196.99,be quiet!,Silent Base 601,ATX Mid Tower,https://amazon.com/dp/B07GT3PRNL?tag=pcbuilder00-20
198.46,NZXT,H710,ATX Mid Tower,https://amazon.com/dp/B07TD9V22K?tag=pcbuilder00-20
198.58,be quiet!,Silent Base 802,ATX Mid Tower,https://amazon.com/dp/B08NW2P9Z5?tag=pcbuilder00-20
198.58,be quiet!,Silent Base 802,ATX Mid Tower,https://amazon.com/dp/B08NW4MK1X?tag=pcbuilder00-20
199,HYTE,CS-HYTE-Y60-WW,ATX Mid Tower,https://amazon.com/dp/B0BVJ4ZFPZ?tag=pcbuilder00-20
199,iBUYPOWER,SNOWBLIND S CASE,ATX Mid Tower,https://amazon.com/dp/B08413J5QG?tag=pcbuilder00-20
199.72,Fractal Design,Define 7,ATX Mid Tower,https://amazon.com/dp/B08146VT7V?tag=pcbuilder00-20
199.99,Cooler Master,MasterCase H500M,ATX Mid Tower,https://amazon.com/dp/B07DF2SP3X?tag=pcbuilder00-20
199.99,Thermaltake,Core P90,ATX Mid Tower,https://amazon.com/dp/B078TMMJY8?tag=pcbuilder00-20
199.99,Thermaltake,CA-1V2-00M6WN-00,ATX Mid Tower,https://amazon.com/dp/B09CVWQJCR?tag=pcbuilder00-20
199.99,HYTE,CS-HYTE-Y60-BR,ATX Mid Tower,https://amazon.com/dp/B0BGVWX5H8?tag=pcbuilder00-20
199.99,HYTE,CS-HYTE-Y60-BW,ATX Mid Tower,https://amazon.com/dp/B09TPZ5R6B?tag=pcbuilder00-20
199.99,HYTE,CS-HYTE-Y60-B,ATX Mid Tower,https://amazon.com/dp/B09TQ1J58V?tag=pcbuilder00-20
199.99,Razer,RC21-01420100-R3M1,ATX Mid Tower,https://amazon.com/dp/B08G3LXFV6?tag=pcbuilder00-20
199.99,Fractal Design,FD-C-TOR1A-03,ATX Mid Tower,https://amazon.com/dp/B099X5M4FQ?tag=pcbuilder00-20
199.99,Thermaltake,CA-1E7-00M9WN-00,ATX Mid Tower,https://amazon.com/dp/B07DVQC4KB?tag=pcbuilder00-20
199.99,Thermaltake,CA-1T4-00M6WN-01,ATX Mid Tower,https://amazon.com/dp/B09FPCXCXC?tag=pcbuilder00-20
199.99,Thermaltake,CA-1T4-00M1WN-01,ATX Mid Tower,https://amazon.com/dp/B09FP5WWSV?tag=pcbuilder00-20
200.17,Corsair,iCUE 4000D RGB AIRFLOW,ATX Mid Tower,https://amazon.com/dp/B0BKBV7QMM?tag=pcbuilder00-20
203.23,Phanteks,Eclipse P600S,ATX Mid Tower,https://amazon.com/dp/B07N1MS2JV?tag=pcbuilder00-20
204.12,Fractal Design,FD-C-TOR1A-01,ATX Mid Tower,https://amazon.com/dp/B099X7C238?tag=pcbuilder00-20
204.12,COUGAR,CGR-5LMHO,ATX Mid Tower,https://amazon.com/dp/B08C27JWL7?tag=pcbuilder00-20
205.86,Phanteks,PH-EC500GA_DMW01A,ATX Mid Tower,https://amazon.com/dp/B0BMPD1CVP?tag=pcbuilder00-20
207.34,Corsair,Carbide SPEC-Omega,ATX Mid Tower,https://amazon.com/dp/B07B2YJXLM?tag=pcbuilder00-20
207.98,Fractal Design,Define 7 Black,ATX Mid Tower,https://amazon.com/dp/B08146X79Y?tag=pcbuilder00-20
207.98,Fractal Design,Define 7,ATX Mid Tower,https://amazon.com/dp/B08146VVWT?tag=pcbuilder00-20
208.86,Fractal Design,FD-C-TOR1A-02,ATX Mid Tower,https://amazon.com/dp/B08698DZ25?tag=pcbuilder00-20
209.99,Cooler Master,MasterCase H500P,ATX Mid Tower,https://amazon.com/dp/B084DPT3N2?tag=pcbuilder00-20
212,Cooler Master,MasterBox K500,ATX Mid Tower,https://amazon.com/dp/B07B5XNBQN?tag=pcbuilder00-20
213.99,Corsair,CC-9011242-WW,ATX Mid Tower,https://amazon.com/dp/B0BKC67D3V?tag=pcbuilder00-20
214.78,NZXT,CM-H71EB-01,ATX Mid Tower,https://amazon.com/dp/B09VNZHL44?tag=pcbuilder00-20
214.98,MUSETEX,K2-MU1000,ATX Mid Tower,https://amazon.com/dp/B0CM37C5Y1?tag=pcbuilder00-20
214.99,Corsair,iCUE 5000X RGB,ATX Mid Tower,https://amazon.com/dp/B08M4BN431?tag=pcbuilder00-20
218.35,Corsair,CC-9011243-WW,ATX Mid Tower,https://amazon.com/dp/B0BKC8V2L2?tag=pcbuilder00-20
219.3,Fractal Design,FD-C-TOR1A-07,ATX Mid Tower,https://amazon.com/dp/B09XQS5GJN?tag=pcbuilder00-20
220.99,NZXT,H710i,ATX Mid Tower,https://amazon.com/dp/B07T7L8HQ5?tag=pcbuilder00-20
222.49,SilverStone Technology,RL05BW-W,ATX Mid Tower,https://amazon.com/dp/B076QDPRM4?tag=pcbuilder00-20
229,Lian Li,LAN2MRW,ATX Mid Tower,https://amazon.com/dp/B08CSRXFSQ?tag=pcbuilder00-20
229.9,be quiet!,BGW58,ATX Mid Tower,https://amazon.com/dp/B0CKXY7BPQ?tag=pcbuilder00-20
229.9,be quiet!,BGW64,ATX Mid Tower,https://amazon.com/dp/B0C597FL85?tag=pcbuilder00-20
229.99,Corsair,Carbide 275R,ATX Mid Tower,https://amazon.com/dp/B079JVTPJK?tag=pcbuilder00-20
231.23,IN WIN,904.Plus Black,ATX Mid Tower,https://amazon.com/dp/B00RUB1SN0?tag=pcbuilder00-20
231.25,Fractal Design,FD-C-TOR1A-04,ATX Mid Tower,https://amazon.com/dp/B08699NR75?tag=pcbuilder00-20
231.98,AZZA,430B,ATX Mid Tower,https://amazon.com/dp/B002VA87W0?tag=pcbuilder00-20
232.37,NZXT,CM-H91EB-01,ATX Mid Tower,https://amazon.com/dp/B0BG196XDP?tag=pcbuilder00-20
234.99,PrimoChill,MWB-BK-BK,ATX Mid Tower,https://amazon.com/dp/B01GGK5UO8?tag=pcbuilder00-20
236.24,Cooler Master,MasterCase Mesh S00,ATX Mid Tower,https://amazon.com/dp/B01MDS8L83?tag=pcbuilder00-20
236.34,SilverStone Technology,CS380B,ATX Mid Tower,https://amazon.com/dp/B01MA6NJE8?tag=pcbuilder00-20
238.75,NZXT,CM-H91EW-01,ATX Mid Tower,https://amazon.com/dp/B0BFZZVDZR?tag=pcbuilder00-20
239.99,MSI,SEKIRA 500X,ATX Mid Tower,https://amazon.com/dp/B07V462M6M?tag=pcbuilder00-20
240.99,Phanteks,Enthoo Evolv X,ATX Mid Tower,https://amazon.com/dp/B07GY355N2?tag=pcbuilder00-20
242,Corsair,Carbide 100R,ATX Mid Tower,https://amazon.com/dp/B00RORBQSW?tag=pcbuilder00-20
243.71,Zalman,S3-600W,ATX Mid Tower,https://amazon.com/dp/B0851G8BSV?tag=pcbuilder00-20
244.99,Corsair,7000D AIRFLOW,ATX Mid Tower,https://amazon.com/dp/B094442NL5?tag=pcbuilder00-20
244.99,Phanteks,Enthoo Evolv X,ATX Mid Tower,https://amazon.com/dp/B07GY26TZJ?tag=pcbuilder00-20
246.49,SilverStone Technology,TJ04B-E,ATX Mid Tower,https://amazon.com/dp/B0078ZZ2FI?tag=pcbuilder00-20
248.67,Fractal Design,FD-C-TOR1A-06,ATX Mid Tower,https://amazon.com/dp/B0869DD92T?tag=pcbuilder00-20
249.99,PHANTEKS THERMAL SOLUTIONS,PH-E518XTG_DMW01,ATX Mid Tower,https://amazon.com/dp/B09RZVHSGB?tag=pcbuilder00-20
256,Corsair,Obsidian 500D,ATX Mid Tower,https://amazon.com/dp/B07C46L1D8?tag=pcbuilder00-20
258.12,Fractal Design,FD-C-TOR1A-05,ATX Mid Tower,https://amazon.com/dp/B099X5T116?tag=pcbuilder00-20
265.53,NZXT,H700i Ninja,ATX Mid Tower,https://amazon.com/dp/B07D95LYNW?tag=pcbuilder00-20
269.99,Thermaltake,A500,ATX Mid Tower,https://amazon.com/dp/B07JDF4SSZ?tag=pcbuilder00-20
271.96,Cooler Master,MasterCase SL600M,ATX Mid Tower,https://amazon.com/dp/B07ZTZ8RHB?tag=pcbuilder00-20
273,Kolink,STRONGHOLD,ATX Mid Tower,https://amazon.com/dp/B07B3VCPM2?tag=pcbuilder00-20
274.99,Corsair,Crystal Series 680X,ATX Mid Tower,https://amazon.com/dp/B07MFR1VDN?tag=pcbuilder00-20
284.99,Thermaltake,CA-1V2-00MBWN-00,ATX Mid Tower,https://amazon.com/dp/B09NQBX1S1?tag=pcbuilder00-20
293.99,SilverStone Technology,SST-ALF1S-G,ATX Mid Tower,https://amazon.com/dp/B09JDVTTBL?tag=pcbuilder00-20
296,MSI,Gungnir 100,ATX Mid Tower,https://amazon.com/dp/B07MZFGFDH?tag=pcbuilder00-20
298,BITFENIX,BFC-DAW-500-KKGSK-RP,ATX Mid Tower,https://amazon.com/dp/B083L8HQTZ?tag=pcbuilder00-20
299.99,Corsair,CC-9011231-WW,ATX Mid Tower,https://amazon.com/dp/B09K21MXM8?tag=pcbuilder00-20
302,Kolink,OBSERVATORY RGB,ATX Mid Tower,https://amazon.com/dp/B07B41P14Y?tag=pcbuilder00-20
303.58,DeepCool,R-QUADSTELLAR-G-1,ATX Mid Tower,https://amazon.com/dp/B0BM9PL8BT?tag=pcbuilder00-20
308.99,SilverStone Technology,SST-ALF1B-G,ATX Mid Tower,https://amazon.com/dp/B09JDGWDY8?tag=pcbuilder00-20
312.91,MSI,306-7G19G21-809,ATX Mid Tower,https://amazon.com/dp/B097B15MGN?tag=pcbuilder00-20
320.54,Cooler Master,MCB E501L,ATX Mid Tower,https://amazon.com/dp/B07ZHCNHDJ?tag=pcbuilder00-20
329.99,Corsair,CC-9011233-WW,ATX Mid Tower,https://amazon.com/dp/B09GJBCZYF?tag=pcbuilder00-20
333.36,SilverStone Technology,RM42-502,ATX Mid Tower,https://amazon.com/dp/B08DK8398B?tag=pcbuilder00-20
334,BITFENIX,Enso Mesh,ATX Mid Tower,https://amazon.com/dp/B08XVXC67J?tag=pcbuilder00-20
339.99,MSI,9B11-320-052,ATX Mid Tower,https://amazon.com/dp/B0BJ14WPT5?tag=pcbuilder00-20
349.99,AZZA,CSAZ-809 OPUS,ATX Mid Tower,https://amazon.com/dp/B09KLJDJQS?tag=pcbuilder00-20
352.43,COUGAR,CONQUER,ATX Mid Tower,https://amazon.com/dp/B0759PNHX8?tag=pcbuilder00-20
359.99,Thermaltake,View 28,ATX Mid Tower,https://amazon.com/dp/B0719JXP8X?tag=pcbuilder00-20
365,be quiet!,Silent Base 600,ATX Mid Tower,https://amazon.com/dp/B014VZD8G2?tag=pcbuilder00-20
365,be quiet!,Silent Base 600,ATX Mid Tower,https://amazon.com/dp/B014VZI3GC?tag=pcbuilder00-20
365,be quiet!,Silent Base 600,ATX Mid Tower,https://amazon.com/dp/B014VZFVDU?tag=pcbuilder00-20
369.26,Corsair,Crystal 570X RGB,ATX Mid Tower,https://amazon.com/dp/B01LE0ZKR2?tag=pcbuilder00-20
369.99,Corsair,CC-9011230-WW,ATX Mid Tower,https://amazon.com/dp/B09K1YNJTR?tag=pcbuilder00-20
378.45,Corsair,275R Airflow,ATX Mid Tower,https://amazon.com/dp/B07VNB23RZ?tag=pcbuilder00-20
379.99,Antec,Torque,ATX Mid Tower,https://amazon.com/dp/B07HG9KZVX?tag=pcbuilder00-20
382.12,Jonsplus,i 400 BA,ATX Mid Tower,https://amazon.com/dp/B0BK5GW1DV?tag=pcbuilder00-20
393,be quiet!,BG007,ATX Mid Tower,https://amazon.com/dp/B014VZEAD2?tag=pcbuilder00-20
393,Kolink,CASTLE,ATX Mid Tower,https://amazon.com/dp/B07W6P288V?tag=pcbuilder00-20
399.99,AZZA,CSAZ-804L PYRAMID,ATX Mid Tower,https://amazon.com/dp/B08R765PXW?tag=pcbuilder00-20
399.99,AZZA,CSAZ-902 REGIS,ATX Mid Tower,https://amazon.com/dp/B09JNDQKXD?tag=pcbuilder00-20
419.99,AZZA,CSAZ-804M,ATX Mid Tower,https://amazon.com/dp/B0BF54B4CQ?tag=pcbuilder00-20
439.98,Corsair,Carbide SPEC-Omega,ATX Mid Tower,https://amazon.com/dp/B077G34G9W?tag=pcbuilder00-20
460,Cooler Master,MCB-B511D-KANN-S01,ATX Mid Tower,https://amazon.com/dp/B07CZH4H6M?tag=pcbuilder00-20
464,AZZA,CSAZ 320DH,ATX Mid Tower,https://amazon.com/dp/B07HKYCPWV?tag=pcbuilder00-20
489.81,COUGAR,385LMS0.0001,ATX Mid Tower,https://amazon.com/dp/B0BVGTFC5H?tag=pcbuilder00-20
515.92,Corsair,Carbide 678R,ATX Mid Tower,https://amazon.com/dp/B07MG8LB9J?tag=pcbuilder00-20
528,Kolink,PGW-CH-KOL-088,ATX Mid Tower,https://amazon.com/dp/B09DSVCH1B?tag=pcbuilder00-20
537,Thermaltake,H100 TG,ATX Mid Tower,https://amazon.com/dp/B07TTLR6QC?tag=pcbuilder00-20
551,Jonsbo,TR03-A,ATX Mid Tower,https://amazon.com/dp/B08KP2ZN33?tag=pcbuilder00-20
575.85,MSI,Sekira 500G,ATX Mid Tower,https://amazon.com/dp/B07V1NZ7TZ?tag=pcbuilder00-20
148.37,Thermaltake,CA-1X9-00SCWN-00,ATX Mini Tower,https://amazon.com/dp/B0CGW7HY7S?tag=pcbuilder00-20
280.2,SSUPD,SSU-MESH-S-BK-PCI4,ATX Mini Tower,https://amazon.com/dp/B0BJ61NFWW?tag=pcbuilder00-20
347.37,SSUPD,SSU-MESH-S-BU-PCI4,ATX Mini Tower,https://amazon.com/dp/B0BBF5VJH6?tag=pcbuilder00-20
31.53,CiT,CiTHOMERGB,MicroATX Mid Tower,https://amazon.com/dp/B08G571LHG?tag=pcbuilder00-20
49,RAIJINTEK Corporation,02R20B00135,MicroATX Mid Tower,https://amazon.com/dp/B07RHZPRQK?tag=pcbuilder00-20
49.21,Fractal Design,Core 1000,MicroATX Mid Tower,https://amazon.com/dp/B00CUSUV0O?tag=pcbuilder00-20
50,Thermaltake,Level 20 VT,MicroATX Mid Tower,https://amazon.com/dp/B07FDFZDDW?tag=pcbuilder00-20
54.99,Antec,CAA-NX200M-WH,MicroATX Mid Tower,https://amazon.com/dp/B0CG61R136?tag=pcbuilder00-20
59.99,Antec,0-761345-81027-2,MicroATX Mid Tower,https://amazon.com/dp/B094NK5M4M?tag=pcbuilder00-20
61.99,DeepCool,CH370 WH,MicroATX Mid Tower,https://amazon.com/dp/B0BJ646MXJ?tag=pcbuilder00-20
62.2,Cooler Master,MasterBox NR400,MicroATX Mid Tower,https://amazon.com/dp/B07PDT745F?tag=pcbuilder00-20
62.52,Antec,0-761345-80038-9,MicroATX Mid Tower,https://amazon.com/dp/B09GRCJFTC?tag=pcbuilder00-20
63.99,Cooler Master,MasterBox MB320L,MicroATX Mid Tower,https://amazon.com/dp/B0842T2KWZ?tag=pcbuilder00-20
64.99,SilverStone Technology,SST-PS15W-G,MicroATX Mid Tower,https://amazon.com/dp/B07XW3BVRM?tag=pcbuilder00-20
69.3,SilverStone Technology,SST-PS15B-G,MicroATX Mid Tower,https://amazon.com/dp/B07N1HL5PR?tag=pcbuilder00-20
69.99,AZZA,CSAZ-140 ELISE,MicroATX Mid Tower,https://amazon.com/dp/B09JSGYWD1?tag=pcbuilder00-20
72.39,Antec,VSK10 Window,MicroATX Mid Tower,https://amazon.com/dp/B07T8LJGRT?tag=pcbuilder00-20
74,Cooler Master,MasterBox Lite 3.1,MicroATX Mid Tower,https://amazon.com/dp/B075MYYFC8?tag=pcbuilder00-20
74,APEX LEGENDS,TX-606-U3,MicroATX Mid Tower,https://amazon.com/dp/B00BIBDOCG?tag=pcbuilder00-20
77.73,SilverStone Technology,SST-PS15B-RGB,MicroATX Mid Tower,https://amazon.com/dp/B07SNFQVYS?tag=pcbuilder00-20
79,Raijintek,Ophion M,MicroATX Mid Tower,https://amazon.com/dp/B07RM58MT3?tag=pcbuilder00-20
79.99,Lian Li,LANCOOL 205M MESH BLACK,MicroATX Mid Tower,https://amazon.com/dp/B0B5TG9BP1?tag=pcbuilder00-20
79.99,Thermaltake,CA-1R1-00S1WN-02,MicroATX Mid Tower,https://amazon.com/dp/B09Q4KTNF4?tag=pcbuilder00-20
79.99,Antec,Dark Phantom DP301M,MicroATX Mid Tower,https://amazon.com/dp/B07N7J9WG9?tag=pcbuilder00-20
79.99,Thermaltake,Divider 170 TG ARGB,MicroATX Mid Tower,https://amazon.com/dp/B0B8X433RM?tag=pcbuilder00-20
79.99,Thermaltake,CA-1S4-00S6WN-00,MicroATX Mid Tower,https://amazon.com/dp/B0B8X4YV2K?tag=pcbuilder00-20
82.5,Fractal Design,FD-C-POS1M-01,MicroATX Mid Tower,https://amazon.com/dp/B08KTMP31V?tag=pcbuilder00-20
84.79,DeepCool,CH370,MicroATX Mid Tower,https://amazon.com/dp/B0BJ6D6MPJ?tag=pcbuilder00-20
89.99,Cooler Master,MasterBox MB311L,MicroATX Mid Tower,https://amazon.com/dp/B0842TKK19?tag=pcbuilder00-20
89.99,Fractal Design,FD-CA-DEF-MINI-C-BK,MicroATX Mid Tower,https://amazon.com/dp/B01N05CPU8?tag=pcbuilder00-20
93.19,IN WIN,CE685.FH300TB3,MicroATX Mid Tower,https://amazon.com/dp/B00J8LZDSG?tag=pcbuilder00-20
93.98,Fractal Design,FD-C-POR1M-06,MicroATX Mid Tower,https://amazon.com/dp/B08T1XD4V2?tag=pcbuilder00-20
93.98,Fractal Design,FD-C-POR1M-01,MicroATX Mid Tower,https://amazon.com/dp/B08KTM9L6P?tag=pcbuilder00-20
98.79,Thermaltake,V150,MicroATX Mid Tower,https://amazon.com/dp/B08DHCBBG1?tag=pcbuilder00-20
99.99,Lian Li,LANCOOL 205M,MicroATX Mid Tower,https://amazon.com/dp/B085YFY32L?tag=pcbuilder00-20
99.99,Fractal Design,FD-C-MES2M-02,MicroATX Mid Tower,https://amazon.com/dp/B09ZYK16L9?tag=pcbuilder00-20
102.28,Fractal Design,FD-C-MES2M-01,MicroATX Mid Tower,https://amazon.com/dp/B09ZYJ7TQ1?tag=pcbuilder00-20
109.99,Phanteks,Eclipse P400A,MicroATX Mid Tower,https://amazon.com/dp/B07TTDW9KV?tag=pcbuilder00-20
111.5,Lian Li,LANCOOL 205M,MicroATX Mid Tower,https://amazon.com/dp/B08R7S4C3P?tag=pcbuilder00-20
124.99,Fractal Design,Node 804,MicroATX Mid Tower,https://amazon.com/dp/B00K6OVG0I?tag=pcbuilder00-20
129.99,Thermaltake,CA-1R4-00S1WN-00,MicroATX Mid Tower,https://amazon.com/dp/B08KBTYQJL?tag=pcbuilder00-20
129.99,Thermaltake,AH T200 Snow,MicroATX Mid Tower,https://amazon.com/dp/B08K9DX622?tag=pcbuilder00-20
129.99,Thermaltake,CA-1R4-00SAWN-00,MicroATX Mid Tower,https://amazon.com/dp/B08NXYG26J?tag=pcbuilder00-20
129.99,Thermaltake,CA-1R4-00SCWN-00,MicroATX Mid Tower,https://amazon.com/dp/B09Q7H58MB?tag=pcbuilder00-20
129.99,Thermaltake,CA-1R4-00SBWN-00,MicroATX Mid Tower,https://amazon.com/dp/B09Q7SNB49?tag=pcbuilder00-20
159.99,Corsair,Crystal 280X,MicroATX Mid Tower,https://amazon.com/dp/B07CJTKDZQ?tag=pcbuilder00-20
167.27,SilverStone Technology,SST-ALG1MW,MicroATX Mid Tower,https://amazon.com/dp/B09M9FLWRK?tag=pcbuilder00-20
179.99,CORSAIR,CRYSTAL 280X RGB,MicroATX Mid Tower,https://amazon.com/dp/B07CL9TCLN?tag=pcbuilder00-20
191.59,SilverStone Technology,SST-PS15B-PRO,MicroATX Mid Tower,https://amazon.com/dp/B08L8MWJ14?tag=pcbuilder00-20
200.17,Corsair,Crystal 280X,MicroATX Mid Tower,https://amazon.com/dp/B07CJTHWTK?tag=pcbuilder00-20
230,BITFENIX,Colossus,MicroATX Mid Tower,https://amazon.com/dp/B00HRRJC58?tag=pcbuilder00-20
278,Cooler Master,MasterBox NR400,MicroATX Mid Tower,https://amazon.com/dp/B07QP88F8B?tag=pcbuilder00-20
366.13,SilverStone Technology,SST-CS351B,MicroATX Mid Tower,https://amazon.com/dp/B09VKJNYLW?tag=pcbuilder00-20
44.99,Thermaltake,Versa H17,MicroATX Mini Tower,https://amazon.com/dp/B0797GHT9F?tag=pcbuilder00-20
46.99,DIYPC,8541610603,MicroATX Mini Tower,https://amazon.com/dp/B01JMXKV04?tag=pcbuilder00-20
46.99,DIYPC,DIY-F2-O,MicroATX Mini Tower,https://amazon.com/dp/B01JN7X1UQ?tag=pcbuilder00-20
49.99,Thermaltake,CA-1J4-00S1WN-01,MicroATX Mini Tower,https://amazon.com/dp/B079G3TNDM?tag=pcbuilder00-20
49.99,DIYPC,F2 MicroATX,MicroATX Mini Tower,https://amazon.com/dp/B01JN1N620?tag=pcbuilder00-20
53.44,DIYPC,ARGB-Q3-Pink,MicroATX Mini Tower,https://amazon.com/dp/B0CD6432X5?tag=pcbuilder00-20
55,Fractal Design,Core 1100,MicroATX Mini Tower,https://amazon.com/dp/B00NPIL6GQ?tag=pcbuilder00-20
56.81,Fractal Design,Focus G,MicroATX Mini Tower,https://amazon.com/dp/B072JC4SCN?tag=pcbuilder00-20
57,COUGAR,MG130-G,MicroATX Mini Tower,https://amazon.com/dp/B07Y5HZ9WM?tag=pcbuilder00-20
57.22,Cooler Master,Master N200,MicroATX Mini Tower,https://amazon.com/dp/B00CUZP0SU?tag=pcbuilder00-20
59.03,DeepCool,MATREXX 40,MicroATX Mini Tower,https://amazon.com/dp/B08SDS2Q9J?tag=pcbuilder00-20
59.8,DIYPC,ARGB-Q01-BK,MicroATX Mini Tower,https://amazon.com/dp/B0CHQVVSS7?tag=pcbuilder00-20
59.99,SilverStone Technology,SST-FAH1MB-G,MicroATX Mini Tower,https://amazon.com/dp/B08ZMR3V5Z?tag=pcbuilder00-20
61.88,COUGAR,MG120-XTC400,MicroATX Mini Tower,https://amazon.com/dp/B08CTPV2HN?tag=pcbuilder00-20
61.99,DeepCool,MACUBE 110,MicroATX Mini Tower,https://amazon.com/dp/B08GWS9916?tag=pcbuilder00-20
62.53,Fractal Design,FD-CA-CORE-1000-BL,MicroATX Mini Tower,https://amazon.com/dp/B0074V2UXI?tag=pcbuilder00-20
62.55,Antec,VSK3000 ELITE,MicroATX Mini Tower,https://amazon.com/dp/B07931Y1CM?tag=pcbuilder00-20
62.99,DIYPC,ARGB-Q01-W,MicroATX Mini Tower,https://amazon.com/dp/B0CHQXV8XS?tag=pcbuilder00-20
64.92,Thermaltake,Versa H15,MicroATX Mini Tower,https://amazon.com/dp/B01CLIZ698?tag=pcbuilder00-20
64.99,Thermaltake,Core V21,MicroATX Mini Tower,https://amazon.com/dp/B00PDDMN6S?tag=pcbuilder00-20
65.38,Enermax,MarbleShell M MS20,MicroATX Mini Tower,https://amazon.com/dp/B08DJC9533?tag=pcbuilder00-20
65.97,DeepCool,MACUBE 110 WH,MicroATX Mini Tower,https://amazon.com/dp/B08GWZV8KF?tag=pcbuilder00-20
66.49,Cooler Master,Q300L,MicroATX Mini Tower,https://amazon.com/dp/B0785GRMPG?tag=pcbuilder00-20
66.82,AeroCool,ACCS-PV20013.11,MicroATX Mini Tower,https://amazon.com/dp/B081DJ4536?tag=pcbuilder00-20
70.11,SilverStone Technology,PS16B,MicroATX Mini Tower,https://amazon.com/dp/B07VVMP874?tag=pcbuilder00-20
70.45,Zalman,M3 PLUS,MicroATX Mini Tower,https://amazon.com/dp/B084ZX3NKY?tag=pcbuilder00-20
72.99,SilverStone Technology,SST-ML11B,MicroATX Mini Tower,https://amazon.com/dp/B0B7ZZFL7Y?tag=pcbuilder00-20
73.99,DeepCool,R-CC360-WHAPM3-G-1,MicroATX Mini Tower,https://amazon.com/dp/B0C4V4ZCYB?tag=pcbuilder00-20
74.07,SilverStone Technology,SST-FAH1MW-G,MicroATX Mini Tower,https://amazon.com/dp/B097HJW96F?tag=pcbuilder00-20
74.25,Kolink,SATELLITE,MicroATX Mini Tower,https://amazon.com/dp/B017E64OQS?tag=pcbuilder00-20
74.99,Apevia,Prodigy,MicroATX Mini Tower,https://amazon.com/dp/B08DP6TZ3P?tag=pcbuilder00-20
74.99,Apevia,Prodigy,MicroATX Mini Tower,https://amazon.com/dp/B08DP7RGJQ?tag=pcbuilder00-20
74.99,Apevia,Prodigy,MicroATX Mini Tower,https://amazon.com/dp/B08DPVYQXW?tag=pcbuilder00-20
74.99,ASUS,AP201/BLK/TG//,MicroATX Mini Tower,https://amazon.com/dp/B0C5LK9L62?tag=pcbuilder00-20
74.99,ASUS,AP201/BLK/MESH//,MicroATX Mini Tower,https://amazon.com/dp/B0B99HTD3B?tag=pcbuilder00-20
76.28,DeepCool,MATREXX 40 3FS,MicroATX Mini Tower,https://amazon.com/dp/B091GNF5GG?tag=pcbuilder00-20
79.9,BITFENIX,4.71E+12,MicroATX Mini Tower,https://amazon.com/dp/B09FLNYBNB?tag=pcbuilder00-20
79.9,COUGAR,CGR-5JM8W-AIR-RGB,MicroATX Mini Tower,https://amazon.com/dp/B09NZR1T4F?tag=pcbuilder00-20
79.99,GAMDIAS,GD-TALOS E1,MicroATX Mini Tower,https://amazon.com/dp/B07PX2VJNK?tag=pcbuilder00-20
79.99,ASUS,AP201/WHT/MESH//,MicroATX Mini Tower,https://amazon.com/dp/B0B99J7T35?tag=pcbuilder00-20
79.99,Rosewill,SPECTRA C101,MicroATX Mini Tower,https://amazon.com/dp/B0B4FZ5W9X?tag=pcbuilder00-20
80.23,IN WIN,EM048,MicroATX Mini Tower,https://amazon.com/dp/B00JC8NZC6?tag=pcbuilder00-20
80.3,IN WIN,Chassis BK623TB3,MicroATX Mini Tower,https://amazon.com/dp/B00JDRYJ8A?tag=pcbuilder00-20
82.41,SilverStone Technology,SG04B-F,MicroATX Mini Tower,https://amazon.com/dp/B002TLST2Y?tag=pcbuilder00-20
82.99,COUGAR,MG110,MicroATX Mini Tower,https://amazon.com/dp/B074R3RJDD?tag=pcbuilder00-20
83.95,Antec,P5,MicroATX Mini Tower,https://amazon.com/dp/B07GCJ9ND3?tag=pcbuilder00-20
84.35,IN WIN,CJ712.AU265TB3,MicroATX Mini Tower,https://amazon.com/dp/B081VV3SFH?tag=pcbuilder00-20
84.76,COUGAR,Gemini M Iron,MicroATX Mini Tower,https://amazon.com/dp/B07V9D3WZY?tag=pcbuilder00-20
86.22,Antec,NSK3100,MicroATX Mini Tower,https://amazon.com/dp/B00FB37N6K?tag=pcbuilder00-20
87.53,COUGAR,MG120,MicroATX Mini Tower,https://amazon.com/dp/B07Y5G9V6D?tag=pcbuilder00-20
89.25,Thermaltake,S100,MicroATX Mini Tower,https://amazon.com/dp/B0886LF1Q4?tag=pcbuilder00-20
91.93,Thermaltake,CA-1Q9-00S6WN-00,MicroATX Mini Tower,https://amazon.com/dp/B0886K75W2?tag=pcbuilder00-20
91.99,Lian Li,G99.OE744MS.10AM,MicroATX Mini Tower,https://amazon.com/dp/B0B5TF6S33?tag=pcbuilder00-20
94.99,ASUS,AP201/WHT/TG//,MicroATX Mini Tower,https://amazon.com/dp/B0C5LDGN1R?tag=pcbuilder00-20
95,IN WIN,IW-CS-A3BLK-1AM120S,MicroATX Mini Tower,https://amazon.com/dp/B0BF1F39FR?tag=pcbuilder00-20
96.64,SilverStone Technology,SST-FAH1MB-PRO,MicroATX Mini Tower,https://amazon.com/dp/B08ZMRGL5J?tag=pcbuilder00-20
97.03,Cooler Master,MCB-B320L-KGNN-S01,MicroATX Mini Tower,https://amazon.com/dp/B085G92WJH?tag=pcbuilder00-20
97.32,SilverStone Technology,SST-FAH1MW-PRO,MicroATX Mini Tower,https://amazon.com/dp/B09P8G7J7G?tag=pcbuilder00-20
97.95,IN WIN,K1 BASIC,MicroATX Mini Tower,https://amazon.com/dp/B007774L6I?tag=pcbuilder00-20
99.9,BITFENIX,4.71E+12,MicroATX Mini Tower,https://amazon.com/dp/B09FLRGFV9?tag=pcbuilder00-20
99.9,BITFENIX,Prodigy M 2022 ARGB,MicroATX Mini Tower,https://amazon.com/dp/B09FLPJGJM?tag=pcbuilder00-20
99.99,Fractal Design,Meshify Mini C,MicroATX Mini Tower,https://amazon.com/dp/B07BCGCPFH?tag=pcbuilder00-20
103.61,SilverStone Technology,PS07B,MicroATX Mini Tower,https://amazon.com/dp/B006L6ZHAU?tag=pcbuilder00-20
103.99,Cooler Master,TD300-WGNN-S00,MicroATX Mini Tower,https://amazon.com/dp/B09JQF3HLH?tag=pcbuilder00-20
108,Antec,VSK3000E-U3,MicroATX Mini Tower,https://amazon.com/dp/B00IVZW2TS?tag=pcbuilder00-20
111.17,SilverStone Technology,SG11B,MicroATX Mini Tower,https://amazon.com/dp/B00U8IS830?tag=pcbuilder00-20
111.99,Thermaltake,CA-1V1-00S1WN-00,MicroATX Mini Tower,https://amazon.com/dp/B09MF9KL42?tag=pcbuilder00-20
114.87,Fractal Design,FD-C-DEF7M-01,MicroATX Mini Tower,https://amazon.com/dp/B08C2XKPNK?tag=pcbuilder00-20
115.04,AeroCool,ACCS-PQ05014.11,MicroATX Mini Tower,https://amazon.com/dp/B07H562933?tag=pcbuilder00-20
119.99,SilverStone Technology,SST-LD01B,MicroATX Mini Tower,https://amazon.com/dp/B07F15G26B?tag=pcbuilder00-20
123.27,Cooler Master,Silencio S400,MicroATX Mini Tower,https://amazon.com/dp/B07STP8MYP?tag=pcbuilder00-20
127,Chieftec,CI-01B-OP,MicroATX Mini Tower,https://amazon.com/dp/B01MYDU9SL?tag=pcbuilder00-20
133.62,Kolink,KLM-002,MicroATX Mini Tower,https://amazon.com/dp/B084BY393C?tag=pcbuilder00-20
136.52,SilverStone Technology,SST-RL08BR-RGB,MicroATX Mini Tower,https://amazon.com/dp/B07V2PSZ53?tag=pcbuilder00-20
139.99,Thermaltake,Divider 200 TG Snow,MicroATX Mini Tower,https://amazon.com/dp/B09J9ZK5N8?tag=pcbuilder00-20
149.99,Thermaltake,CA-1V1-00S6WN-01,MicroATX Mini Tower,https://amazon.com/dp/B09FNZPYSJ?tag=pcbuilder00-20
149.99,Thermaltake,CA-1V1-00S1WN-01,MicroATX Mini Tower,https://amazon.com/dp/B09HXSY57K?tag=pcbuilder00-20
156.42,SilverStone Technology,TJ08B-E,MicroATX Mini Tower,https://amazon.com/dp/B005DDCDH2?tag=pcbuilder00-20
156.67,SilverStone Technology,SST-SG12B-V2,MicroATX Mini Tower,https://amazon.com/dp/B077917W5F?tag=pcbuilder00-20
169.9,Geometric Future,GEO-M2-MB,MicroATX Mini Tower,https://amazon.com/dp/B0CFFF8WNG?tag=pcbuilder00-20
179.99,GAMDIAS,NESO P1 BW,MicroATX Mini Tower,https://amazon.com/dp/B0C8H8JP3C?tag=pcbuilder00-20
179.99,GAMDIAS,NESO P1 B,MicroATX Mini Tower,https://amazon.com/dp/B0C8H7JQV1?tag=pcbuilder00-20
179.99,GAMDIAS,NESO P1 W,MicroATX Mini Tower,https://amazon.com/dp/B0C8H8X5TP?tag=pcbuilder00-20
179.99,GAMDIAS,NESO P1 BR,MicroATX Mini Tower,https://amazon.com/dp/B0C8H8LYSZ?tag=pcbuilder00-20
192.09,Cooler Master,MasterBox MB400L,MicroATX Mini Tower,https://amazon.com/dp/B08GLBRCVJ?tag=pcbuilder00-20
192.82,Thermaltake,CA-1J4-00S1WN-00,MicroATX Mini Tower,https://amazon.com/dp/B077GFVY21?tag=pcbuilder00-20
193.08,SilverStone Technology,SST-CS330B,MicroATX Mini Tower,https://amazon.com/dp/B08DJBD27B?tag=pcbuilder00-20
202,Nanoxia,NXDS4B,MicroATX Mini Tower,https://amazon.com/dp/B00DSFEQKY?tag=pcbuilder00-20
207.15,SilverStone Technology,10181,MicroATX Mini Tower,https://amazon.com/dp/B08B8TXF3H?tag=pcbuilder00-20
226.99,Antec,0-761345-80034-1,MicroATX Mini Tower,https://amazon.com/dp/B08VH4QPFG?tag=pcbuilder00-20
229,Chieftec,BS-10B-300,MicroATX Mini Tower,https://amazon.com/dp/B09DL8WG2K?tag=pcbuilder00-20
247.83,RAIJINTEK Corporation,0R200036,MicroATX Mini Tower,https://amazon.com/dp/B013XQP2KU?tag=pcbuilder00-20
266,Kolink,Citadel,MicroATX Mini Tower,https://amazon.com/dp/B07QPY2SCW?tag=pcbuilder00-20
269.9,Geometric Future,GEO-M2-GG,MicroATX Mini Tower,https://amazon.com/dp/B0CFFKCDVJ?tag=pcbuilder00-20
336,Kolink,CITADEL MESH,MicroATX Mini Tower,https://amazon.com/dp/B08D6RPYFT?tag=pcbuilder00-20
359,Cooler Master,Silencio S400,MicroATX Mini Tower,https://amazon.com/dp/B07T472NTG?tag=pcbuilder00-20
393,Jonsbo,sm-944,MicroATX Mini Tower,https://amazon.com/dp/B0BCKB564L?tag=pcbuilder00-20
403.83,Sharkoon,4.04E+12,MicroATX Mini Tower,https://amazon.com/dp/B0976Y45XF?tag=pcbuilder00-20
412,Kolink,CITADEL MESH RGB WHITE,MicroATX Mini Tower,https://amazon.com/dp/B08TZRNSJL?tag=pcbuilder00-20
44.99,NZXT,H210,Mini ITX,https://amazon.com/dp/B07TB5QY87?tag=pcbuilder00-20
48.99,Thermaltake,Core V1,Mini ITX,https://amazon.com/dp/B00M2UKGSM?tag=pcbuilder00-20
49.99,NZXT,H210i,Mini ITX,https://amazon.com/dp/B07TC773SV?tag=pcbuilder00-20
49.99,NZXT,H210i,Mini ITX,https://amazon.com/dp/B07T81MDFP?tag=pcbuilder00-20
49.99,NZXT,H210i,Mini ITX,https://amazon.com/dp/B07T7L74D5?tag=pcbuilder00-20
54.99,GOLDEN FIELD,N-1,Mini ITX,https://amazon.com/dp/B076KC2SBQ?tag=pcbuilder00-20
55.19,Thermaltake,Core V1,Mini ITX,https://amazon.com/dp/B015UDUAKG?tag=pcbuilder00-20
57.99,SilverStone Technology,Pink SG13P,Mini ITX,https://amazon.com/dp/B07T7TFQMK?tag=pcbuilder00-20
59.66,SilverStone Technology,Ultra SG13B,Mini ITX,https://amazon.com/dp/B07MNC3JCB?tag=pcbuilder00-20
61,APEX LEGENDS,MI-008,Mini ITX,https://amazon.com/dp/B001H0BA24?tag=pcbuilder00-20
63.65,IN WIN,Chassis BP655,Mini ITX,https://amazon.com/dp/B00L5OT1QY?tag=pcbuilder00-20
64.99,Cooler Master,Elite 130,Mini ITX,https://amazon.com/dp/B00DJ6A88G?tag=pcbuilder00-20
66.83,SilverStone Technology,SG13B-Q,Mini ITX,https://amazon.com/dp/B00U8IS8BW?tag=pcbuilder00-20
66.95,SilverStone Technology,SG13B,Mini ITX,https://amazon.com/dp/B00U8IS89E?tag=pcbuilder00-20
67.32,SilverStone Technology,SG13WB,Mini ITX,https://amazon.com/dp/B0148P0EKI?tag=pcbuilder00-20
67.32,SilverStone Technology,SG05BB-LITE,Mini ITX,https://amazon.com/dp/B00CKNOVN2?tag=pcbuilder00-20
67.32,SilverStone Technology,SG05W-LITE,Mini ITX,https://amazon.com/dp/B00CKNOVLO?tag=pcbuilder00-20
72.99,Cooler Master,MasterBox NR200,Mini ITX,https://amazon.com/dp/B08BFJHP26?tag=pcbuilder00-20
72.99,Fractal Design,FD-C-MES2N-01,Mini ITX,https://amazon.com/dp/B09ZY9NB6Z?tag=pcbuilder00-20
73.67,Antec,ISK110 VESA-U3,Mini ITX,https://amazon.com/dp/B0095P21ZS?tag=pcbuilder00-20
74.03,Fractal Design,FD-C-MES2N-02,Mini ITX,https://amazon.com/dp/B09ZY98JSL?tag=pcbuilder00-20
79.07,IN WIN,BQ656T.AD150TB3,Mini ITX,https://amazon.com/dp/B01LVV6WVU?tag=pcbuilder00-20
79.99,Phanteks,Eclipse P200A,Mini ITX,https://amazon.com/dp/B091Y2J58B?tag=pcbuilder00-20
84.99,Thermaltake,CA-1R3-00S1WN-00,Mini ITX,https://amazon.com/dp/B08SQF9HGH?tag=pcbuilder00-20
89.35,SilverStone Technology,SST-SG16W,Mini ITX,https://amazon.com/dp/B09MW467GQ?tag=pcbuilder00-20
89.5,SilverStone Technology,SST-SG16B,Mini ITX,https://amazon.com/dp/B09MW4W2Z9?tag=pcbuilder00-20
89.99,SSUPD,Meshlicious TG White,Mini ITX,https://amazon.com/dp/B09CGM8TL4?tag=pcbuilder00-20
90,Rosewill,Legacy V3 Plus-B,Mini ITX,https://amazon.com/dp/B00H893XSM?tag=pcbuilder00-20
97.82,SilverStone Technology,SG05B-USB3.0,Mini ITX,https://amazon.com/dp/B008J0ZOUY?tag=pcbuilder00-20
98.63,NZXT,H210,Mini ITX,https://amazon.com/dp/B07TD9TKKZ?tag=pcbuilder00-20
98.74,Cooler Master,MasterBox NR200P,Mini ITX,https://amazon.com/dp/B08BDWSTG1?tag=pcbuilder00-20
99.99,Thermaltake,CA-1X9-00S1WN-00,Mini ITX,https://amazon.com/dp/B0C7SJVFVH?tag=pcbuilder00-20
99.99,Thermaltake,CA-1R3-00S6WN-00,Mini ITX,https://amazon.com/dp/B08SQBKTLK?tag=pcbuilder00-20
99.99,Phanteks,PH-ES217E_BK02,Mini ITX,https://amazon.com/dp/B08P2DRNMD?tag=pcbuilder00-20
99.99,darkFlash,86818,Mini ITX,https://amazon.com/dp/B09CYM2RPL?tag=pcbuilder00-20
99.99,Phanteks,Eclipse P200A,Mini ITX,https://amazon.com/dp/B091Y5HFKB?tag=pcbuilder00-20
99.99,Thermaltake,CA-1R3-00SBWN-00,Mini ITX,https://amazon.com/dp/B099ZF59MJ?tag=pcbuilder00-20
99.99,Thermaltake,CA-1R3-00SCWN-00,Mini ITX,https://amazon.com/dp/B099ZF1HQW?tag=pcbuilder00-20
100,RAIJINTEK Corporation,0R20B00104,Mini ITX,https://amazon.com/dp/B07H92D56V?tag=pcbuilder00-20
102.71,Fractal Design,Node 804,Mini ITX,https://amazon.com/dp/B009LHF4FO?tag=pcbuilder00-20
104,HYTE,CS-HYTE-REVOLT3-W,Mini ITX,https://amazon.com/dp/B09HZJHS9C?tag=pcbuilder00-20
104.99,Corsair,CC-9011245-WW,Mini ITX,https://amazon.com/dp/B0BW4PT5BT?tag=pcbuilder00-20
105.99,Fractal Design,FD-C-TOR1N-03,Mini ITX,https://amazon.com/dp/B08KTP6VT8?tag=pcbuilder00-20
106.99,ZZEW,A1P,Mini ITX,https://amazon.com/dp/B0B4WJT34G?tag=pcbuilder00-20
109.99,HYTE,CS-HYTE-REVOLT3-B,Mini ITX,https://amazon.com/dp/B09HZ2NCNT?tag=pcbuilder00-20
109.99,Phanteks,EVOLV SHIFT,Mini ITX,https://amazon.com/dp/B08P2C3TNJ?tag=pcbuilder00-20
111.13,Fractal Design,FD-CA-NODE-202-BK,Mini ITX,https://amazon.com/dp/B015MKDOPU?tag=pcbuilder00-20
111.83,Cooler Master,MasterBox NR200,Mini ITX,https://amazon.com/dp/B08CZNBKMP?tag=pcbuilder00-20
114.99,Cooler Master,MCB-NR200-KNNN-S00,Mini ITX,https://amazon.com/dp/B08BFJ8V8C?tag=pcbuilder00-20
118.47,SilverStone Technology,SG05W-USB3.0,Mini ITX,https://amazon.com/dp/B00ARB5EBC?tag=pcbuilder00-20
118.99,NZXT,H210,Mini ITX,https://amazon.com/dp/B07T94W9YS?tag=pcbuilder00-20
119.99,SilverStone Technology,LD03B,Mini ITX,https://amazon.com/dp/B07T332MK4?tag=pcbuilder00-20
119.99,Phanteks,Evolv Shift 2,Mini ITX,https://amazon.com/dp/B08P2C5G1S?tag=pcbuilder00-20
119.99,Corsair,CC-9011244-WW,Mini ITX,https://amazon.com/dp/B0BW4N75LD?tag=pcbuilder00-20
124,Raijintek,0R20B00221,Mini ITX,https://amazon.com/dp/B0BCNMYL16?tag=pcbuilder00-20
124.11,Lian Li,TU150,Mini ITX,https://amazon.com/dp/B07R4C2CJJ?tag=pcbuilder00-20
125.31,Fractal Design,FD-C-TOR1N-01,Mini ITX,https://amazon.com/dp/B08KTNYQTC?tag=pcbuilder00-20
125.73,IN WIN,IW-CS-CHOPINMAXGRE-PS200W,Mini ITX,https://amazon.com/dp/B0BGH9R7KT?tag=pcbuilder00-20
127.97,Thermaltake,CA-1X9-00S6WN-00,Mini ITX,https://amazon.com/dp/B0C7SHGZGN?tag=pcbuilder00-20
128,IN WIN,B1 PURE,Mini ITX,https://amazon.com/dp/B09MTQG2K9?tag=pcbuilder00-20
129.99,Cooler Master,MCB-NR200P-ACNN-S00,Mini ITX,https://amazon.com/dp/B096L2BLNR?tag=pcbuilder00-20
129.99,Thermaltake,Core P1,Mini ITX,https://amazon.com/dp/B06XFW9W43?tag=pcbuilder00-20
129.99,Thermaltake,CA-1X9-00SBWN-00,Mini ITX,https://amazon.com/dp/B0CGW67T3W?tag=pcbuilder00-20
129.99,Thermaltake,CA-1X9-00SEWN-00,Mini ITX,https://amazon.com/dp/B0CGW5W6L3?tag=pcbuilder00-20
130.23,SilverStone Technology,RVZ01B,Mini ITX,https://amazon.com/dp/B00I3EKXDE?tag=pcbuilder00-20
130.49,Cooler Master,MCB-NR200P-WGNN-S00,Mini ITX,https://amazon.com/dp/B08BF8YMXC?tag=pcbuilder00-20
133,Lian Li,TU150,Mini ITX,https://amazon.com/dp/B07R69SWHY?tag=pcbuilder00-20
133.25,Phanteks,PH-ES217A_AG02,Mini ITX,https://amazon.com/dp/B08P2C3T4Y?tag=pcbuilder00-20
136.21,HYTE,CS-HYTE-REVOLT3-WP,Mini ITX,https://amazon.com/dp/B0964CTPRG?tag=pcbuilder00-20
136.39,Fractal Design,Define Nano S,Mini ITX,https://amazon.com/dp/B01BEH1YMA?tag=pcbuilder00-20
136.83,SilverStone Technology,RVZ03B,Mini ITX,https://amazon.com/dp/B073HDFQKJ?tag=pcbuilder00-20
139.99,Corsair,CC-9011247-WW,Mini ITX,https://amazon.com/dp/B0BW4QC419?tag=pcbuilder00-20
139.99,Cooler Master,MasterCase H100,Mini ITX,https://amazon.com/dp/B085HCKPN4?tag=pcbuilder00-20
140,COUGAR,385QM90.0001,Mini ITX,https://amazon.com/dp/B09PJQNT48?tag=pcbuilder00-20
140.3,IN WIN,CHOPIN PRO,Mini ITX,https://amazon.com/dp/B096CBLR7T?tag=pcbuilder00-20
140.85,HYTE,CS-HYTE-REVOLT3-BP,Mini ITX,https://amazon.com/dp/B09CWXPT9D?tag=pcbuilder00-20
140.99,Phanteks,PH-ES121XT_DGS01,Mini ITX,https://amazon.com/dp/B09SKLM4L7?tag=pcbuilder00-20
143.59,Inter Tech,88887112,Mini ITX,https://amazon.com/dp/B00OYZOXSC?tag=pcbuilder00-20
143.75,Fractal Design,FD-C-RID1N-12,Mini ITX,https://amazon.com/dp/B0C2CRKPDC?tag=pcbuilder00-20
143.86,Fractal Design,FD-C-TOR1N-05,Mini ITX,https://amazon.com/dp/B09XR7VT85?tag=pcbuilder00-20
146.99,Lian Li,Q58W4,Mini ITX,https://amazon.com/dp/B09HBY28QD?tag=pcbuilder00-20
149.99,SilverStone Technology,CS01S,Mini ITX,https://amazon.com/dp/B019FN6D3K?tag=pcbuilder00-20
153.62,SilverStone Technology,SST-RVZ03B-ARGB-USA,Mini ITX,https://amazon.com/dp/B07WDFLTMG?tag=pcbuilder00-20
154.05,SilverStone Technology,V11 Silver,Mini ITX,https://amazon.com/dp/B08DF3WF4H?tag=pcbuilder00-20
155,Teenage Engineering,TE030AS001,Mini ITX,https://amazon.com/dp/B09KM9R7KJ?tag=pcbuilder00-20
157.95,IN WIN,IW-MS04-01-S265,Mini ITX,https://amazon.com/dp/B0167NCADS?tag=pcbuilder00-20
158.08,IN WIN,IW-CS-EXPLORER-JWHI,Mini ITX,https://amazon.com/dp/B09PJRVTDZ?tag=pcbuilder00-20
158.21,Lian Li,A4-H2O A4 SILVER,Mini ITX,https://amazon.com/dp/B09T74VNYS?tag=pcbuilder00-20
158.32,SilverStone Technology,SST-RVZ03W-ARGB,Mini ITX,https://amazon.com/dp/B07PBYWNS8?tag=pcbuilder00-20
159.9,COUGAR,385QM90.0003,Mini ITX,https://amazon.com/dp/B09KMVJCX6?tag=pcbuilder00-20
159.99,Razer,Tomahawk,Mini ITX,https://amazon.com/dp/B08G3PMRTG?tag=pcbuilder00-20
165.01,Fractal Design,FD-C-RID1N-11,Mini ITX,https://amazon.com/dp/B0C2CKPDG4?tag=pcbuilder00-20
169.99,Phanteks,PH-ES121XT_DBK01,Mini ITX,https://amazon.com/dp/B09SL8P15C?tag=pcbuilder00-20
174.31,SilverStone Technology,FTZ01B,Mini ITX,https://amazon.com/dp/B00WENHTC8?tag=pcbuilder00-20
179,ASUS,ROG Z11,Mini ITX,https://amazon.com/dp/B08LZXT5LK?tag=pcbuilder00-20
184.4,SilverStone Technology,CS01S-HS,Mini ITX,https://amazon.com/dp/B019FN6CZE?tag=pcbuilder00-20
185.93,SilverStone Technology,FTZ01S,Mini ITX,https://amazon.com/dp/B00WENHTNW?tag=pcbuilder00-20
186.86,Corsair,CC-9011246-WW,Mini ITX,https://amazon.com/dp/B0BW4PL5V6?tag=pcbuilder00-20
188.04,Raijintek,Metis Plus,Mini ITX,https://amazon.com/dp/B072BQPJNX?tag=pcbuilder00-20
189.49,SilverStone Technology,CS280B,Mini ITX,https://amazon.com/dp/B01LQZI9J6?tag=pcbuilder00-20
189.99,G.Skill,Z5i,Mini ITX,https://amazon.com/dp/B097PLLVKP?tag=pcbuilder00-20
192.02,SilverStone Technology,CS01B-HS,Mini ITX,https://amazon.com/dp/B0148P099E?tag=pcbuilder00-20
198.6,EVGA,110-MW-1002-K1,Mini ITX,https://amazon.com/dp/B00IKDFMN4?tag=pcbuilder00-20
199,IN WIN,A1 PLUS WHITE,Mini ITX,https://amazon.com/dp/B07RSD1KR4?tag=pcbuilder00-20
199.58,SilverStone Technology,SST-SG15S,Mini ITX,https://amazon.com/dp/B08QCS95MW?tag=pcbuilder00-20
199.99,SilverStone Technology,SST-SG15B,Mini ITX,https://amazon.com/dp/B08QCTJRRT?tag=pcbuilder00-20
204.28,SilverStone Technology,DS380B,Mini ITX,https://amazon.com/dp/B00IAELTAI?tag=pcbuilder00-20
209,Lian Li,A4-H2O X4 BLACK,Mini ITX,https://amazon.com/dp/B09T73JG49?tag=pcbuilder00-20
215.29,Lian Li,TU150A,Mini ITX,https://amazon.com/dp/B083JGWN4K?tag=pcbuilder00-20
220.54,Fractal Design,FD-C-TOR1N-02,Mini ITX,https://amazon.com/dp/B08KTMTTDP?tag=pcbuilder00-20
232.07,IN WIN,A1 Plus,Mini ITX,https://amazon.com/dp/B07RMLG667?tag=pcbuilder00-20
245,Lian Li,TU150X,Mini ITX,https://amazon.com/dp/B083FSNFNQ?tag=pcbuilder00-20
249.95,SSUPD,Meshlicious FM White PCIE4,Mini ITX,https://amazon.com/dp/B09CGQTTTR?tag=pcbuilder00-20
257,Cooler Master,MCB-NR200P-PCNN-S00,Mini ITX,https://amazon.com/dp/B095CTXGKG?tag=pcbuilder00-20
265.5,SSUPD,G99.OE759X.00,Mini ITX,https://amazon.com/dp/B099452DJ3?tag=pcbuilder00-20
269.7,DAN Cases,A4SFXV4-S,Mini ITX,https://amazon.com/dp/B07RZ4WPPQ?tag=pcbuilder00-20
288.8,MITXPC,SuperChassis 721TQ-350B2,Mini ITX,https://amazon.com/dp/B0921N2C83?tag=pcbuilder00-20
306.14,Streacom,ST-DA2S,Mini ITX,https://amazon.com/dp/B07M59ZWS8?tag=pcbuilder00-20
319.99,SilverStone Technology,CS01B,Mini ITX,https://amazon.com/dp/B012HF4FTC?tag=pcbuilder00-20
324.56,Streacom,ST-DA2V2S,Mini ITX,https://amazon.com/dp/B08L163Z89?tag=pcbuilder00-20
339.99,AZZA,PYRAMID MINI 806,Mini ITX,https://amazon.com/dp/B08HJ59574?tag=pcbuilder00-20
344.32,Streacom,ST-DA2V2B,Mini ITX,https://amazon.com/dp/B08L17D1L2?tag=pcbuilder00-20
374,Jonsbo,V11 Silver,Mini ITX,https://amazon.com/dp/B0BJZFY2CW?tag=pcbuilder00-20
423,RAIJINTEK,0R20B00213,Mini ITX,https://amazon.com/dp/B09S65MSSZ?tag=pcbuilder00-20
491.5,DAN Cases,A4SFXV4-B,Mini ITX,https://amazon.com/dp/B07RY6FL9D?tag=pcbuilder00-20
699.99,Lian Li,PC-Q37WX,Mini ITX,https://amazon.com/dp/B01N3JV58K?tag=pcbuilder00-20
