Price,Brand,Model,Chipset,Form factor,Socket type,Memory slots,Max memory support,Link
54.99,ASRock,A320M-HDV R4.0,AMD A320,Micro ATX,AM4,2,32,https://amazon.com/dp/B07MNSP7PB?tag=pcbuilder00-20
68.53,ASRock,H310CM-DVS,Intel H310,Micro ATX,LGA 1151,2,32,https://amazon.com/dp/B07G6MP3LC?tag=pcbuilder00-20
69.99,ASRock,B365M-HDV,Intel B365,Micro ATX,LGA 1151,2,32,https://amazon.com/dp/B07RTXH3PG?tag=pcbuilder00-20
71.52,ASRock,A620M-HDV/M.2+,AMD A620,Micro ATX,AM5,2,96,https://amazon.com/dp/B0C1ZZDZTJ?tag=pcbuilder00-20
71.99,ASRock,A520M-HDV,AMD A520,Micro ATX,AM4,2,64,https://amazon.com/dp/B08G1Y95SZ?tag=pcbuilder00-20
72.99,ASRock,B550M-HDV,AMD B550,Micro ATX,AM4,2,64,https://amazon.com/dp/B089W26FCB?tag=pcbuilder00-20
79.99,ASRock,B450M-HDV R4.0,AMD B450,Micro ATX,AM4,2,32,https://amazon.com/dp/B07MWGKHR9?tag=pcbuilder00-20
79.99,ASRock,B660M-HDV,Intel B660,Micro ATX,LGA 1700,2,64,https://amazon.com/dp/B09NZDGH1W?tag=pcbuilder00-20
81.94,ASRock,90-MXBE60-A0UAYZ,AMD A520,Micro ATX,AM4,2,64,https://amazon.com/dp/B08HKWLNPV?tag=pcbuilder00-20
84.99,ASRock,B550 PHANTOM GAMING 4,AMD B550,ATX,AM4,4,128,https://amazon.com/dp/B089VTZ83Q?tag=pcbuilder00-20
89.99,ASRock,B660M PRO RS,Intel B660,Micro ATX,LGA 1700,4,128,https://amazon.com/dp/B09NZPD6WD?tag=pcbuilder00-20
89.99,ASRock,Z590 STEEL LEGEND,Intel Z590,ATX,LGA 1200,4,128,https://amazon.com/dp/B08VH76S16?tag=pcbuilder00-20
90,ASRock,90-MXBG80-A0UAYZ,Intel H470,Micro ATX,LGA 1200,2,64,https://amazon.com/dp/B08XZQ4G3B?tag=pcbuilder00-20
91.61,ASRock,H610M-HVS,Intel H610,Micro ATX,LGA 1700,2,64,https://amazon.com/dp/B09QFVDD29?tag=pcbuilder00-20
91.63,ASRock,A620M-HDV/M.2,AMD A620,Micro ATX,AM5,2,96,https://amazon.com/dp/B0C1ZY1ZBH?tag=pcbuilder00-20
92.18,ASRock,90-MXBFY0-A0UAYZ,Intel B570,ATX,LGA 1200,4,128,https://amazon.com/dp/B08XNGLN2B?tag=pcbuilder00-20
94.22,ASRock,90-MXBFT0-A0UAYZ,Intel H510,Micro ATX,LGA 1200,2,64,https://amazon.com/dp/B08XNJNX5D?tag=pcbuilder00-20
94.75,ASRock,B365M PRO4,Intel B360,Micro ATX,LGA 1151,4,64,https://amazon.com/dp/B07MW7ZT1J?tag=pcbuilder00-20
94.87,ASRock,B550M PRO4,AMD B550,Micro ATX,AM4,4,128,https://amazon.com/dp/B089VY5WVM?tag=pcbuilder00-20
97,ASRock,B560M-HDV,Intel B560,Micro ATX,LGA 1200,2,64,https://amazon.com/dp/B08XNGQ1RT?tag=pcbuilder00-20
98.95,ASRock,H610M-HDV,Intel H610,Micro ATX,LGA 1700,2,64,https://amazon.com/dp/B09QFV94H5?tag=pcbuilder00-20
99.99,ASRock,970M PRO3,AMD 970,Micro ATX,AM3,4,64,https://amazon.com/dp/B00TOBQQTK?tag=pcbuilder00-20
102.12,ASRock,Z590 PRO4,Intel Z590,ATX,LGA 1200,4,128,https://amazon.com/dp/B08X1X4QFX?tag=pcbuilder00-20
102.18,ASRock,90-MXBDU0-A0UAYZ,AMD A520,Micro ATX,AM4,4,128,https://amazon.com/dp/B08G22JFHG?tag=pcbuilder00-20
104.99,ASRock,B550 PRO4,AMD B550,ATX,AM4,4,128,https://amazon.com/dp/B089W2ZTHF?tag=pcbuilder00-20
104.99,ASRock,A520M-ITX/AC,AMD A520,Mini ITX,AM4,2,64,https://amazon.com/dp/B08G1WLVR2?tag=pcbuilder00-20
106.32,ASRock,X370 PRO4,AMD X370,ATX,AM4,4,64,https://amazon.com/dp/B079VWKBTT?tag=pcbuilder00-20
107.18,ASRock,H570 PHANTOM GAMING 4,Intel H570,ATX,LGA 1200,4,128,https://amazon.com/dp/B08X12SQ6N?tag=pcbuilder00-20
108.93,ASRock,B550M Phantom Gaming 4,AMD B550,Micro ATX,AM4,4,128,https://amazon.com/dp/B08MXSQS49?tag=pcbuilder00-20
109.99,ASRock,B660 PRO RS,Intel B660,ATX,LGA 1700,4,128,https://amazon.com/dp/B09NZLRBNP?tag=pcbuilder00-20
109.99,ASRock,B650M-HDV/M.2,AMD B650,Micro ATX,AM5,2,96,https://amazon.com/dp/B0BY6YRT41?tag=pcbuilder00-20
113.58,ASRock,B760M-HDV/M.2,Intel B760,Micro ATX,LGA1700,2,96,https://amazon.com/dp/B0CG6B3YC6?tag=pcbuilder00-20
113.61,ASRock,B560 Pro4,Intel B560,ATX,LGA 1200,4,128,https://amazon.com/dp/B08VH3DX2N?tag=pcbuilder00-20
115.45,ASRock,H310CM-HDV,Intel H310,Micro ATX,LGA 1151,2,32,https://amazon.com/dp/B07PZFG21H?tag=pcbuilder00-20
115.99,ASRock,B760M-H/M.2,Intel B760,Micro ATX,LGA1700,2,96,https://amazon.com/dp/B0CBNN8PYT?tag=pcbuilder00-20
119.19,ASRock,90-MXBEE0-A0UAYZ,AMD B450,ATX,AM4,4,128,https://amazon.com/dp/B08YX38PCV?tag=pcbuilder00-20
119.99,ASRock,B760M PG RIPTIDE,AMD B760,Micro ATX,LGA 1700,4,128,https://amazon.com/dp/B0BQWPTZWD?tag=pcbuilder00-20
120.75,ASRock,B660M Phantom Gaming,Intel B660,Micro ATX,LGA 1700,4,128,https://amazon.com/dp/B09TYVTCL8?tag=pcbuilder00-20
121.9,ASRock,Z590 EXTREME,Intel Z590,ATX,LGA 1200,4,128,https://amazon.com/dp/B08XNKH8JJ?tag=pcbuilder00-20
121.99,ASRock,B550M-ITX/AC,AMD B550,Mini ITX,AM4,2,64,https://amazon.com/dp/B089VYCHMG?tag=pcbuilder00-20
123.4,ASRock,B450 Steel Legend,AMD B450,ATX,AM4,4,64,https://amazon.com/dp/B07MV7LR1B?tag=pcbuilder00-20
123.99,ASRock,X570 Phantom Gaming 4,AMD X570,ATX,AM4,4,128,https://amazon.com/dp/B07TGHV63W?tag=pcbuilder00-20
124.18,ASRock,B460M PRO4,Intel B460,Micro ATX,LGA 1200,4,128,https://amazon.com/dp/B088ZS6SDN?tag=pcbuilder00-20
124.99,ASRock,A620M PRO RS WIFI,AMD A620,Micro ATX,AM5,4,192,https://amazon.com/dp/B0C2114HTX?tag=pcbuilder00-20
127.09,ASRock,H570M Pro4,Intel H570,Micro ATX,LGA 1200,4,128,https://amazon.com/dp/B08X1TDPV8?tag=pcbuilder00-20
127.99,ASRock,Z590 STEEL LEGEND WIFI 6E,Intel Z590,ATX,LGA 1200,4,128,https://amazon.com/dp/B08W4ZSS35?tag=pcbuilder00-20
128.57,ASRock,B550 PHANTOM GAMING 4 AC,AMD B550,ATX,AM4,4,128,https://amazon.com/dp/B089VZFWHB?tag=pcbuilder00-20
129.45,ASRock,B560M STEEL LEGEND,Intel B560,Micro ATX,LGA 1200,4,128,https://amazon.com/dp/B08XXSJ6YN?tag=pcbuilder00-20
129.99,ASRock,Z690M Phantom Gaming 4,Intel Z690,Micro ATX,LGA 1700,4,128,https://amazon.com/dp/B09JM7GDVT?tag=pcbuilder00-20
129.99,ASRock,H670 PG RIPTIDE,Intel H670,ATX,LGA 1700,4,128,https://amazon.com/dp/B09PYPQ15J?tag=pcbuilder00-20
131.99,ASRock,Z690 PHANTOM GAMING 4,Intel Z690,ATX,LGA 1700,4,128,https://amazon.com/dp/B09JM75LV6?tag=pcbuilder00-20
132.26,ASRock,90-MXB7K0-A0UAYZ,AMD X470,Mini ITX,AM4,2,32,https://amazon.com/dp/B07CJP25WY?tag=pcbuilder00-20
133.73,ASRock,B660M STEEL LEGEND,Intel B660,Micro ATX,LGA 1700,4,128,https://amazon.com/dp/B09QFSBR8X?tag=pcbuilder00-20
133.99,ASRock,X570 Steel Legend,AMD X570,ATX,AM4,4,128,https://amazon.com/dp/B07THJ8JSD?tag=pcbuilder00-20
135.66,ASRock,H510M-ITX/AC,Intel H510,Mini ITX,LGA 1200,2,64,https://amazon.com/dp/B08XNHLHZB?tag=pcbuilder00-20
138.33,ASRock,A620M Pro RS,AMD A620,Micro ATX,AM5,4,192,https://amazon.com/dp/B0C39YS8DD?tag=pcbuilder00-20
139.99,ASRock,B550 STEEL LEGEND,AMD B550,ATX,AM4,4,128,https://amazon.com/dp/B089W8B8VY?tag=pcbuilder00-20
140.62,ASRock,B450 GAMING-ITX/AC,AMD B450,Mini ITX,AM4,2,32,https://amazon.com/dp/B07FVVNDFX?tag=pcbuilder00-20
141.52,ASRock,Z590M PRO4,Intel Z590,Micro ATX,LGA 1200,4,128,https://amazon.com/dp/B08X15BQC5?tag=pcbuilder00-20
144,ASRock,A320M-DVS R4.0,AMD A320,Micro ATX,AM4,2,32,https://amazon.com/dp/B07NJ337VW?tag=pcbuilder00-20
146.99,ASRock,B560M PRO4,Intel B560,Micro ATX,LGA 1200,4,128,https://amazon.com/dp/B08VH7Y1F8?tag=pcbuilder00-20
149,ASRock,B760M-HDV/M.2 D4,Intel B760,Micro ATX,LGA 1700,2,64,https://amazon.com/dp/B0BQWPKCTP?tag=pcbuilder00-20
149.99,ASRock,B450M Steel Legend,AMD B450,Micro ATX,AM4,4,64,https://amazon.com/dp/B07MV9BMNY?tag=pcbuilder00-20
149.99,ASRock,H670 STEEL LEGEND,Intel H670,ATX,LGA 1700,4,128,https://amazon.com/dp/B09QFV15T9?tag=pcbuilder00-20
154.99,ASRock,B550M STEEL LEGEND,AMD B550,Micro ATX,AM4,4,128,https://amazon.com/dp/B089W2Q2QC?tag=pcbuilder00-20
155,ASRock,Z490 PRO4,Intel Z490,ATX,LGA 1200,4,128,https://amazon.com/dp/B087TD675B?tag=pcbuilder00-20
155.99,ASRock,Z690 PHANTOM GAMING 4/D5,Intel Z690,ATX,LGA 1700,4,128,https://amazon.com/dp/B09JM8L7ZX?tag=pcbuilder00-20
156.15,ASRock,B450M PRO4-F,AMD B450,Micro ATX,AM4,4,64,https://amazon.com/dp/B07QXNJHV8?tag=pcbuilder00-20
156.99,ASRock,X570 Steel Legend WiFi AX,AMD X570,ATX,AM4,4,128,https://amazon.com/dp/B07WHHWBX5?tag=pcbuilder00-20
157.31,ASRock,B550 PG VELOCITA,AMD B550,ATX,AM4,4,128,https://amazon.com/dp/B089W55GQJ?tag=pcbuilder00-20
158.3,ASRock,H570M-ITX/AC,Intel H570,Mini ITX,LGA 1200,2,64,https://amazon.com/dp/B08XMSPQ4C?tag=pcbuilder00-20
158.35,ASRock,Z690M-ITX/AX,Intel Z690,Mini ITX,LGA 1700,2,64,https://amazon.com/dp/B09N6Y6DLH?tag=pcbuilder00-20
159.99,ASRock,B550 PHANTOM GAMING-ITX/AX,AMD B550,Mini ITX,AM4,2,64,https://amazon.com/dp/B089VRZ6JX?tag=pcbuilder00-20
163.19,ASRock,Z590 OC FORMULA,Intel Z590,Extended ATX,LGA 1200,2,64,https://amazon.com/dp/B097KZPT78?tag=pcbuilder00-20
163.99,ASRock,Z690 PG Riptide,Intel Z690,ATX,LGA 1700,4,128,https://amazon.com/dp/B09JM81VX4?tag=pcbuilder00-20
164.92,ASRock,B550 EXTREME4,AMD B550,ATX,AM4,4,128,https://amazon.com/dp/B089RBYRD5?tag=pcbuilder00-20
165.46,ASRock,B560 STEEL LEGEND,Intel B560,ATX,LGA 1200,4,128,https://amazon.com/dp/B08XMSQK1P?tag=pcbuilder00-20
165.5,ASRock,Z690 PRO RS,Intel Z690,ATX,LGA 1700,4,128,https://amazon.com/dp/B09L3ZVBLD?tag=pcbuilder00-20
167.99,ASRock,B760 PRO RS,AMD B760,ATX,LGA 1700,4,128,https://amazon.com/dp/B0BQWRCNT8?tag=pcbuilder00-20
169.99,ASRock,X570 Phantom Gaming 4 WiFi AX,AMD X570,ATX,AM4,4,128,https://amazon.com/dp/B07WFDY8BG?tag=pcbuilder00-20
169.99,ASRock,B450 PRO4,AMD B450,ATX,AM4,4,64,https://amazon.com/dp/B07FVYKJHR?tag=pcbuilder00-20
169.99,ASRock,B650M PG RIPTIDE WIFI,AMD B650,Micro ATX,AM5,4,192,https://amazon.com/dp/B0BHZHV5V1?tag=pcbuilder00-20
169.99,ASRock,B760M STEEL LEGEND WIFI,AMD B650,Micro ATX,AM5,4,128,https://amazon.com/dp/B0BQWPLY57?tag=pcbuilder00-20
170.76,ASRock,Z590 EXTREME WIFI 6E,Intel Z590,ATX,LGA 1200,4,128,https://amazon.com/dp/B095MWDKLC?tag=pcbuilder00-20
171.99,ASRock,Z690 STEEL LEGEND,Intel Z690,ATX,LGA 1700,4,128,https://amazon.com/dp/B09JM6L6MH?tag=pcbuilder00-20
180.28,ASRock,X570 Pro4,AMD X570,ATX,AM4,4,128,https://amazon.com/dp/B07THYPNC1?tag=pcbuilder00-20
180.28,ASRock,B650M PG RIPTIDE,AMD B650,Micro ATX,AM5,4,128,https://amazon.com/dp/B0BHYV43QV?tag=pcbuilder00-20
181,ASRock,90-MXBG30-A0UAYZ,Intel H510,Micro ATX,LGA 1200,2,64,https://amazon.com/dp/B08XNHGNP8?tag=pcbuilder00-20
189.88,ASRock,B760M-ITX/D4 WIFI,Intel B760,Mini ITX,LGA 1700,2,64,https://amazon.com/dp/B0BQWQ9QPK?tag=pcbuilder00-20
189.99,ASRock,B550 TAICHI,AMD B550,ATX,AM4,4,128,https://amazon.com/dp/B089RBRJMF?tag=pcbuilder00-20
192.51,ASRock,Z590 PHANTOM GAMING-ITX/TB4,Intel Z590,Mini ITX,LGA 1200,2,64,https://amazon.com/dp/B09368Y98Q?tag=pcbuilder00-20
193,ASRock,A520M PG4,AMD A520,Micro ATX,AM4,4,128,https://amazon.com/dp/B08P344D2C?tag=pcbuilder00-20
193,ASRock,B460 STEEL LEGEND,Intel B460,ATX,LGA 1200,4,128,https://amazon.com/dp/B088ZS6S7T?tag=pcbuilder00-20
193.02,ASRock,Z590M-ITX/AX,Intel Z590,Mini ITX,LGA 1200,2,64,https://amazon.com/dp/B08X1MQL1L?tag=pcbuilder00-20
196.99,ASRock,Z690 Extreme WiFi 6E,Intel Z690,ATX,LGA 1700,4,128,https://amazon.com/dp/B09L7RQZVP?tag=pcbuilder00-20
198.42,ASRock,B760 PRO RS/D4,Intel B760,ATX,LGA 1700,4,128,https://amazon.com/dp/B0BQWRCYNX?tag=pcbuilder00-20
209.97,ASRock,Z690 EXTREME,Intel Z690,ATX,LGA 1700,4,128,https://amazon.com/dp/B09JM81HF2?tag=pcbuilder00-20
209.99,ASRock,Z790 PRO RS/D4,Intel Z790,ATX,LGA 1700,4,128,https://amazon.com/dp/B0BJDYY863?tag=pcbuilder00-20
213.24,ASRock,B650 PG LIGHTNING,AMD B650,ATX,AM5,4,128,https://amazon.com/dp/B0BH4M6ZL9?tag=pcbuilder00-20
219.99,ASRock,B650 PRO RS,AMD B650,ATX,AM5,4,128,https://amazon.com/dp/B0BH4KPQP8?tag=pcbuilder00-20
230.99,ASRock,X370 Killer,AMD X370,ATX,AM4,4,64,https://amazon.com/dp/B06X9CN71V?tag=pcbuilder00-20
240,ASRock,H470M PRO4,Intel H470,Micro ATX,LGA 1200,4,128,https://amazon.com/dp/B088ZW4Y62?tag=pcbuilder00-20
245.99,ASRock,Z690 PHANTOM GAMING-ITX/TB4,Intel Z690,Mini ITX,LGA 1700,2,64,https://amazon.com/dp/B09SHPV76R?tag=pcbuilder00-20
246.99,ASROCK,X570 Phantom Gaming-ITX/TB3,AMD X570,Mini ITX,AM4,2,64,https://amazon.com/dp/B07VXYYG7F?tag=pcbuilder00-20
248.74,ASRock,Z790 PG LIGHTNING,Intel Z790,ATX,LGA 1700,4,128,https://amazon.com/dp/B0BJDZRGRW?tag=pcbuilder00-20
248.99,ASRock,X570 Extreme4,AMD X570,ATX,AM4,4,128,https://amazon.com/dp/B07TK31ZY7?tag=pcbuilder00-20
249.34,ASRock,AB350 GAMING K4,AMD B350,ATX,AM4,4,64,https://amazon.com/dp/B06WWC7C1D?tag=pcbuilder00-20
249.99,ASRock,Z370 PRO4,Intel Z370,ATX,LGA 1151,4,64,https://amazon.com/dp/B07639M7MY?tag=pcbuilder00-20
249.99,ASRock,Z790 PRO RS,Intel Z790,ATX,LGA 1700,4,128,https://amazon.com/dp/B0BJDZ4YZR?tag=pcbuilder00-20
257.32,ASRock,H470 STEEL LEGEND,Intel H470,ATX,LGA 1200,4,128,https://amazon.com/dp/B088ZRQ55G?tag=pcbuilder00-20
257.84,ASRock,Z590 PG VELOCITA,Intel Z590,ATX,LGA 1200,4,128,https://amazon.com/dp/B08XMS493G?tag=pcbuilder00-20
258.33,ASRock,Z790M-ITX WIFI,Intel Z790,Mini ITX,LGA 1700,2,64,https://amazon.com/dp/B0BJF1H163?tag=pcbuilder00-20
259,ASRock,Z490 Taichi,Intel Z490,ATX,LGA 1200,4,128,https://amazon.com/dp/B087TBBTGN?tag=pcbuilder00-20
267.49,ASRock,B650E PG RIPTIDE WIFI,AMD B650,ATX,AM5,4,128,https://amazon.com/dp/B0BHDR53BR?tag=pcbuilder00-20
274.01,ASRock,X299 Steel Legend,Intel X299,ATX,LGA 2066,8,256,https://amazon.com/dp/B07ZSSTSDB?tag=pcbuilder00-20
276.48,ASRock,90-MXBKF0-A0UAYZ,Intel Z790,ATX,LGA 1700,4,128,https://amazon.com/dp/B0BJYYFP3X?tag=pcbuilder00-20
282.94,ASRock,X470D4U,AMD X470,Micro ATX,AM4,4,64,https://amazon.com/dp/B07PNFTPGB?tag=pcbuilder00-20
289,ASRock,X670E PG LIGHTNING,AMD X670E,ATX,AM5,4,128,https://amazon.com/dp/B0BGPH2LQJ?tag=pcbuilder00-20
289.99,ASRock,Z790 STEEL LEGEND WIFI,Intel Z790,ATX,LGA 1700,4,128,https://amazon.com/dp/B0BJF1RS19?tag=pcbuilder00-20
294.98,ASRock,Z590 PHANTOM GAMING 4,Intel Z590,ATX,LGA 1200,4,128,https://amazon.com/dp/B08X16V58L?tag=pcbuilder00-20
299.99,ASRock,X670E STEEL LEGEND,AMD X670E,ATX,AM5,4,128,https://amazon.com/dp/B0BGPCH9C3?tag=pcbuilder00-20
309,ASRock,X670E PRO RS,AMD X670E,ATX,AM5,4,128,https://amazon.com/dp/B0BGPCNSGZ?tag=pcbuilder00-20
309.99,ASRock,Z690 PG VELOCITA,Intel Z690,ATX,LGA 1700,4,128,https://amazon.com/dp/B09JM86C21?tag=pcbuilder00-20
311.52,ASRock,X570 CREATOR,AMD X570,ATX,AM4,4,128,https://amazon.com/dp/B07WNN67HK?tag=pcbuilder00-20
313.92,ASRock,Z490 Phantom Gaming Velocita,Intel Z490,ATX,LGA 1200,4,128,https://amazon.com/dp/B087TMJ5YS?tag=pcbuilder00-20
319.99,ASRock,Z490 Extreme4,Intel Z490,ATX,LGA 1200,4,128,https://amazon.com/dp/B087TKQ4RS?tag=pcbuilder00-20
329.99,ASRock,Z690 TAICHI,Intel Z690,ATX,LGA 1700,4,128,https://amazon.com/dp/B09JM6ZR9L?tag=pcbuilder00-20
336.39,ASRock,H410M-ITX/ac,Intel H410,Mini ITX,LGA 1200,2,64,https://amazon.com/dp/B08911KTB3?tag=pcbuilder00-20
341.1,ASRock,X299 CREATOR,Intel X299,ATX,LGA 2066,8,256,https://amazon.com/dp/B081JWN6CT?tag=pcbuilder00-20
343,ASRock,Z490 Phantom Gaming-ITX/TB3,Intel Z490,Mini ITX,LGA 1200,2,64,https://amazon.com/dp/B0888RJ3S5?tag=pcbuilder00-20
349.99,ASRock,X370 GAMING X,AMD X370,ATX,AM4,4,64,https://amazon.com/dp/B072QS9BH4?tag=pcbuilder00-20
350,ASRock,Z270 PRO4,Intel Z270,ATX,LGA 1151,4,64,https://amazon.com/dp/B01NCEGBY5?tag=pcbuilder00-20
365,ASRock,Z390M PRO4,Intel Z390,Micro ATX,LGA 1151,4,128,https://amazon.com/dp/B07HYR7CKR?tag=pcbuilder00-20
372.27,ASRock,X570D4U,AMD X570,Micro ATX,AM4,4,128,https://amazon.com/dp/B08XBPKXKJ?tag=pcbuilder00-20
378.54,ASRock,90-MXB7F0-A0UAYZ,AMD X470,ATX,AM4,4,64,https://amazon.com/dp/B07C1M3WGV?tag=pcbuilder00-20
382.04,ASRock,X299 WSI/IPMI,Intel X299,Mini ITX,LGA 2066,4,64,https://amazon.com/dp/B07SG7X37P?tag=pcbuilder00-20
388.45,ASRock,Z490 Steel Legend,Intel Z490,ATX,LGA 1200,4,128,https://amazon.com/dp/B087TFWLWS?tag=pcbuilder00-20
400,ASRock,Z390 PHANTOM GAMING 4S,Intel Z390,ATX,LGA 1151,4,128,https://amazon.com/dp/B07RJC17CR?tag=pcbuilder00-20
409.99,ASRock,X399M TAICHI,AMD X399,Micro ATX,sTR4,4,64,https://amazon.com/dp/B079Z8W61Z?tag=pcbuilder00-20
418.15,ASRock,Z790 PG-ITX/TB4,Intel Z790,Mini ITX,LGA 1700,2,64,https://amazon.com/dp/B0BJYY8TBJ?tag=pcbuilder00-20
451.27,ASRock,Z590 TAICHI,Intel Z590,ATX,LGA 1200,4,128,https://amazon.com/dp/B08XNHDFJ8?tag=pcbuilder00-20
492.95,ASRock,X470D4U2-2T,AMD X470,Micro ATX,AM4,4,64,https://amazon.com/dp/B07W99M96C?tag=pcbuilder00-20
499.99,ASRock,Z790 TAICHI CARRARA,Intel Z790,Extended ATX,LGA 1700,4,128,https://amazon.com/dp/B0BJZF7XNW?tag=pcbuilder00-20
500,ASRock,Z370 GAMING K6,Intel Z370,ATX,LGA 1151,4,64,https://amazon.com/dp/B07638HG43?tag=pcbuilder00-20
517,ASRock,X670E TAICHI,AMD X670E,Extended ATX,AM5,4,128,https://amazon.com/dp/B0BGPF7K2P?tag=pcbuilder00-20
556,ASRock,X299 Taichi CLX,Intel X299,ATX,LGA 2066,8,256,https://amazon.com/dp/B07ZQKJXCG?tag=pcbuilder00-20
561.74,ASRock,H270 PRO4,Intel H270,ATX,LGA 1151,4,64,https://amazon.com/dp/B01MTUYV3T?tag=pcbuilder00-20
599,ASRock,X670E TAICHI CARRARA,AMD X670E,Extended ATX,AM5,4,128,https://amazon.com/dp/B0BGPGH6WG?tag=pcbuilder00-20
700,ASRock,Z270 Killer SLI,Intel Z290,ATX,LGA 1151,4,64,https://amazon.com/dp/B01N6NWA0L?tag=pcbuilder00-20
727.64,ASRock,X570 EXTREME4 WIFI AX,AMD X570,ATX,AM4,4,128,https://amazon.com/dp/B07WJMGMFL?tag=pcbuilder00-20
780,ASRock,Z390 EXTREME4,Intel Z390,ATX,LGA 1151,4,128,https://amazon.com/dp/B07HYBMRW4?tag=pcbuilder00-20
925.37,ASRock,X570 Phantom Gaming X,AMD X570,ATX,AM4,4,128,https://amazon.com/dp/B07THYPNC9?tag=pcbuilder00-20
4988.48,ASRock,X299E-ITX/AC,Intel X299,Mini ITX,LGA 2066,4,128,https://amazon.com/dp/B075KJJ93M?tag=pcbuilder00-20
65.99,ASUS,PRIME A320M-K,AMD A320,Micro ATX,AM4,2,32,https://amazon.com/dp/B06ZY2F35X?tag=pcbuilder00-20
79.99,ASUS,PRIME A520M-A II/CSM,AMD A520,Micro ATX,AM4,4,128,https://amazon.com/dp/B0997CGDLQ?tag=pcbuilder00-20
85.99,ASUS,PRIME H510M-E,Intel H510,Micro ATX,LGA 1200,2,64,https://amazon.com/dp/B08WRX47LN?tag=pcbuilder00-20
92.99,ASUS,90MB18F0-M0EAYC,AMD A520,Micro ATX,AM4,2,64,https://amazon.com/dp/B0979QCJXK?tag=pcbuilder00-20
99,ASUS,PRIME A320M-A,AMD A320,Micro ATX,AM4,4,64,https://amazon.com/dp/B073WCCWSX?tag=pcbuilder00-20
99.64,ASUS,PRIME B365M-A,Intel B365,Micro ATX,LGA 1151,4,64,https://amazon.com/dp/B07Q29M7Z8?tag=pcbuilder00-20
99.99,ASUS,TUF GAMING A520M-PLUS WIFI,AMD A520,Micro ATX,AM4,4,128,https://amazon.com/dp/B0997N7P12?tag=pcbuilder00-20
99.99,ASUS,H610M-E D4,Intel H610,Micro ATX,LGA 1700,2,64,https://amazon.com/dp/B09NWCZC1N?tag=pcbuilder00-20
101.85,ASUS,90MB1600-M0EAY0,AMD B450,Micro ATX,AM4,2,64,https://amazon.com/dp/B08K96B2CT?tag=pcbuilder00-20
101.99,ASUS,PROH610M-CTD4-CSM,Intel H610,Micro ATX,LGA 1700,2,64,https://amazon.com/dp/B09XJQHN2H?tag=pcbuilder00-20
105.46,ASUS,Pro B660M-C D4-CSM,Intel B660,Micro ATX,LGA 1700,4,128,https://amazon.com/dp/B09Q3JCMGT?tag=pcbuilder00-20
107,ASUS,H610M-A D4-CSM,Intel H610,Micro ATX,LGA 1700,2,64,https://amazon.com/dp/B09NWFMM9G?tag=pcbuilder00-20
108.99,ASUS,PRIME H610I-PLUS D4-CSM,Intel H610,Mini ITX,LGA 1700,2,64,https://amazon.com/dp/B09XJQTQN1?tag=pcbuilder00-20
109,ASUS,PRIME H410M-E,Intel H410,Micro ATX,LGA 1200,2,64,https://amazon.com/dp/B087M5DFJJ?tag=pcbuilder00-20
114.75,ASUS,PRIME B550M-A/CSM,AMD B550,Micro ATX,AM4,4,128,https://amazon.com/dp/B088VVN85S?tag=pcbuilder00-20
119,ASUS,PRIME Z590-A,Intel Z590,ATX,LGA 1200,4,128,https://amazon.com/dp/B08SYWZW4S?tag=pcbuilder00-20
119.99,ASUS,TUF GAMING B450-PLUS II,AMD B450,ATX,AM4,4,128,https://amazon.com/dp/B08LCP4N8Q?tag=pcbuilder00-20
119.99,ASUS,PRIME Z590-P,Intel Z590,ATX,LGA 1200,4,128,https://amazon.com/dp/B08VGXKB9T?tag=pcbuilder00-20
119.99,ASUS,PRO B560M-CT/CSM,Intel B560,Micro ATX,LGA 1200,4,128,https://amazon.com/dp/B0979RYQ87?tag=pcbuilder00-20
119.99,ASUS,PRIME B560-PLUS,Intel B560,ATX,LGA 1200,4,128,https://amazon.com/dp/B08WRMG17M?tag=pcbuilder00-20
121,ASUS,PRO B550M-C/CSM,AMD B550,Micro ATX,AM4,4,128,https://amazon.com/dp/B08TMV9FW5?tag=pcbuilder00-20
126,ASUS,PRIME H310M-K R2.0,Intel H310,Micro ATX,LGA 1151,2,32,https://amazon.com/dp/B07G347C82?tag=pcbuilder00-20
128.99,ASUS,PRIME B660M-A D4,Intel B660,Micro ATX,LGA 1700,4,128,https://amazon.com/dp/B09NWF1JQC?tag=pcbuilder00-20
129.99,ASUS,PRIME B560M-A,Intel B560,Micro ATX,LGA 1200,4,128,https://amazon.com/dp/B08W726FGL?tag=pcbuilder00-20
129.99,ASUS,PRIME A620M-A-CSM,AMD A620,Micro ATX,AM5,4,192,https://amazon.com/dp/B0C3ZLCSVP?tag=pcbuilder00-20
131.22,ASUS,TUF Gaming B450M-PLUS II,AMD B450,Micro ATX,AM4,4,128,https://amazon.com/dp/B08KGXBNLR?tag=pcbuilder00-20
131.88,ASUS,TUF Gaming Z590-Plus WiFi,Intel Z590,ATX,LGA 1200,4,128,https://amazon.com/dp/B08T6H14RR?tag=pcbuilder00-20
134.99,ASUS,PRIME B550-PLUS,AMD B550,ATX,AM4,4,128,https://amazon.com/dp/B089CT5GDM?tag=pcbuilder00-20
134.99,ASUS,PRIME Z590M-PLUS,Intel Z590,Micro ATX,LGA 1200,4,128,https://amazon.com/dp/B08VLNX5Q9?tag=pcbuilder00-20
134.99,ASUS,PRIME Z590-V,Intel Z590,ATX,LGA 1200,4,128,https://amazon.com/dp/B0916P7CP5?tag=pcbuilder00-20
135,ASUS,PRIME H310M-C R2.0/CSM,Intel H310,Micro ATX,LGA 1151,2,32,https://amazon.com/dp/B07KKP3638?tag=pcbuilder00-20
135.99,ASUS,B450M-A/CSM,AMD B450,Micro ATX,AM4,4,64,https://amazon.com/dp/B07FKV5HWJ?tag=pcbuilder00-20
136.09,ASUS,PRIME B560M-A AC,Intel B560,Micro ATX,LGA 1200,4,128,https://amazon.com/dp/B09CC1RBH9?tag=pcbuilder00-20
137.62,ASUS,Q570M-C/CSM,Intel Q570,Micro ATX,LGA 1200,4,128,https://amazon.com/dp/B09322DLZS?tag=pcbuilder00-20
137.94,ASUS,90MB1510-M0EAY0,AMD A520,Micro ATX,AM4,2,64,https://amazon.com/dp/B08DQB8WH5?tag=pcbuilder00-20
139,ASUS,A520M-A/CSM,AMD A520,Micro ATX,AM4,4,128,https://amazon.com/dp/B08HNFDFWC?tag=pcbuilder00-20
139.4,ASUS,TUF B450 PLUS,AMD B450,ATX,AM4,4,64,https://amazon.com/dp/B07FMVJT1H?tag=pcbuilder00-20
139.99,ASUS,TUF GAMING B550-PLUS,AMD B550,ATX,AM4,4,128,https://amazon.com/dp/B088W57M4J?tag=pcbuilder00-20
139.99,ASUS,PRIME B550M-A WIFI II,AMD B550,Micro ATX,AM4,4,128,https://amazon.com/dp/B0B5M97W1T?tag=pcbuilder00-20
139.99,ASUS,Pro B760M-CT-CSM,Intel B760,Micro ATX,LGA 1700,4,128,https://amazon.com/dp/B0BR8YT3ZX?tag=pcbuilder00-20
139.99,ASUS,PRIME B660-PLUS D4,Intel B660,ATX,LGA 1700,4,128,https://amazon.com/dp/B09NWDQ1TH?tag=pcbuilder00-20
139.99,ASUS,PRIME B660M-A WIFI D4,Intel B660,Micro ATX,LGA 1700,4,128,https://amazon.com/dp/B09Q3LCN7J?tag=pcbuilder00-20
139.99,ASUS,PRIME A620-PLUS WIFI,AMD A620,ATX,AM5,4,192,https://amazon.com/dp/B0CBQW2C41?tag=pcbuilder00-20
140.6,ASUS,H570M-PLUS/CSM,Intel H570,Micro ATX,LGA 1200,4,128,https://amazon.com/dp/B08WR3DBWL?tag=pcbuilder00-20
142.89,ASUS,124568,Intel B660,Micro ATX,LGA 1700,4,128,https://amazon.com/dp/B09NWBDXT6?tag=pcbuilder00-20
143.95,ASUS,A320I-K,AMD A320,Mini ITX,AM4,2,32,https://amazon.com/dp/B07VHQYGPP?tag=pcbuilder00-20
144.63,ASUS,PRIME B760M-K D4,Intel B760,Micro ATX,LGA 1700,2,64,https://amazon.com/dp/B0BR8SGYXP?tag=pcbuilder00-20
147.94,ASUS,B550M-A AC,AMD B550,Micro ATX,AM4,4,128,https://amazon.com/dp/B07VHJ34W7?tag=pcbuilder00-20
149.79,ASUS,PRIME B550M-A (WI-FI),AMD B550,Micro ATX,AM4,4,128,https://amazon.com/dp/B081PZTZ4B?tag=pcbuilder00-20
149.99,ASUS,PRIME X570-P,AMD X570,ATX,AM4,4,128,https://amazon.com/dp/B07SW925DR?tag=pcbuilder00-20
149.99,ASUS,TUF GAMING B550M-PLUS,AMD B550,Micro ATX,AM4,4,128,https://amazon.com/dp/B088W66DQ7?tag=pcbuilder00-20
149.99,ASUS,TUF GAMING B550-PRO,AMD B550,ATX,AM4,4,128,https://amazon.com/dp/B08Y5GPKJR?tag=pcbuilder00-20
149.99,ASUS,PRIME Z590-P WIFI,Intel Z590,ATX,LGA 1200,4,128,https://amazon.com/dp/B093275C7X?tag=pcbuilder00-20
149.99,ASUS,PRIME B760M-A D4,Intel B760,Micro ATX,LGA 1700,4,128,https://amazon.com/dp/B0BR8S9KTT?tag=pcbuilder00-20
149.99,ASUS,PRIME Z690-P D4,Intel Z690,ATX,LGA 1700,4,128,https://amazon.com/dp/B09J1R2HNR?tag=pcbuilder00-20
149.99,ASUS,TUF GAMING A620M-PLUS WIFI,AMD A620,Micro ATX,AM5,4,192,https://amazon.com/dp/B0C3ZPLNTH?tag=pcbuilder00-20
150,ASUS,90MB13U0-M0EAY0,Intel H410,Micro ATX,LGA 1200,2,64,https://amazon.com/dp/B088W88N1J?tag=pcbuilder00-20
150,ASUS,PRIME H670-PLUS D4,Intel H670,ATX,LGA 1700,4,128,https://amazon.com/dp/B09NWG5BRR?tag=pcbuilder00-20
152.2,ASUS,PRIME H410M-K,Intel H410,Micro ATX,LGA 1200,2,64,https://amazon.com/dp/B088WG8YNB?tag=pcbuilder00-20
153.99,ASUS,PRIME B760M-A,Intel B760,Micro ATX,LGA1700,4,192,https://amazon.com/dp/B0C3ZNL5XS?tag=pcbuilder00-20
159.99,ASUS,ROG STRIX B550-F GAMING,AMD B550,ATX,AM4,4,128,https://amazon.com/dp/B088W7RKVZ?tag=pcbuilder00-20
159.99,ASUS,TUF GAMING B550M-PLUS WIFI II,AMD B550,Micro ATX,AM4,4,128,https://amazon.com/dp/B09WJMC995?tag=pcbuilder00-20
159.99,ASUS,PRIME H770-PLUS D4,Intel H770,ATX,LGA 1700,4,128,https://amazon.com/dp/B0BR8W9RD2?tag=pcbuilder00-20
159.99,ASUS,PRIME B760-PLUS D4,Intel B760,ATX,LGA 1700,4,128,https://amazon.com/dp/B0BR8TRM93?tag=pcbuilder00-20
163.15,ASUS,Prime B660M-K D4,Intel B660,Micro ATX,LGA 1700,2,64,https://amazon.com/dp/B09P3T6KSZ?tag=pcbuilder00-20
163.99,ASUS,PRIME B760M-A AX,Intel B760,Micro ATX,LGA1700,4,128,https://amazon.com/dp/B0BZTB5LKJ?tag=pcbuilder00-20
166,ASUS,90MB0V10-M0EAY0,AMD A320,Micro ATX,AM4,2,64,https://amazon.com/dp/B074KZRL8Q?tag=pcbuilder00-20
168.11,ASUS,B660M-A AC D4,Intel B660,Micro ATX,LGA 1700,4,128,https://amazon.com/dp/B09NWDSV2H?tag=pcbuilder00-20
168.99,ASUS,TUF Gaming B550-PLUS WiFi II,AMD B550,ATX,AM4,4,128,https://amazon.com/dp/B09K4QMPL9?tag=pcbuilder00-20
169,ASUS,PRIME H510M-A/CSM,Intel H510,Micro ATX,LGA 1200,2,64,https://amazon.com/dp/B08W6SZQ8N?tag=pcbuilder00-20
169.9,ASUS,90MB0VG0-M0EAYM,AMD A320,Micro ATX,AM4,4,64,https://amazon.com/dp/B0771L77V7?tag=pcbuilder00-20
169.99,ASUS,ROG STRIX Z590-E,Intel Z590,ATX,LGA 1200,4,128,https://amazon.com/dp/B08T6HTXF9?tag=pcbuilder00-20
169.99,ASUS,PRIME B760M-A AX D4,Intel B760,Micro ATX,LGA 1700,4,128,https://amazon.com/dp/B0BR8SH6PD?tag=pcbuilder00-20
169.99,ASUS,Z690M-PLUS D4,Intel Z690,Micro ATX,LGA 1700,4,128,https://amazon.com/dp/B09JRW446Z?tag=pcbuilder00-20
169.99,ASUS,Prime Z690M-PLUS D4,Intel Z690,Micro ATX,LGA 1700,4,128,https://amazon.com/dp/B09JW2JZCK?tag=pcbuilder00-20
169.99,ASUS,TUF GAMING B660M-PLUS WIFI D4,Intel B660,Micro ATX,LGA 1700,4,128,https://amazon.com/dp/B09NWC8BZX?tag=pcbuilder00-20
174.99,ASUS,ROG STRIX B550-F GAMING WIFI II,AMD B550,ATX,AM4,4,128,https://amazon.com/dp/B09GP7P1XS?tag=pcbuilder00-20
179.99,ASUS,TUF GAMING X570-PLUS (WI-FI),AMD X570,ATX,AM4,4,128,https://amazon.com/dp/B07SXF8GY3?tag=pcbuilder00-20
179.99,ASUS,PRO Q670M-C-CSM,Intel Q670,Micro ATX,LGA 1700,4,128,https://amazon.com/dp/B09WJNX3ZT?tag=pcbuilder00-20
179.99,ASUS,PRIME B650M-A-CSM,AMD B650,Micro ATX,AM5,4,128,https://amazon.com/dp/B0BPRK5WVM?tag=pcbuilder00-20
180,ASUS,PRIME H310M-E R2.0,Intel H310,Micro ATX,LGA 1151,2,32,https://amazon.com/dp/B07GNQK5NP?tag=pcbuilder00-20
180.35,ASUS,GAMING H570-PRO WIFI,Intel H570,ATX,LGA 1200,4,128,https://amazon.com/dp/B08WRBXYJ9?tag=pcbuilder00-20
180.98,ASUS,PRIME Z690-P,Intel Z690,ATX,LGA 1700,4,128,https://amazon.com/dp/B09J1RGBRK?tag=pcbuilder00-20
181.49,ASUS,TUF GAMING Z590-PLUS,Intel Z590,ATX,LGA 1200,4,128,https://amazon.com/dp/B08VLNY3FG?tag=pcbuilder00-20
181.8,ASUS,ROG Strix B550-A Gaming,AMD B550,ATX,AM4,4,128,https://amazon.com/dp/B08F9VP2RC?tag=pcbuilder00-20
182.26,ASUS,PRIME B450-PLUS,AMD B450,ATX,AM4,4,64,https://amazon.com/dp/B07FKT5CTH?tag=pcbuilder00-20
184.5,ASUS,B85M-G,Intel B85,Micro ATX,LGA 1150,4,32,https://amazon.com/dp/B00CRJU3JA?tag=pcbuilder00-20
185,ASUS,Z590 WIFI GUNDAM EDITION,Intel Z590,ATX,LGA 1200,4,128,https://amazon.com/dp/B097S432TX?tag=pcbuilder00-20
186,ASUS,90MB12J0-M0AAY0,Intel B460,Micro ATX,LGA 1200,4,128,https://amazon.com/dp/B087M19S5P?tag=pcbuilder00-20
189.99,ASUS,TUF GAMING B760M-PLUS WIFI D4,Intel B760,Micro ATX,LGA 1700,4,128,https://amazon.com/dp/B0BR8TRLRB?tag=pcbuilder00-20
193.63,ASUS,ProArt B660-Creator D4,Intel B660,ATX,LGA 1700,4,128,https://amazon.com/dp/B09NWCTDTL?tag=pcbuilder00-20
199,ASUS,PRIME B550M-K,AMD B550,Micro ATX,AM4,4,128,https://amazon.com/dp/B07WJ371HH?tag=pcbuilder00-20
199.9,ASUS,90MB0X80-M0EAY0,Intel H310,Micro ATX,LGA 1151,2,32,https://amazon.com/dp/B07BRKKJT7?tag=pcbuilder00-20
199.9,ASUS,H110M-K,Intel H110,Micro ATX,LGA 1151,2,32,https://amazon.com/dp/B017UL7NKQ?tag=pcbuilder00-20
199.95,ASUS,PRIME B450M,AMD B450,Micro ATX,AM4,4,64,https://amazon.com/dp/B07F6YQV4J?tag=pcbuilder00-20
199.99,ASUS,PRIME X570-PRO,AMD X570,ATX,AM4,4,128,https://amazon.com/dp/B07SW925DQ?tag=pcbuilder00-20
199.99,ASUS,M5A78L-M LX PLUS,AMD 760G,Micro ATX,AM3+,2,16,https://amazon.com/dp/B005WUUFBW?tag=pcbuilder00-20
199.99,ASUS,PRIME Z790M-PLUS D4,Intel Z790,Micro ATX,LGA 1700,4,128,https://amazon.com/dp/B0BHXSR2C5?tag=pcbuilder00-20
199.99,ASUS,TUF GAMING B760-PLUS WIFI,Intel B760,ATX,LGA1700,4,192,https://amazon.com/dp/B0BZT9KYNB?tag=pcbuilder00-20
199.99,ASUS,TUF GAMING H670-PRO WIFI D4,Intel H670,ATX,LGA 1700,4,128,https://amazon.com/dp/B09NWFPC34?tag=pcbuilder00-20
199.99,ASUS,B660-A GAMING WIFI D4,Intel B660,ATX,LGA 1700,4,128,https://amazon.com/dp/B09NWDYPHN?tag=pcbuilder00-20
199.99,ASUS,ROG Strix B660-I GAMING WIFI,Intel B660,Mini ITX,LGA 1700,2,64,https://amazon.com/dp/B09MGD93ZV?tag=pcbuilder00-20
199.99,ASUS,PRIME B650M-A AX,AMD B650,Micro ATX,AM5,4,128,https://amazon.com/dp/B0BHMVFS77?tag=pcbuilder00-20
199.99,ASUS,PRIME B650-PLUS,AMD B650,ATX,AM5,4,128,https://amazon.com/dp/B0BHMVMMJC?tag=pcbuilder00-20
202.67,ASUS,90MB1610-M0EAY0,AMD B450,Micro ATX,AM4,4,128,https://amazon.com/dp/B08K94HJYJ?tag=pcbuilder00-20
204.99,ASUS,PRIME Z790M-PLUS,Intel Z790,Micro ATX,LGA 1700,4,128,https://amazon.com/dp/B0BVX9MFBM?tag=pcbuilder00-20
206,ASUS,90MB17M0-M0EAY0,Intel H510,Micro ATX,LGA 1200,2,64,https://amazon.com/dp/B08CRQ1LPQ?tag=pcbuilder00-20
208.99,ASUS,ROG STRIX B550-I GAMING,AMD B550,Mini ITX,AM4,2,64,https://amazon.com/dp/B089D34SZT?tag=pcbuilder00-20
209.14,ASUS,ROG STRIX Z590-A GAMING WIFI,Intel Z590,ATX,LGA 1200,4,128,https://amazon.com/dp/B08T6C7892?tag=pcbuilder00-20
209.99,ASUS,TUF GAMING B760-PLUS WIFI D4,Intel B760,ATX,LGA 1700,4,128,https://amazon.com/dp/B0BR8TN1H4?tag=pcbuilder00-20
215.79,ASUS,ASUCMPB66TUF1,Intel B660,ATX,LGA1700,4,128,https://amazon.com/dp/B09P3SM7SY?tag=pcbuilder00-20
217.99,ASUS,PRIME Z690-P WIFI D4,Intel Z690,ATX,LGA 1700,4,128,https://amazon.com/dp/B09J1RGF19?tag=pcbuilder00-20
219.99,ASUS,TUF GAMING X570-PRO (WI-FI),AMD X570,ATX,AM4,4,128,https://amazon.com/dp/B08JWMPVD9?tag=pcbuilder00-20
219.99,ASUS,ROG STRIX B760-I GAMING WIFI,Intel Z790,Mini ITX,LGA 1700,4,64,https://amazon.com/dp/B0BR8TVLPL?tag=pcbuilder00-20
219.99,ASUS,PRIME Z690-A,Intel Z690,ATX,LGA 1700,4,128,https://amazon.com/dp/B09J1SD9J2?tag=pcbuilder00-20
219.99,ASUS,PRIME Z690-P WIFI,Intel Z690,ATX,LGA 1700,4,128,https://amazon.com/dp/B09J1S3K36?tag=pcbuilder00-20
219.99,ASUS,TUF GAMING Z690-PLUS WIFI,Intel Z690,ATX,LGA 1700,4,128,https://amazon.com/dp/B09RKTL5L3?tag=pcbuilder00-20
224.99,ASUS,ROG STRIX B760-A GAMING WIFI,Intel B760,ATX,LGA1700,4,192,https://amazon.com/dp/B0BZT9YDT8?tag=pcbuilder00-20
227.94,ASUS,TUF GAMING X570-PLUS,AMD X570,ATX,AM4,4,128,https://amazon.com/dp/B07SXFK1TP?tag=pcbuilder00-20
228,ASUS,Prime Z390-P,Intel Z390,ATX,LGA 1151,4,64,https://amazon.com/dp/B07HCT5GBD?tag=pcbuilder00-20
229,ASUS,TUF GAMING Z690-PLUS WIFI D4,Intel Z690,ATX,LGA 1700,4,128,https://amazon.com/dp/B09J1S2LDS?tag=pcbuilder00-20
229.9,ASUS,90MB0YP0-M0EAY0,AMD B450,Micro ATX,AM4,2,32,https://amazon.com/dp/B07F6XSD3S?tag=pcbuilder00-20
229.99,ASUS,ROG STRIX B450-F Gaming II,AMD B450,ATX,AM4,4,128,https://amazon.com/dp/B08KH1M1H4?tag=pcbuilder00-20
229.99,ASUS,ROG MAXIMUS XIII HERO,Intel Z590,ATX,LGA 1200,4,128,https://amazon.com/dp/B08T6BHQC8?tag=pcbuilder00-20
229.99,ASUS,PROART B760-CREATOR D4,Intel B760,ATX,LGA 1700,4,128,https://amazon.com/dp/B0BR8S21CS?tag=pcbuilder00-20
229.99,ASUS,ProArt B760-CREATOR WIFI,Intel B760,ATX,LGA1700,4,192,https://amazon.com/dp/B0CBQWVDP3?tag=pcbuilder00-20
229.99,ASUS,TUF GAMING B650M-PLUS WIFI,AMD B650,Micro ATX,AM5,4,128,https://amazon.com/dp/B0BHMW2L8B?tag=pcbuilder00-20
233.12,ASUS,B75M-PLUS,Intel B75,Micro ATX,LGA 1155,4,32,https://amazon.com/dp/B00F36C3D8?tag=pcbuilder00-20
236.21,ASUS,ROG STRIX B560-A GAMING WIFI,Intel B560,ATX,LGA 1200,4,128,https://amazon.com/dp/B08WRB9QRR?tag=pcbuilder00-20
239.02,ASUS,Prime Z790-P WiFi D4,Intel Z790,ATX,LGA 1700,4,128,https://amazon.com/dp/B0BG6ML17L?tag=pcbuilder00-20
239.99,ASUS,PROART B550-CREATOR,AMD B550,ATX,AM4,4,128,https://amazon.com/dp/B08ZS73B4Y?tag=pcbuilder00-20
239.99,ASUS,ROG STRIX B760-A GAMING WIFI D4,Intel B760,ATX,LGA 1700,4,128,https://amazon.com/dp/B0BR8VBFM2?tag=pcbuilder00-20
239.99,ASUS,TUF GAMING B650-PLUS WIFI,AMD B650,ATX,AM5,4,128,https://amazon.com/dp/B0BHN7GGBQ?tag=pcbuilder00-20
241.93,ASUS,TUF GAMING B760M-PLUS WIFI,Intel B760,Micro ATX,LGA 1700,4,128,https://amazon.com/dp/B0BZTB87BY?tag=pcbuilder00-20
244.72,ASUS,PRIME B360M-A,Intel B360,Micro ATX,LGA 1151,4,64,https://amazon.com/dp/B07BP6RGG6?tag=pcbuilder00-20
249.64,ASUS,ROG STRIX B450-F GAMING,AMD B450,ATX,AM4,4,64,https://amazon.com/dp/B07FKTZC4M?tag=pcbuilder00-20
249.99,ASUS,PRIME Z490-P,Intel Z490,ATX,LGA 1200,4,128,https://amazon.com/dp/B07ZT3F95V?tag=pcbuilder00-20
259,ASUS,ROG Strix X570-I Gaming,AMD X570,Mini ITX,AM4,2,64,https://amazon.com/dp/B07Y2PZTQ5?tag=pcbuilder00-20
259.99,ASUS,TUF GAMING B550-PLUS,AMD B550,ATX,AM4,4,128,https://amazon.com/dp/B08F9LP42S?tag=pcbuilder00-20
269.73,ASUS,PRIME X670-P,AMD X670,ATX,AM5,4,128,https://amazon.com/dp/B0BDTP8KX3?tag=pcbuilder00-20
269.94,ASUS,PROART B650-CREATOR,AMD B650,ATX,AM5,4,128,https://amazon.com/dp/B0BQD5WWRT?tag=pcbuilder00-20
269.99,ASUS,ROG STRIX B760-F GAMING WIFI,Intel B760,ATX,LGA 1700,4,128,https://amazon.com/dp/B0BR8W84MB?tag=pcbuilder00-20
274.99,ASUS,TUF GAMING Z790-PLUS WIFI,Intel Z790,ATX,LGA 1700,4,128,https://amazon.com/dp/B0BQD58D96?tag=pcbuilder00-20
276.85,ASUS,ROG STRIX X570-F GAMING,AMD X570,ATX,AM4,4,128,https://amazon.com/dp/B07SXDR2LJ?tag=pcbuilder00-20
278,ASUS,TUF Gaming Z490-PLUS (WI-FI),Intel Z490,ATX,LGA 1200,4,128,https://amazon.com/dp/B086QSD3M4?tag=pcbuilder00-20
278.19,ASUS,ROG Strix Z490-I Gaming,Intel Z490,Mini ITX,LGA 1200,2,64,https://amazon.com/dp/B086QSDZ4C?tag=pcbuilder00-20
279,ASUS,ROG STRIX Z690-A GAMING WIFI D4,Intel Z690,ATX,LGA 1200,4,128,https://amazon.com/dp/B09J1RM86X?tag=pcbuilder00-20
279.99,ASUS,TUF GAMING Z790-PRO WIFI,Intel Z790,ATX,LGA1700,4,192,https://amazon.com/dp/B0CJMVSRVF?tag=pcbuilder00-20
279.99,ASUS,ROG STRIX B650-A GAMING WIFI,AMD B650,ATX,AM5,4,128,https://amazon.com/dp/B0BHMW8R6S?tag=pcbuilder00-20
288.5,ASUS,TUF GAMING B550M-PLUS (WI-FI),AMD B550,Micro ATX,AM4,4,128,https://amazon.com/dp/B088VXTBWR?tag=pcbuilder00-20
288.99,ASUS,ROG STRIX B650E-F GAMING WIFI,AMD B650,ATX,AM5,4,128,https://amazon.com/dp/B0BHMTYZKZ?tag=pcbuilder00-20
289,ASUS,90MB0YQ0-M0EAY0,AMD B450,Micro ATX,AM4,4,64,https://amazon.com/dp/B07F6XBJVG?tag=pcbuilder00-20
289.99,ASUS,TUF Gaming Z790-Plus WiFi D4,Intel Z790,ATX,LGA 1700,4,128,https://amazon.com/dp/B0BG7DY6MT?tag=pcbuilder00-20
289.99,ASUS,PRIME X670-P WIFI,AMD X670,ATX,AM5,4,128,https://amazon.com/dp/B0BDTLXWQM?tag=pcbuilder00-20
290,ASUS,TUF GAMING Z490-PLUS,Intel Z490,ATX,LGA 1200,4,128,https://amazon.com/dp/B087YP3HBT?tag=pcbuilder00-20
293.99,ASUS,ProART Z490-CREATOR 10G,Intel Z490,ATX,LGA 1200,4,128,https://amazon.com/dp/B087YVMZ5K?tag=pcbuilder00-20
296.78,ASUS,ROG Strix B550-XE Gaming WiFi,AMD B550,ATX,AM4,4,128,https://amazon.com/dp/B08NRV2RQH?tag=pcbuilder00-20
298.88,ASUS,ROG STRIX B650E-I GAMING WIFI,AMD B650E,Mini ITX,AM5,2,96,https://amazon.com/dp/B0BP9LJBP8?tag=pcbuilder00-20
299.98,ASUS,M5A78L-M Plus/USB3,AMD 760G,Micro ATX,AM3+,4,32,https://amazon.com/dp/B01FN9QT34?tag=pcbuilder00-20
300,ASUS,PRIME Q370M,Intel Q370,Micro ATX,LGA 1151,4,64,https://amazon.com/dp/B07F1HMP52?tag=pcbuilder00-20
306,ASUS,904207393,Intel B660,ATX,LGA 1700,4,128,https://amazon.com/dp/B09NWD1SNQ?tag=pcbuilder00-20
309.5,ASUS,TUF Gaming B660M-E D4,Intel B660,Micro ATX,LGA 1700,4,128,https://amazon.com/dp/B09QL838LB?tag=pcbuilder00-20
309.99,ASUS,Prime Z790-A WiFi,Intel Z790,ATX,LGA 1700,4,128,https://amazon.com/dp/B0BG6NVPVG?tag=pcbuilder00-20
319.51,ASUS,ROG STRIX Z590-I GAMING WIFI,Intel Z590,Mini ITX,LGA 1200,2,64,https://amazon.com/dp/B08VL2GRS9?tag=pcbuilder00-20
319.99,ASUS,ROG STRIX Z690-F GAMING WIFI,Intel Z690,ATX,LGA 1700,4,128,https://amazon.com/dp/B09J1RMCR8?tag=pcbuilder00-20
321,ASUS,189875,Intel B660,Micro ATX,LGA1700,4,128,https://amazon.com/dp/B09P3S2W7C?tag=pcbuilder00-20
322.99,ASUS,ROG STRIX Z690-G GAMING WIFI,Intel Z690,Micro ATX,LGA 1700,4,128,https://amazon.com/dp/B09JRVXRJC?tag=pcbuilder00-20
327,ASUS,ROG STRIX X570-E GAMING WIFI II,AMD X570,ATX,AM4,4,128,https://amazon.com/dp/B09GP7V2W5?tag=pcbuilder00-20
329.99,ASUS,TUF GAMING X670E-PLUS WIFI,AMD X670E,ATX,AM5,4,128,https://amazon.com/dp/B0BDTJFHKJ?tag=pcbuilder00-20
339.99,ASUS,PRIME X670E-PRO WIFI,AMD X670,ATX,AM5,4,128,https://amazon.com/dp/B0BF6VKQP4?tag=pcbuilder00-20
343,ASUS,ROG STRIX Z790-A GAMING WIFI D4,Intel Z790,ATX,LGA 1700,4,128,https://amazon.com/dp/B0BHYFF4FK?tag=pcbuilder00-20
350.01,ASUS,Prime Z370-P,Intel Z370,ATX,LGA 1151,4,64,https://amazon.com/dp/B075RJHLBK?tag=pcbuilder00-20
350.28,ASUS,TUF Gaming Z690-PLUS D4,Intel Z690,ATX,LGA 1700,4,128,https://amazon.com/dp/B09JVZ8L5G?tag=pcbuilder00-20
350.64,ASUS,TUF GAMING X570-PRO WIFI II,AMD X570,ATX,AM4,4,128,https://amazon.com/dp/B09HDR1D7Z?tag=pcbuilder00-20
351.47,ASUS,ROG Crosshair VI Hero,AMD X370,ATX,AM4,4,64,https://amazon.com/dp/B072LX7WLN?tag=pcbuilder00-20
356.54,ASUS,ROG STRIX Z790-H GAMING WIFI,Intel Z790,ATX,LGA 1700,4,128,https://amazon.com/dp/B0BSP5WGKC?tag=pcbuilder00-20
359.99,ASUS,ROG STRIX Z790-A GAMING WIFI II,Intel Z790,ATX,LGA1700,4,192,https://amazon.com/dp/B0CJMR6652?tag=pcbuilder00-20
360,ASUS,ROG STRIX B550-E GAMING,AMD B550,ATX,AM4,4,128,https://amazon.com/dp/B088W4933P?tag=pcbuilder00-20
364.99,ASUS,ROG CROSSHAIR VIII HERO,AMD X570,ATX,AM4,4,128,https://amazon.com/dp/B07SYW3RT2?tag=pcbuilder00-20
369,ASUS,ROG MAXIMUS XIII APEX,Intel Z590,ATX,LGA 1200,2,64,https://amazon.com/dp/B0916Q713V?tag=pcbuilder00-20
369,ASUS,ROG STRIX B560-E GAMING WIFI,Intel B560,ATX,LGA1700,4,128,https://amazon.com/dp/B0966V6D4B?tag=pcbuilder00-20
374.99,ASUS,ROG STRIX B650E-E GAMING WIFI,AMD B650,ATX,AM5,4,128,https://amazon.com/dp/B0BHMTC99Q?tag=pcbuilder00-20
375,ASUS,Z97-C,Intel Z97,ATX,LGA 1150,4,32,https://amazon.com/dp/B00K2R6E4M?tag=pcbuilder00-20
380.75,ASUS,ROG CROSSHAIR VIII HERO (WI-FI),AMD X570,ATX,AM4,4,128,https://amazon.com/dp/B07SZXBTNW?tag=pcbuilder00-20
386.78,ASUS,ROG STRIX Z790-A GAMING WIFI,Intel Z790,ATX,LGA 1700,4,128,https://amazon.com/dp/B0BSP5MPC5?tag=pcbuilder00-20
389.99,ASUS,Prime Z790-P WiFi,Intel Z790,ATX,LGA 1700,4,128,https://amazon.com/dp/B0BG6LGNDB?tag=pcbuilder00-20
395,ASUS,ROG Strix B550-F Gaming,AMD B550,ATX,AM4,4,128,https://amazon.com/dp/B088VSTS9H?tag=pcbuilder00-20
395,ASUS,ROG STRIX X670E-F,AMD X670,ATX,AM5,4,128,https://amazon.com/dp/B0BDTK4SLH?tag=pcbuilder00-20
398.98,ASUS,ROG MAXIMUS X HERO (WI-FI AC),Intel Z370,ATX,LGA 1151,4,64,https://amazon.com/dp/B075RJ944T?tag=pcbuilder00-20
399.99,ASUS,ROG CROSSHAIR VIII FORMULA,AMD X570,ATX,AM4,4,128,https://amazon.com/dp/B07SYGHTCL?tag=pcbuilder00-20
399.99,ASUS,ROG STRIX Z690-E GAMING WIFI,Intel Z690,ATX,LGA 1700,4,128,https://amazon.com/dp/B09JS5DHSX?tag=pcbuilder00-20
399.99,ASUS,ROG STRIX Z690-I GAMING WIFI,Intel Z690,Mini ITX,LGA 1700,2,64,https://amazon.com/dp/B09JRW7FFK?tag=pcbuilder00-20
400,ASUS,Prime Z390-A,Intel Z390,ATX,LGA 1151,4,64,https://amazon.com/dp/B07HCY7K9L?tag=pcbuilder00-20
409.99,ASUS,TUF Z370 Plus Gaming,Intel Z370,ATX,LGA 1151,4,64,https://amazon.com/dp/B075RJ8WN2?tag=pcbuilder00-20
411.59,ASUS,90MB1CQ0-M0EAY0,Intel Z790,ATX,LGA1700,4,128,https://amazon.com/dp/B0BH95QL3L?tag=pcbuilder00-20
420.31,ASUS,ROG STRIX X670E-A GAMING WIFI,AMD X670E,ATX,AM5,4,128,https://amazon.com/dp/B0BDV6RR2K?tag=pcbuilder00-20
424.85,ASUS,ROG CROSSHAIR VIII IMPACT,AMD X570,Mini ITX,AM4,2,64,https://amazon.com/dp/B07Y2NMRBP?tag=pcbuilder00-20
429.99,ASUS,ROG STRIX Z790-I GAMING WIFI,Intel Z790,Mini ITX,LGA 1700,4,64,https://amazon.com/dp/B0BHXS6HLH?tag=pcbuilder00-20
429.99,ASUS,ROG STRIX Z790-F GAMING WIFI II,Intel Z790,ATX,LGA1700,4,192,https://amazon.com/dp/B0CJMVCDLF?tag=pcbuilder00-20
439,ASUS,ROG Crosshair VIII Dark Hero,AMD X570,ATX,AM4,4,128,https://amazon.com/dp/B08MTKJ6HM?tag=pcbuilder00-20
439.99,ASUS,PROART Z790-CREATOR WIFI,Intel Z790,ATX,LGA 1700,4,128,https://amazon.com/dp/B0BQD69ZSF?tag=pcbuilder00-20
442.99,ASUS,Pro WS X570-ACE,AMD X570,ATX,AM4,4,128,https://amazon.com/dp/B07SYWKXJV?tag=pcbuilder00-20
449.99,ASUS,ROG STRIX Z790-E GAMING WIFI II,Intel Z790,ATX,LGA1700,4,192,https://amazon.com/dp/B0CJMQ2S5M?tag=pcbuilder00-20
450,ASUS,TUF Z390M-Pro Gaming (Wi-Fi),Intel Z390,Micro ATX,LGA 1151,4,128,https://amazon.com/dp/B07HM3M1SP?tag=pcbuilder00-20
464.45,ASUS,ROG STRIX X670E-I GAMING WIFI,AMD X670E,Mini ITX,AM5,2,64,https://amazon.com/dp/B0BDTVCJF8?tag=pcbuilder00-20
471.31,ASUS,PRIME X370-PRO,AMD X370,ATX,AM4,4,64,https://amazon.com/dp/B06WD4N297?tag=pcbuilder00-20
479,ASUS,Z690-CREATOR WIFI,Intel Z690,ATX,LGA 1700,4,128,https://amazon.com/dp/B09JM6HDD3?tag=pcbuilder00-20
496,ASUS,ROG MAXIMUS XIII EXTREME,Intel Z590,Extended ATX,LGA 1200,4,128,https://amazon.com/dp/B0916QXMYX?tag=pcbuilder00-20
499,ASUS,ROG STRIX X670E-E GAMING WIFI,AMD X670E,ATX,AM5,4,128,https://amazon.com/dp/B0BDTHQTJV?tag=pcbuilder00-20
499,ASUS,Strix Z370-E Gaming,Intel Z370,ATX,LGA 1151,4,64,https://amazon.com/dp/B075RHWCC4?tag=pcbuilder00-20
499.99,ASUS,ROG MAXIMUS XII FORMULA,Intel Z490,ATX,LGA 1200,4,128,https://amazon.com/dp/B087LHPYT6?tag=pcbuilder00-20
499.99,ASUS,ROG Strix Z790-E Gaming,Intel Z790,ATX,LGA 1700,4,128,https://amazon.com/dp/B0BG6KQPWD?tag=pcbuilder00-20
500,ASUS,TUF Z390-Plus Gaming (Wi-Fi),Intel Z390,ATX,LGA 1151,4,64,https://amazon.com/dp/B07HCVFCGK?tag=pcbuilder00-20
504.63,ASUS,ROG Strix X299-E Gaming II,Intel X299,ATX,LGA 2066,8,256,https://amazon.com/dp/B07YD7GHJ6?tag=pcbuilder00-20
509.99,ASUS,WS X299 PRO/SE,Intel X299,ATX,LGA 2066,8,128,https://amazon.com/dp/B078R6MD8M?tag=pcbuilder00-20
512.1,ASUS,ROG MAXIMUS Z690 HERO,Intel Z690,ATX,LGA 1700,4,128,https://amazon.com/dp/B09J1PD7P6?tag=pcbuilder00-20
519,ASUS,ROG Strix Z490-E Gaming,Intel Z490,ATX,LGA 1200,4,128,https://amazon.com/dp/B086QSH67R?tag=pcbuilder00-20
526.6,ASUS,WS X299 SAGE,Intel X299,ATX,LGA 2066,8,128,https://amazon.com/dp/B078SHB83W?tag=pcbuilder00-20
528,ASUS,Strix Z370-F Gaming,Intel Z370,ATX,LGA 1151,4,64,https://amazon.com/dp/B075RHWLF2?tag=pcbuilder00-20
529.95,ASUS,CROSSHAIR IV EXTREME,AMD 890FX,Extended ATX,AM3,4,16,https://amazon.com/dp/B0043T5COS?tag=pcbuilder00-20
532.82,ASUS,PROART X670E-CREATOR WIFI,AMD X670E,ATX,AM5,4,128,https://amazon.com/dp/B0BDTM7VP5?tag=pcbuilder00-20
537.19,ASUS,90SW0090-M0EAY0,Intel X299,ATX,LGA 2066,8,128,https://amazon.com/dp/B077Y6CL7B?tag=pcbuilder00-20
539.57,ASUS,ROG MAXIMUS XII APEX,Intel Z490,ATX,LGA 1200,2,64,https://amazon.com/dp/B087YK8P2C?tag=pcbuilder00-20
549.99,ASUS,ROG MAXIMUS Z690 FORMULA,Intel Z690,ATX,LGA 1700,4,128,https://amazon.com/dp/B09K8Z4XNR?tag=pcbuilder00-20
550,ASUS,90MB10E0-M0EAY0,Intel Z390,Micro ATX,LGA 1151,2,64,https://amazon.com/dp/B07J66ZXH1?tag=pcbuilder00-20
567.13,ASUS,ROG STRIX Z790-F GAMING WIFI,Intel Z790,ATX,LGA 1700,4,128,https://amazon.com/dp/B0BHXR294V?tag=pcbuilder00-20
576.69,ASUS,ROG MAXIMUS XII HERO (WI-FI),Intel Z490,ATX,LGA 1200,4,128,https://amazon.com/dp/B086QT2Y86?tag=pcbuilder00-20
599.99,ASUS,ROG MAXIMUS Z690 HERO EVA,Intel Z690,ATX,LGA 1700,4,128,https://amazon.com/dp/B0B1PG1C8D?tag=pcbuilder00-20
600,ASUS,Maximus VI GENE,Intel Z87,Micro ATX,LGA 1150,4,32,https://amazon.com/dp/B00CRJUGTC?tag=pcbuilder00-20
621.29,ASUS,ROG CROSSHAIR X670E GENE,AMD X670E,Micro ATX,AM5,2,64,https://amazon.com/dp/B0BDTJHHZS?tag=pcbuilder00-20
629.99,ASUS,ROG Maximus Z790 Hero,Intel Z790,ATX,LGA 1700,4,128,https://amazon.com/dp/B0BG6M53DG?tag=pcbuilder00-20
648.86,ASUS,PRIME H270M-PLUS,Intel H270,Micro ATX,LGA 1151,4,64,https://amazon.com/dp/B01NGU1LHM?tag=pcbuilder00-20
649.99,ASUS,ROG MAXIMUS Z790 APEX ENCORE,Intel Z790,ATX,LGA1700,2,96,https://amazon.com/dp/B0CJMQV8LR?tag=pcbuilder00-20
650,ASUS,TUF Z270 MARK 2,Intel Z270,ATX,LGA 1151,4,64,https://amazon.com/dp/B01MQTDBOO?tag=pcbuilder00-20
657.99,ASUS,PROARTZ690-CREATORWI,Intel Z690,ATX,LGA 1700,4,128,https://amazon.com/dp/B09K92GRQF?tag=pcbuilder00-20
671.87,ASUS,STRIX Z270F GAMING,Intel Z270,ATX,LGA 1151,4,64,https://amazon.com/dp/B01N6E5DGE?tag=pcbuilder00-20
698.65,ASUS,ROG MAXIMUS Z790 DARK HERO,Intel Z790,ATX,LGA1700,4,192,https://amazon.com/dp/B0CJMT2723?tag=pcbuilder00-20
707.66,ASUS,ROG CROSSHAIR X670E HERO,AMD X670E,ATX,AM5,4,128,https://amazon.com/dp/B0BDTN8SNJ?tag=pcbuilder00-20
747.19,ASUS,ROG MAXIMUS Z790 FORMULA,Intel Z790,ATX,LGA1700,4,192,https://amazon.com/dp/B0CJMVW7FV?tag=pcbuilder00-20
789.95,ASUS,WS X299 SAGE/10G Workstation,Intel X299,Extended ATX,LGA 2066,8,128,https://amazon.com/dp/B07GKZ5NRB?tag=pcbuilder00-20
862.69,ASUS,ROG STRIX Z270E GAMING,Intel Z270,ATX,LGA 1151,4,64,https://amazon.com/dp/B01NGTJNSZ?tag=pcbuilder00-20
913.12,ASUS,H170-PRO/CSM,Intel H170,ATX,LGA 1151,4,64,https://amazon.com/dp/B013HIDM3I?tag=pcbuilder00-20
962.99,ASUS,ROG ZENITH II EXTREME ALPHA,AMD TRX40,Extended ATX,sTRX4,8,256,https://amazon.com/dp/B083ZC9L91?tag=pcbuilder00-20
999.99,ASUS,ROG Maximus Z790 Extreme WiFi,Intel Z790,Extended ATX,LGA 1700,4,128,https://amazon.com/dp/B0BHXQH5PJ?tag=pcbuilder00-20
999.99,ASUS,ROG CROSSHAIR X670E EXTREME,AMD X670E,Extended ATX,AM5,4,128,https://amazon.com/dp/B0BFBRPBF5?tag=pcbuilder00-20
1499,ASUS,Rog Zenith Extreme Alpha X399,AMD X399,Extended ATX,sTR4,8,128,https://amazon.com/dp/B07M6SD5GP?tag=pcbuilder00-20
1879,ASUS,ROG MAXIMUS XII EXTREME,Intel Z490,Extended ATX,LGA 1200,4,128,https://amazon.com/dp/B087LKNCW3?tag=pcbuilder00-20
1966.52,ASUS,ROG Maximus IX Apex,Intel Z270,Extended ATX,LGA 1151,2,32,https://amazon.com/dp/B01N247D6O?tag=pcbuilder00-20
2103.54,ASUS,Prime X299-Deluxe,Intel X299,ATX,LGA 2066,8,128,https://amazon.com/dp/B072JKC22H?tag=pcbuilder00-20
2213.43,ASUS,TUF X299 Mark 2,Intel X299,ATX,LGA 2066,8,128,https://amazon.com/dp/B071ZQ75BP?tag=pcbuilder00-20
2508.21,ASUS,Z170 WS,Intel Z170,ATX,LGA 1151,4,64,https://amazon.com/dp/B017HKIGM4?tag=pcbuilder00-20
2554.30,ASUS,TUF X299 Mark 1,Intel X299,ATX,LGA 2066,8,128,https://amazon.com/dp/B071JBX9GN?tag=pcbuilder00-20
2591.77,ASUS,MAXIMUS VIII FORMULA,Intel Z170,ATX,LGA 1151,4,64,https://amazon.com/dp/B019U0VWKW?tag=pcbuilder00-20
3365.70,ASUS,Z170 Pro Gaming/AURA,Intel Z170,ATX,LGA 1151,4,64,https://amazon.com/dp/B01J8QQD98?tag=pcbuilder00-20
106.49,Biostar,500237153,Intel H510,Micro ATX,LGA 1200,2,64,https://amazon.com/dp/B0B76C1S7R?tag=pcbuilder00-20
113.09,Biostar,4.71E+12,AMD B550,Micro ATX,AM4,2,64,https://amazon.com/dp/B08F1X9QNY?tag=pcbuilder00-20
123,Biostar,H610MH,Intel H610,Micro ATX,LGA 1700,2,64,https://amazon.com/dp/B09W1BG779?tag=pcbuilder00-20
149.99,Biostar,A880G+,AMD 880G,Micro ATX,AM3,2,8,https://amazon.com/dp/B0040JHGD6?tag=pcbuilder00-20
173.42,Biostar,B660MX-E,Intel B660,Micro ATX,LGA1700,2,64,https://amazon.com/dp/B0B2XRJQCP?tag=pcbuilder00-20
176,Biostar,A320MH,AMD A320,Micro ATX,AMD A320,2,32,https://amazon.com/dp/B07FZLWSVR?tag=pcbuilder00-20
199.99,Biostar,Z590GTA,Intel Z590,ATX,LGA 1200,4,128,https://amazon.com/dp/B093Z9WXJN?tag=pcbuilder00-20
199.99,Biostar,A780L3B,AMD 760G,Micro ATX,AM3,2,16,https://amazon.com/dp/B006DY3ACM?tag=pcbuilder00-20
249.99,Biostar,A880GU3,AMD 880G,Micro ATX,AM3,2,8,https://amazon.com/dp/B004KPLLKY?tag=pcbuilder00-20
400,Biostar,Z690A VALKYRIE,Intel Z690,ATX,LGA 1700,4,128,https://amazon.com/dp/B09MRNPWR2?tag=pcbuilder00-20
825,Biostar,Z690 VALKYRIE,Intel Z690,ATX,LGA 1700,4,128,https://amazon.com/dp/B09LQJB3LB?tag=pcbuilder00-20
60.07,ECS Elitegroup,A320AM4-M3D,AMD A320,Micro ATX,AM4,2,32,https://amazon.com/dp/B076BX8HBV?tag=pcbuilder00-20
287.99,EVGA,X299 Micro,Intel X299,Micro ATX,LGA 2066,4,64,https://amazon.com/dp/B075Y2W2KN?tag=pcbuilder00-20
339.99,EVGA,121-RL-E599-KR,Intel Z590,Extended ATX,LGA 1200,2,64,https://amazon.com/dp/B09GZ7YNH2?tag=pcbuilder00-20
353.86,EVGA,121-SX-E296-KR,Intel X299,ATX,LGA 2066,4,64,https://amazon.com/dp/B07J9KWHK7?tag=pcbuilder00-20
499.99,EVGA,151-SX-E299-KR,Intel X299,Extended ATX,LGA 2066,4,64,https://amazon.com/dp/B079WCBP18?tag=pcbuilder00-20
599.99,EVGA,131-CL-E499-KP,Intel Z490,Extended ATX,LGA 1200,2,64,https://amazon.com/dp/B08QQZNVP7?tag=pcbuilder00-20
649.95,EVGA,151-BE-E097-KR,Intel X99,Extended ATX,LGA 2011,8,128,https://amazon.com/dp/B01FRP27IK?tag=pcbuilder00-20
679.95,EVGA,X299 FTW K,Intel X299,Extended ATX,LGA 2066,8,128,https://amazon.com/dp/B078TR5CMG?tag=pcbuilder00-20
79.99,Gigabyte,H610M S2H DDR4,Intel H610,Micro ATX,LGA 1700,2,64,https://amazon.com/dp/B09S6NQPM6?tag=pcbuilder00-20
85.1,Gigabyte,GA-A320M-S2H,AMD A320,Micro ATX,AM4,2,32,https://amazon.com/dp/B079NYQQJJ?tag=pcbuilder00-20
86.99,Gigabyte,A620M GAMING X,AMD A620,Micro ATX,AM5,4,192,https://amazon.com/dp/B0C1ZZ57ZW?tag=pcbuilder00-20
89.99,Gigabyte,A620M S2H,AMD A620,Micro ATX,AM5,2,96,https://amazon.com/dp/B0C4CKFV65?tag=pcbuilder00-20
99.99,Gigabyte,B550M,AMD B550,Micro ATX,AM4,4,128,https://amazon.com/dp/B089FY7QT1?tag=pcbuilder00-20
99.99,Gigabyte,B550M DS3H AC,AMD B550,Micro ATX,AM4,4,128,https://amazon.com/dp/B08R5736B3?tag=pcbuilder00-20
99.99,Gigabyte,A520I AC,AMD A520,Mini ITX,AM4,2,64,https://amazon.com/dp/B08F7BHDLY?tag=pcbuilder00-20
99.99,Gigabyte,B450 AORUS ELITE V2,AMD B450,ATX,AM4,4,128,https://amazon.com/dp/B08LG2JC4B?tag=pcbuilder00-20
103.31,Gigabyte,B560M DS3H V2,Intel B560,Micro ATX,LGA 1200,4,128,https://amazon.com/dp/B09M98PY9R?tag=pcbuilder00-20
103.49,Gigabyte,A520M S2H,AMD A520,Micro ATX,AM4,2,64,https://amazon.com/dp/B08F7HPJ4F?tag=pcbuilder00-20
104.99,Gigabyte,B660M DS3H,Intel B660,Micro ATX,LGA 1700,4,128,https://amazon.com/dp/B09QH5MFMN?tag=pcbuilder00-20
109.99,Gigabyte,Z590 AORUS ELITE AX,Intel Z590,ATX,LGA 1200,4,128,https://amazon.com/dp/B08WP8Q8B7?tag=pcbuilder00-20
109.99,Gigabyte,B760M DS3H DDR4,Intel B760,Micro ATX,LGA 1700,4,128,https://amazon.com/dp/B0BSB6MB15?tag=pcbuilder00-20
109.99,Gigabyte,B650M K,AMD B650,Micro ATX,AM5,4,192,https://amazon.com/dp/B0BZ17BQ4Z?tag=pcbuilder00-20
109.99,Gigabyte,B650M D3HP,AMD B650,Micro ATX,AM5,4,192,https://amazon.com/dp/B0CH92B3S2?tag=pcbuilder00-20
115.49,Gigabyte,B450M K,AMD B450,Micro ATX,AM4,2,64,https://amazon.com/dp/B0BNYVSPPD?tag=pcbuilder00-20
119,Gigabyte,A520M DS3H,AMD A520,Micro ATX,AM4,4,128,https://amazon.com/dp/B08F7J8XTV?tag=pcbuilder00-20
119.99,Gigabyte,B550 GAMING X V2,AMD B550,ATX,AM4,4,128,https://amazon.com/dp/B08LGKGBKT?tag=pcbuilder00-20
123.99,Gigabyte,B450 AORUS M,AMD B450,Micro ATX,AM4,4,64,https://amazon.com/dp/B07FWY246F?tag=pcbuilder00-20
124.99,Gigabyte,B660M DS3H AX DDR4,Intel B660,Micro ATX,LGA 1700,4,128,https://amazon.com/dp/B083NMK4BB?tag=pcbuilder00-20
127.44,Gigabyte,B450M DS3H,AMD B450,Micro ATX,AM4,4,64,https://amazon.com/dp/B07FWVJSHC?tag=pcbuilder00-20
129.99,Gigabyte,B760M C,Intel B760,Micro ATX,LGA1700,4,192,https://amazon.com/dp/B0BZQ1PWGJ?tag=pcbuilder00-20
129.99,Gigabyte,A620M C,AMD A620,Micro ATX,AM5,4,192,https://amazon.com/dp/B0CCSTTS7L?tag=pcbuilder00-20
134.59,Gigabyte,B550M AORUS ELITE,AMD B550,Micro ATX,AM4,4,128,https://amazon.com/dp/B08BN8VD23?tag=pcbuilder00-20
136.95,Gigabyte,Z590,Intel Z590,ATX,LGA 1200,4,128,https://amazon.com/dp/B083GSV483?tag=pcbuilder00-20
139.99,Gigabyte,B550 UD AC,AMD B550,ATX,AM4,4,128,https://amazon.com/dp/B0BTQ3SVFR?tag=pcbuilder00-20
139.99,Gigabyte,B760M DS3H AX,Intel B760,Micro ATX,LGA 1700,4,128,https://amazon.com/dp/B0BSP61QZC?tag=pcbuilder00-20
139.99,Gigabyte,A620I AX,AMD A620,Mini ITX,AM5,2,96,https://amazon.com/dp/B083RVN2VG?tag=pcbuilder00-20
143.88,Gigabyte,H610I DDR4,Intel H610,Mini ITX,LGA 1700,2,64,https://amazon.com/dp/B09SRDG1K3?tag=pcbuilder00-20
143.99,Gigabyte,Z590 AORUS PRO AX,Intel Z590,ATX,LGA 1200,4,128,https://amazon.com/dp/B08W9RG6K5?tag=pcbuilder00-20
148.99,Gigabyte,B550 AORUS ELITE,AMD B550,ATX,AM4,4,128,https://amazon.com/dp/B089FT8G44?tag=pcbuilder00-20
149,Gigabyte,B650M DS3H,AMD B650,Micro ATX,AM5,4,128,https://amazon.com/dp/B083R7MM59?tag=pcbuilder00-20
149.99,Gigabyte,B550 AORUS ELITE AX V2,AMD B550,ATX,AM4,4,128,https://amazon.com/dp/B08KGVH7YC?tag=pcbuilder00-20
149.99,Gigabyte,B760 DS3H AC DDR4,Intel B760,ATX,LGA 1700,4,128,https://amazon.com/dp/B0BSNYN4XQ?tag=pcbuilder00-20
149.99,Gigabyte,B760 GAMING X AX,Intel B760,ATX,LGA1700,4,192,https://amazon.com/dp/B0BZ54DR5L?tag=pcbuilder00-20
149.99,Gigabyte,B660M GAMING X,Intel B660,Micro ATX,LGA 1700,4,128,https://amazon.com/dp/B09VN131MP?tag=pcbuilder00-20
149.99,Gigabyte,B660M AORUS PRO AX,Intel B660,Micro ATX,LGA 1700,4,128,https://amazon.com/dp/B09Q2XGYKK?tag=pcbuilder00-20
149.99,Gigabyte,GA-H81M-S2PH,Intel H81,Micro ATX,LGA 1150,2,16,https://amazon.com/dp/B00EORHE1S?tag=pcbuilder00-20
154,Gigabyte,Z590,Intel Z590,ATX,LGA 1200,4,128,https://amazon.com/dp/B083GTD1N6?tag=pcbuilder00-20
156.62,Gigabyte,B450 AORUS ELITE,AMD B450,ATX,AM4,4,64,https://amazon.com/dp/B07GRNSWNR?tag=pcbuilder00-20
158.08,GIGABYTE,B760M DS3H AX DDR4,Intel B760,Micro ATX,LGA 1700,4,128,https://amazon.com/dp/B0BPMJ5JKL?tag=pcbuilder00-20
159.99,Gigabyte,Z590 UD AC,Intel Z590,ATX,LGA 1200,4,128,https://amazon.com/dp/B083HZ6D35?tag=pcbuilder00-20
159.99,Gigabyte,Z590 AORUS ELITE,Intel Z590,ATX,LGA 1200,4,128,https://amazon.com/dp/B08WPV5HS7?tag=pcbuilder00-20
159.99,Gigabyte,B650 GAMING X AX,AMD B650,ATX,AM5,4,192,https://amazon.com/dp/B0BYBHW4SH?tag=pcbuilder00-20
165.07,Gigabyte,B550 AORUS ELITE V2,AMD B550,ATX,AM4,4,128,https://amazon.com/dp/B08JHDL4WP?tag=pcbuilder00-20
169.99,Gigabyte,X570 AORUS ELITE WIFI,AMD X570,ATX,AM4,4,128,https://amazon.com/dp/B07WL5MFXL?tag=pcbuilder00-20
169.99,Gigabyte,X570 UD,AMD X570,ATX,AM4,4,128,https://amazon.com/dp/B07WL68L6M?tag=pcbuilder00-20
169.99,Gigabyte,B460M DS3H,Intel B460,Micro ATX,LGA 1200,4,128,https://amazon.com/dp/B088PCN95D?tag=pcbuilder00-20
169.99,Gigabyte,B660 AORUS MASTER DDR4,Intel B660,ATX,LGA 1700,4,128,https://amazon.com/dp/B09QNVD2SW?tag=pcbuilder00-20
171.01,Gigabyte,B760 DS3H AX DDR4,Intel B760,ATX,LGA1700,4,128,https://amazon.com/dp/B0BPMHQ1ND?tag=pcbuilder00-20
171.82,Gigabyte,H470M DS3H,Intel H470,Micro ATX,LGA 1200,4,128,https://amazon.com/dp/B088PC52VY?tag=pcbuilder00-20
174.99,Gigabyte,B550,AMD B550,ATX,AM4,4,128,https://amazon.com/dp/B094NLW36Z?tag=pcbuilder00-20
178,Gigabyte,Z590 VISION G,Intel Z590,ATX,LGA 1200,4,128,https://amazon.com/dp/B08W8PH5B9?tag=pcbuilder00-20
178.03,Gigabyte,B560M AORUS PRO AX,Intel B560,Micro ATX,LGA 1200,4,128,https://amazon.com/dp/B083HZHL6Y?tag=pcbuilder00-20
178.19,Gigabyte,B660 DS3H DDR4,Intel B660,ATX,LGA 1700,4,128,https://amazon.com/dp/B09RJMJ3G6?tag=pcbuilder00-20
179.99,Gigabyte,B760M AORUS ELITE AX,AMD B760,Micro ATX,LGA 1700,4,128,https://amazon.com/dp/B0BSB4TYHV?tag=pcbuilder00-20
179.99,Gigabyte,B650M AORUS ELITE AX,AMD B650,Micro ATX,AM5,4,128,https://amazon.com/dp/B0BH6XND27?tag=pcbuilder00-20
184,Gigabyte,B450 AORUS PRO WIFI,AMD B450,ATX,AM4,4,64,https://amazon.com/dp/B07FW85VFT?tag=pcbuilder00-20
185.38,Gigabyte,Z590I AORUS ULTRA,Intel Z590,Mini ITX,LGA 1200,2,64,https://amazon.com/dp/B08W8G5CCC?tag=pcbuilder00-20
189.79,Gigabyte,GA-A620M GAMING X AX,AMD A620,Micro ATX,AM5,4,192,https://amazon.com/dp/B0C4ZWXVXN?tag=pcbuilder00-20
189.99,Gigabyte,X570S AORUS ELITE AX,AMD X570,ATX,AM4,4,128,https://amazon.com/dp/B083HZ3Y7L?tag=pcbuilder00-20
189.99,Gigabyte,B550 AORUS PRO AC,AMD B550,ATX,AM4,4,128,https://amazon.com/dp/B089FTMG2B?tag=pcbuilder00-20
189.99,Gigabyte,Z590,Intel Z590,ATX,LGA 1200,4,128,https://amazon.com/dp/B083HZ17LX?tag=pcbuilder00-20
189.99,Gigabyte,B760 AORUS ELITE AX,Intel B760,ATX,LGA 1700,4,128,https://amazon.com/dp/B0BSB6MZ2L?tag=pcbuilder00-20
191.2,Gigabyte,B660 GAMING X DDR4,Intel B660,ATX,LGA 1700,4,128,https://amazon.com/dp/B09RMQ39QW?tag=pcbuilder00-20
194.99,Gigabyte,Z790,Intel Z790,ATX,LGA 1700,4,128,https://amazon.com/dp/B0BHTMXMRQ?tag=pcbuilder00-20
195,Gigabyte,B550I AORUS PRO AX,AMD B550,Mini ITX,AM4,2,64,https://amazon.com/dp/B089FWWN62?tag=pcbuilder00-20
196.99,Gigabyte,B650M S2H 1.0,AMD B650,Micro ATX,AM5,2,96,https://amazon.com/dp/B0CGMBV6XD?tag=pcbuilder00-20
199,Gigabyte,B560,Intel B560,ATX,LGA 1200,4,128,https://amazon.com/dp/B08YKFJXZH?tag=pcbuilder00-20
199.99,Gigabyte,X570SI AORUS PRO AX,AMD X570,Mini ITX,AM4,2,64,https://amazon.com/dp/B083M3P6TR?tag=pcbuilder00-20
204.09,Gigabyte,B760M GAMING X AX DDR4,Intel B760,Micro ATX,LGA 1700,4,128,https://amazon.com/dp/B0BPMGLGD7?tag=pcbuilder00-20
208.88,Gigabyte,H470 HD3,Intel H470,ATX,LGA 1200,4,128,https://amazon.com/dp/B088ZHWDLX?tag=pcbuilder00-20
209.99,Gigabyte,Z690 UD AX DDR4,Intel Z690,ATX,LGA 1700,4,128,https://amazon.com/dp/B09JZGTYXJ?tag=pcbuilder00-20
209.99,Gigabyte,Z690 GAMING X DDR4,Intel Z690,ATX,LGA 1700,4,128,https://amazon.com/dp/B09J5TC4F8?tag=pcbuilder00-20
211.54,Gigabyte,B760M GAMING X AX DDR4,Intel B760,Micro ATX,LGA1700,4,128,https://amazon.com/dp/B0BSB6J39Z?tag=pcbuilder00-20
214.12,Gigabyte,Z490 UD AC,Intel Z490,ATX,LGA 1200,4,128,https://amazon.com/dp/B083FRCMYM?tag=pcbuilder00-20
219.49,Gigabyte,B660 Gaming X AX DDR4,Intel B660,ATX,LGA 1700,4,128,https://amazon.com/dp/B09SVZRM13?tag=pcbuilder00-20
219.99,Gigabyte,Z790 UD AX,Intel Z790,ATX,LGA 1700,4,128,https://amazon.com/dp/B083R7T5P4?tag=pcbuilder00-20
219.99,Gigabyte,Z690 AORUS ULTRA,Intel Z690,ATX,LGA 1700,4,128,https://amazon.com/dp/B09JZFT4SN?tag=pcbuilder00-20
223.99,Gigabyte,Z690,Intel Z690,ATX,LGA 1700,4,128,https://amazon.com/dp/B09KC5W9FY?tag=pcbuilder00-20
229,Gigabyte,Z490 AORUS ELITE,Intel Z490,ATX,LGA 1200,4,128,https://amazon.com/dp/B087GY1TZ3?tag=pcbuilder00-20
229.99,Gigabyte,X570S AORUS MASTER,AMD X570,ATX,AM4,4,128,https://amazon.com/dp/B083HZ796V?tag=pcbuilder00-20
229.99,Gigabyte,B550 VISION D-P,AMD B550,ATX,AM4,4,128,https://amazon.com/dp/B083GTJQFB?tag=pcbuilder00-20
229.99,Gigabyte,Z690 Gaming X,Intel Z690,ATX,LGA 1700,4,128,https://amazon.com/dp/B09WZKXNVP?tag=pcbuilder00-20
229.99,Gigabyte,B650 AORUS Elite AX,AMD B650,ATX,AM5,4,128,https://amazon.com/dp/B0BH7GTY9C?tag=pcbuilder00-20
235.79,Gigabyte,B760 GAMING X AX DDR4,Intel B760,ATX,LGA 1700,4,128,https://amazon.com/dp/B0BPMKWQ5Q?tag=pcbuilder00-20
235.99,Gigabyte,Z690 AORUS Elite AX,Intel Z690,ATX,LGA 1700,4,128,https://amazon.com/dp/B083NPKL1C?tag=pcbuilder00-20
239,Gigabyte,Z390 UD,Intel Z390,ATX,LGA 1151,4,128,https://amazon.com/dp/B07HS59X7P?tag=pcbuilder00-20
243.33,Gigabyte,B760I AORUS PRO,Intel B760,Mini ITX,LGA1700,2,96,https://amazon.com/dp/B0C4ZRR7Q1?tag=pcbuilder00-20
245.3,Gigabyte,Z690 AORUS ELITE AX DDR4,Intel Z690,ATX,LGA 1700,4,128,https://amazon.com/dp/B09J6BWK2Z?tag=pcbuilder00-20
249,Gigabyte,B365M DS3H,Intel B365,Micro ATX,LGA 1151,4,64,https://amazon.com/dp/B07T6N8N56?tag=pcbuilder00-20
249.99,Gigabyte,Z790,Intel Z790,ATX,LGA 1700,4,128,https://amazon.com/dp/B0BHTLF2X5?tag=pcbuilder00-20
249.99,Gigabyte,Z790 GAMING X AX,Intel Z790,ATX,LGA 1700,4,128,https://amazon.com/dp/B0BSVYXM5C?tag=pcbuilder00-20
249.99,Gigabyte,B760I AORUS PRO DDR4,Intel B760,Mini ITX,LGA 1700,2,64,https://amazon.com/dp/B0BVWQ3BMJ?tag=pcbuilder00-20
257.7,Gigabyte,Z690 UD,Intel Z690,ATX,LGA 1700,4,128,https://amazon.com/dp/B09KC743SB?tag=pcbuilder00-20
259.68,Gigabyte,B660I AORUS PRO DDR4,Intel B660,Mini ITX,LGA 1700,2,64,https://amazon.com/dp/B09RMQQMJV?tag=pcbuilder00-20
259.99,Gigabyte,Z690 AERO G DDR4,Intel Z690,ATX,LGA 1700,4,128,https://amazon.com/dp/B09L9DY4L1?tag=pcbuilder00-20
259.99,Gigabyte,Z690 AERO G,Intel Z690,ATX,LGA 1700,4,128,https://amazon.com/dp/B083NN4MLZ?tag=pcbuilder00-20
259.99,Gigabyte,B650I AORUS ULTRA,AMD B650,Mini ITX,AM5,2,96,https://amazon.com/dp/B083R826VW?tag=pcbuilder00-20
264.45,Gigabyte,X570 AORUS ELITE,AMD X570,ATX,AM4,4,128,https://amazon.com/dp/B07SVRZGMX?tag=pcbuilder00-20
268.9,Gigabyte,X570 I AORUS PRO WIFI,AMD X570,Mini ITX,AM4,2,64,https://amazon.com/dp/B07T9PC9ZZ?tag=pcbuilder00-20
269.99,Gigabyte,Z490 AORUS MASTER,Intel Z490,ATX,LGA 1200,4,128,https://amazon.com/dp/B087GH5SK2?tag=pcbuilder00-20
269.99,Gigabyte,Z790 AORUS ELITE AX ICE,Intel Z790,ATX,LGA1700,4,192,https://amazon.com/dp/B0CKS6BMH7?tag=pcbuilder00-20
269.99,Gigabyte,B650,AMD B650,ATX,AM5,4,128,https://amazon.com/dp/B0BH79FMW3?tag=pcbuilder00-20
276.42,Gigabyte,Z790 A ELITE DDR4,Intel Z790,ATX,LGA1700,4,128,https://amazon.com/dp/B0BPMGC4RJ?tag=pcbuilder00-20
279.99,Gigabyte,X299 UD4 Pro,Intel X299,ATX,LGA 2066,8,128,https://amazon.com/dp/B07B79CF9R?tag=pcbuilder00-20
282.38,Gigabyte,Z690 AORUS ELITE DDR4,Intel Z690,ATX,LGA 1700,4,128,https://amazon.com/dp/B09KC794XY?tag=pcbuilder00-20
282.59,GIGABYTE,Z790 UD,Intel Z790,ATX,LGA 1700,4,128,https://amazon.com/dp/B0BNYXG8NC?tag=pcbuilder00-20
289.99,Gigabyte,Z690I AORUS ULTRA DDR4,Intel Z690,Mini ITX,LGA 1700,2,64,https://amazon.com/dp/B09L951RBJ?tag=pcbuilder00-20
289.99,Gigabyte,X670 AORUS ELITE AX,AMD X670,ATX,AM5,4,128,https://amazon.com/dp/B0BF7FT26Z?tag=pcbuilder00-20
297.99,Gigabyte,H470 AORUS PRO AX,Intel H470,ATX,LGA 1200,4,128,https://amazon.com/dp/B0891Q7ZRN?tag=pcbuilder00-20
299.99,Gigabyte,Z590I,Intel Z590,Mini ITX,LGA 1200,2,64,https://amazon.com/dp/B097CS4FT9?tag=pcbuilder00-20
299.99,Gigabyte,Z790I AORUS ULTRA,Intel Z790,Mini ITX,LGA1700,2,96,https://amazon.com/dp/B0BZQ43XXL?tag=pcbuilder00-20
304.99,Gigabyte,Z490M GAMING X,Intel Z490,Micro ATX,LGA 1200,4,128,https://amazon.com/dp/B087GYYNWX?tag=pcbuilder00-20
305,Gigabyte,GA-H270N-WIFI,Intel H270,Mini ITX,LGA 1151,2,32,https://amazon.com/dp/B01N2V075M?tag=pcbuilder00-20
341.19,Gigabyte,B660 AORUS MASTER,Intel B660,ATX,LGA 1700,4,128,https://amazon.com/dp/B09SD38KCL?tag=pcbuilder00-20
345,Gigabyte,B550 AORUS Master,AMD B550,ATX,AM4,4,128,https://amazon.com/dp/B089FTYMBP?tag=pcbuilder00-20
349.99,Gigabyte,Z490 AORUS ULTRA,Intel Z490,ATX,LGA 1200,4,128,https://amazon.com/dp/B087GY4263?tag=pcbuilder00-20
349.99,Gigabyte,Z490I AORUS ULTRA,Intel Z490,Mini ITX,LGA 1200,2,64,https://amazon.com/dp/B087GYFZ3Q?tag=pcbuilder00-20
349.99,Gigabyte,B650E AORUS Master,AMD B650,ATX,AM5,4,128,https://amazon.com/dp/B0BH7X5VW3?tag=pcbuilder00-20
351.18,Gigabyte,Z790,Intel Z790,ATX,LGA 1700,4,128,https://amazon.com/dp/B0BH9BBLHB?tag=pcbuilder00-20
354.34,Gigabyte,X570S AORUS PRO AX,AMD X570,ATX,AM4,4,128,https://amazon.com/dp/B083HZHPW6?tag=pcbuilder00-20
359.99,Gigabyte,Z690 AORUS ULTRA,Intel Z690,ATX,LGA 1700,4,128,https://amazon.com/dp/B09LHBXM3Z?tag=pcbuilder00-20
362.38,Gigabyte,Z790 AORUS Elite AX,Intel Z790,ATX,LGA 1700,4,128,https://amazon.com/dp/B0BH9DXY38?tag=pcbuilder00-20
365.59,Gigabyte,B650 AORUS PRO AX 1.0,AMD B650,ATX,AM5,4,128,https://amazon.com/dp/B0BJDWH2PM?tag=pcbuilder00-20
367.83,Gigabyte,Z790 A ELITE X WIFI7,Intel Z790,ATX,LGA1700,4,192,https://amazon.com/dp/B0CJQDSZN2?tag=pcbuilder00-20
369.81,Gigabyte,Z690I AORUS Ultra Plus,Intel Z690,Mini ITX,LGA 1700,2,64,https://amazon.com/dp/B09ZKGB46W?tag=pcbuilder00-20
374,Gigabyte,Z490 AORUS ELITE AC,Intel Z490,ATX,LGA 1200,4,128,https://amazon.com/dp/B087GFYBCW?tag=pcbuilder00-20
379.99,Gigabyte,Z690 AERO D,Intel Z690,Extended ATX,LGA 1700,4,128,https://amazon.com/dp/B083NLHMG7?tag=pcbuilder00-20
380.95,Gigabyte,Z790 AORUS ELITE AX-W,Intel Z790,ATX,LGA1700,4,192,https://amazon.com/dp/B0C4ZXQ8KR?tag=pcbuilder00-20
389.99,Gigabyte,Z790 AORUS PRO X,Intel Z790,ATX,LGA1700,4,192,https://amazon.com/dp/B083RW9TJF?tag=pcbuilder00-20
429.99,Gigabyte,X570 AORUS PRO WIFI,AMD X570,ATX,AM4,4,128,https://amazon.com/dp/B07STNZF9L?tag=pcbuilder00-20
433.97,Gigabyte,Z390 AORUS PRO WIFI,Intel Z390,ATX,LGA 1151,4,128,https://amazon.com/dp/B07HRZKPXM?tag=pcbuilder00-20
437.78,Gigabyte,Z690 AORUS PRO,Intel Z690,ATX,LGA 1700,4,128,https://amazon.com/dp/B09J5Z48MP?tag=pcbuilder00-20
449.99,Gigabyte,Z490 AORUS PRO AX,Intel Z490,ATX,LGA 1200,4,128,https://amazon.com/dp/B087H2KNLR?tag=pcbuilder00-20
499.99,Gigabyte,Z790 AORUS Master,Intel Z790,Extended ATX,LGA 1700,4,128,https://amazon.com/dp/B0BH9F7DKS?tag=pcbuilder00-20
520.2,Gigabyte,Z690 AORUS MASTER,Intel Z690,Extended ATX,LGA 1700,4,128,https://amazon.com/dp/B09KC6V6D6?tag=pcbuilder00-20
529.99,Gigabyte,Z590 AORUS TACHYON,Intel Z590,Extended ATX,LGA 1200,2,64,https://amazon.com/dp/B083GT6ZBX?tag=pcbuilder00-20
648.99,Gigabyte,H470I AORUS PRO AX,Intel H470,Mini ITX,LGA 1200,2,64,https://amazon.com/dp/B088ZPXFH2?tag=pcbuilder00-20
660,Gigabyte,X570 AORUS XTREME,AMD X570,Extended ATX,AM4,4,128,https://amazon.com/dp/B07T9PC9ZY?tag=pcbuilder00-20
699.99,Gigabyte,X670E AORUS XTREME,AMD X670,Extended ATX,AM5,4,128,https://amazon.com/dp/B0BF73P6HY?tag=pcbuilder00-20
702.99,Gigabyte,Z790 AORUS MASTER X,Intel Z790,Extended ATX,LGA1700,4,192,https://amazon.com/dp/B0CK4B7ZYN?tag=pcbuilder00-20
718.97,Gigabyte,X570 AORUS MASTER,AMD X570,ATX,AM4,4,128,https://amazon.com/dp/B07SSM6CLC?tag=pcbuilder00-20
735.98,Gigabyte,X299X AORUS MASTER,Intel X299,Extended ATX,LGA 2066,8,256,https://amazon.com/dp/B07ZYNLVLM?tag=pcbuilder00-20
823.03,Gigabyte,Z490 AORUS XTREME,Intel Z490,Extended ATX,LGA 1200,4,128,https://amazon.com/dp/B087H47Y71?tag=pcbuilder00-20
848.48,Gigabyte,Z590 AORUS XTREME,Intel Z590,Extended ATX,LGA 1200,4,128,https://amazon.com/dp/B083HZ86V5?tag=pcbuilder00-20
898,Gigabyte,Z690 AORUS TACHYON,Intel Z690,Extended ATX,LGA 1700,2,64,https://amazon.com/dp/B09NMF7TTR?tag=pcbuilder00-20
986.31,Gigabyte,Z690 AORUS Xtreme,Intel Z690,Extended ATX,LGA 1700,4,128,https://amazon.com/dp/B09KC7GN3S?tag=pcbuilder00-20
1449.99,Gigabyte,TRX40 DESIGNARE,AMD TRX40,Extended ATX,sTRX4,8,256,https://amazon.com/dp/B081YW31GR?tag=pcbuilder00-20
1499,Gigabyte,X299X DESIGNARE-10G,Intel X299,Extended ATX,LGA 2066,8,256,https://amazon.com/dp/B07ZYNWBY3?tag=pcbuilder00-20
1599.99,Gigabyte,TRX40 AORUS XTREME,AMD TRX40,Extended ATX,sTRX4,8,256,https://amazon.com/dp/B081JDP378?tag=pcbuilder00-20
1615.11,Gigabyte,Z390 M GAMING,Intel Z390,Micro ATX,LGA 1151,2,128,https://amazon.com/dp/B07J9YH428?tag=pcbuilder00-20
1722.90,Gigabyte,Z370P D3,Intel Z370,ATX,LGA 1151,4,64,https://amazon.com/dp/B077Y5JBQ5?tag=pcbuilder00-20
1831.34,Gigabyte,Z370 AORUS Gaming 3,Intel Z370,ATX,LGA 1151,4,64,https://amazon.com/dp/B077JQNQKM?tag=pcbuilder00-20
2035.65,Gigabyte,GA-Z270MX-Gaming 5,Intel Z270,Micro ATX,LGA 1151,4,64,https://amazon.com/dp/B01MS0A6CT?tag=pcbuilder00-20
3836.21,Gigabyte,GA-Z270N-Gaming 5,Intel Z270,Mini ITX,LGA 1151,2,32,https://amazon.com/dp/B06X1FJBCH?tag=pcbuilder00-20
3871.18,Gigabyte,GA-Z270X-Ultra Gaming,Intel Z270,ATX,LGA 1151,4,64,https://amazon.com/dp/B01N66ZESI?tag=pcbuilder00-20
4713.98,Gigabyte,X299 AORUS GAMING,Intel X299,ATX,LGA 2066,3,64,https://amazon.com/dp/B076PNWGVS?tag=pcbuilder00-20
74.99,MSI,PRO A620M-E,AMD A620,Micro ATX,AM5,2,96,https://amazon.com/dp/B0C15SRJNM?tag=pcbuilder00-20
79.99,MSI,H610M-G DDR4,Intel H610,Micro ATX,LGA 1700,2,64,https://amazon.com/dp/B09PX326Q8?tag=pcbuilder00-20
83.7,MSI,PRO H610M-B DDR4,Intel H610,Micro ATX,LGA 1700,2,64,https://amazon.com/dp/B09PXPX3NX?tag=pcbuilder00-20
84.93,MSI,B450M PRO-VDH Max,AMD B450,Micro ATX,AM4,4,64,https://amazon.com/dp/B07XH629TV?tag=pcbuilder00-20
85.95,MSI,A320M-A PRO,AMD A320,Micro ATX,AM4,2,64,https://amazon.com/dp/B083GK2GXR?tag=pcbuilder00-20
86.92,MSI,A520M-A PRO,AMD A520,Micro ATX,AM4,2,64,https://amazon.com/dp/B08HHMCCXV?tag=pcbuilder00-20
89.99,MSI,H510M-A PRO,Intel H510,Micro ATX,LGA 1200,2,64,https://amazon.com/dp/B08WBYHQLM?tag=pcbuilder00-20
89.99,MSI,MAG Z490 Tomahawk Gaming,Intel Z490,ATX,LGA 1200,4,128,https://amazon.com/dp/B0876GJWFP?tag=pcbuilder00-20
97.36,MSI,B460M PRO,Intel B460,Micro ATX,LGA 1200,2,64,https://amazon.com/dp/B08C27R93P?tag=pcbuilder00-20
97.9,MSI,B450M PRO-M2 Max,AMD B450,Micro ATX,AM4,2,32,https://amazon.com/dp/B07XH4SK17?tag=pcbuilder00-20
99.99,MSI,B450 GAMING PLUS Max,AMD B450,ATX,AM4,4,64,https://amazon.com/dp/B07XHH4YG4?tag=pcbuilder00-20
99.99,MSI,B560M PRO-VDH WIFI,Intel B560,Micro ATX,LGA 1200,4,128,https://amazon.com/dp/B092HLGFXK?tag=pcbuilder00-20
99.99,MSI,PRO B760M-P DDR4,Intel B760,Micro ATX,LGA1700,4,128,https://amazon.com/dp/B0BZ9T4KF6?tag=pcbuilder00-20
99.99,MSI,B660M-G,Intel B660,Micro ATX,LGA 1700,2,64,https://amazon.com/dp/B09NW15QWS?tag=pcbuilder00-20
109.99,MSI,PRO B550M-VC WiFi,AMD B550,Micro ATX,AM4,4,128,https://amazon.com/dp/B0BDCZRBD6?tag=pcbuilder00-20
109.99,MSI,B550 Gaming GEN3,AMD B550,ATX,AM4,4,128,https://amazon.com/dp/B0BHCL4YVS?tag=pcbuilder00-20
109.99,MSI,PRO B660M-A DDR4,Intel B660,Micro ATX,LGA 1700,4,128,https://amazon.com/dp/B09NTMRRTL?tag=pcbuilder00-20
109.99,MSI,7D17-002R,Intel B560,Micro ATX,LGA 1200,4,128,https://amazon.com/dp/B08YHTZ7Z7?tag=pcbuilder00-20
115.92,MSI,7D14-005R,AMD A520,Micro ATX,AM4,2,64,https://amazon.com/dp/B08HKJ45DR?tag=pcbuilder00-20
119.99,MSI,B550M PRO-VDH WIFI,AMD B550,Micro ATX,AM4,4,128,https://amazon.com/dp/B089D1YG11?tag=pcbuilder00-20
119.99,MSI,7D18-002R,Intel B560,Micro ATX,LGA 1200,4,128,https://amazon.com/dp/B08ZJDXZ62?tag=pcbuilder00-20
119.99,MSI,MPG Z490 Gaming Carbon WiFi,Intel Z490,ATX,LGA 1200,4,128,https://amazon.com/dp/B0876HV8T3?tag=pcbuilder00-20
119.99,MSI,PROB650M-P,AMD B650,Micro ATX,AM5,4,192,https://amazon.com/dp/B0C7SJFDXK?tag=pcbuilder00-20
120,MSI,B560MPRO,Intel B560,Micro ATX,LGA 1200,2,64,https://amazon.com/dp/B092H21SGG?tag=pcbuilder00-20
127.99,MSI,9B13-144-544,Intel B660,Micro ATX,LGA 1700,4,128,https://amazon.com/dp/B09ZJ7WLQJ?tag=pcbuilder00-20
129.77,MSI,A320M-A PRO MAX,AMD A320,Micro ATX,AM4,2,32,https://amazon.com/dp/B0822M7BS5?tag=pcbuilder00-20
129.99,MSI,B550-A PRO,AMD B550,ATX,AM4,4,128,https://amazon.com/dp/B089CZSQB4?tag=pcbuilder00-20
129.99,MSI,Z590-A PRO,Intel Z590,ATX,LGA 1200,4,128,https://amazon.com/dp/B08WC9JSV8?tag=pcbuilder00-20
129.99,MSI,MAG B660M Bazooka,Intel B660,Micro ATX,LGA 1700,4,128,https://amazon.com/dp/B09NTPPSBP?tag=pcbuilder00-20
136.89,MSI,PRO B760M-E DDR4,Intel B760,Micro ATX,LGA1700,2,64,https://amazon.com/dp/B0BJW3ZK92?tag=pcbuilder00-20
138.5,MSI,760GM-P21 (FX),AMD 760G,Micro ATX,AM3+,2,16,https://amazon.com/dp/B0073JZ0ME?tag=pcbuilder00-20
138.99,MSI,B450TOMAMAX,AMD B450,ATX,AM4,4,64,https://amazon.com/dp/B07WF6ZQST?tag=pcbuilder00-20
139.99,MSI,MPG Z490 Gaming Plus,Intel Z490,ATX,LGA 1200,4,128,https://amazon.com/dp/B0876HBFVC?tag=pcbuilder00-20
139.99,MSI,PRO B660-A DDR4,Intel B660,ATX,LGA 1700,4,128,https://amazon.com/dp/B09PXGNVD3?tag=pcbuilder00-20
139.99,MSI,MPG Z590 GAMING FORCE,Intel Z590,ATX,LGA 1200,4,128,https://amazon.com/dp/B08WC8QDTC?tag=pcbuilder00-20
139.99,MSI,B560M PRO-E,AMD B560,Micro ATX,LGA 1200,2,64,https://amazon.com/dp/B099TKZX5Q?tag=pcbuilder00-20
146.38,MSI,MSI MPG Z490 GAMING EDGE WIFI,Intel Z490,ATX,LGA 1200,4,128,https://amazon.com/dp/B0876J8436?tag=pcbuilder00-20
147.59,MSI,7D95-001R,AMD B550,Micro ATX,AM4,4,128,https://amazon.com/dp/B09Z2MP6J4?tag=pcbuilder00-20
149.99,MSI,X570APRO,AMD X570,ATX,AM4,4,128,https://amazon.com/dp/B07T4M4XPG?tag=pcbuilder00-20
149.99,MSI,Z590PWIFI,Intel Z590,ATX,LGA 1200,4,128,https://amazon.com/dp/B08WBYQQ8C?tag=pcbuilder00-20
149.99,MSI,MAG Z590 TOMAHAWK WIFI,Intel Z590,ATX,LGA 1200,4,128,https://amazon.com/dp/B08WCN4NK5?tag=pcbuilder00-20
149.99,MSI,MAG B560M MORTAR WIFI,Intel B560,Micro ATX,LGA 1200,4,128,https://amazon.com/dp/B08WCTZ2VX?tag=pcbuilder00-20
149.99,MSI,PROB760MAWID4,Intel B760,Micro ATX,LGA 1700,4,128,https://amazon.com/dp/B0BPB484K5?tag=pcbuilder00-20
149.99,MSI,B760 GAMING PLUS WIFI,Intel B760,ATX,LGA1700,4,192,https://amazon.com/dp/B0C15THTK7?tag=pcbuilder00-20
149.99,MSI,PRO Z690-P DDR4,Intel Z690,ATX,LGA 1700,4,128,https://amazon.com/dp/B09GLD6563?tag=pcbuilder00-20
149.99,MSI,PRO B660M-A WIFI DDR4,Intel B660,Micro ATX,LGA 1700,4,128,https://amazon.com/dp/B09PX7D8KY?tag=pcbuilder00-20
154.99,MSI,MPG Z590 GAMING PLUS,Intel Z590,ATX,LGA 1200,4,128,https://amazon.com/dp/B08WCCGBH9?tag=pcbuilder00-20
155,MSI,MPG B560I GAMING EDGE WIFI,Intel B560,Mini ITX,LGA 1200,2,64,https://amazon.com/dp/B092HSSGDY?tag=pcbuilder00-20
155.46,MSI,B450A PRO MAX,AMD B450,ATX,AM4,4,64,https://amazon.com/dp/B07XPZMKQ6?tag=pcbuilder00-20
157.99,MSI,X570 GAMING PLUS,AMD X570,ATX,AM4,4,128,https://amazon.com/dp/B07T5QDRFX?tag=pcbuilder00-20
159,MSI,H510M PRO,Intel H510,Micro ATX,LGA 1200,2,64,https://amazon.com/dp/B08WCF4SF3?tag=pcbuilder00-20
159.99,MSI,MPG B550 GAMING PLUS,AMD B550,ATX,AM4,4,128,https://amazon.com/dp/B089CRF5XV?tag=pcbuilder00-20
159.99,MSI,Z590CARBWIFI,Intel H510,Micro ATX,LGA 1200,2,64,https://amazon.com/dp/B08WBW8DB7?tag=pcbuilder00-20
159.99,MSI,PRO Z790-S WIFI,Intel Z790,ATX,LGA1700,4,192,https://amazon.com/dp/B0CJGQMZCY?tag=pcbuilder00-20
159.99,MSI,PROB760-PWIFI,Intel B760,ATX,LGA1700,4,192,https://amazon.com/dp/B0BYBBH9YV?tag=pcbuilder00-20
159.99,MSI,Z690-A DDR4,Intel Z690,ATX,LGA 1700,4,128,https://amazon.com/dp/B09GLD6LYW?tag=pcbuilder00-20
164.99,MSI,B550M PRO,AMD B550,Micro ATX,AM4,2,64,https://amazon.com/dp/B08P2CC4CJ?tag=pcbuilder00-20
166.5,MSI,MAG B550 TOMAHAWK,AMD B550,ATX,AM4,4,128,https://amazon.com/dp/B089CWDHFZ?tag=pcbuilder00-20
168.96,MSI,MAG B660M MORTAR WIFI,Intel B660,Micro ATX,LGA 1700,4,128,https://amazon.com/dp/B09PXD16F6?tag=pcbuilder00-20
169.99,MSI,MAG B560 TORPEDO,Intel B560,ATX,LGA 1200,4,128,https://amazon.com/dp/B08WCMNJ6J?tag=pcbuilder00-20
169.99,MSI,B760MAWIFI,Intel B760,Micro ATX,LGA1700,4,192,https://amazon.com/dp/B0C15VWF1H?tag=pcbuilder00-20
169.99,MSI,PROB760PWIFID4,Intel B760,ATX,LGA 1700,4,128,https://amazon.com/dp/B0BRQSWSFQ?tag=pcbuilder00-20
169.99,MSI,B650GamingPlusWiFi,AMD B650,ATX,AM5,4,192,https://amazon.com/dp/B0CB6XZ7RH?tag=pcbuilder00-20
171.63,MSI,PRO B760M-G DDR4,Intel B760,Micro ATX,LGA1700,2,64,https://amazon.com/dp/B0BJW2BDM5?tag=pcbuilder00-20
173.99,MSI,H510I PRO WIFI,Intel H510,Mini ITX,LGA 1200,2,64,https://amazon.com/dp/B08WC7Q1H5?tag=pcbuilder00-20
179.99,MSI,B450 TOMAHAWK,AMD B450,ATX,AM4,4,64,https://amazon.com/dp/B07F7W5KJS?tag=pcbuilder00-20
179.99,MSI,B650M-A WIFI,AMD B650,Micro ATX,AM5,4,128,https://amazon.com/dp/B0BHBZRW66?tag=pcbuilder00-20
180.29,MSI,MAGB660MMORTARDDR4,Intel B660,Micro ATX,LGA1700,4,128,https://amazon.com/dp/B09NTPHRG7?tag=pcbuilder00-20
183.71,MSI,Pro Intel Z490,Intel Z490,ATX,LGA 1200,4,128,https://amazon.com/dp/B0886R2VJW?tag=pcbuilder00-20
189.99,MSI,B550 TOMAHAWK MAX WIFI,AMD B550,ATX,AM4,4,128,https://amazon.com/dp/B09ZJ73LDY?tag=pcbuilder00-20
189.99,MSI,MAG B660 TOMAHAWK WIFI DDR4,Intel B660,ATX,LGA 1700,4,128,https://amazon.com/dp/B09PXL3ZZB?tag=pcbuilder00-20
189.99,MSI,MEG Z590 UNIFY-X,Intel Z590,ATX,LGA 1200,4,128,https://amazon.com/dp/B099P3LF9M?tag=pcbuilder00-20
196,MSI,B560M PRO WIFI,Intel B560,Micro ATX,LGA 1200,2,64,https://amazon.com/dp/B09577ZV2L?tag=pcbuilder00-20
199.99,MSI,X470 GAMING PLUS MAX,AMD X470,ATX,AM4,4,64,https://amazon.com/dp/B07Y468HV3?tag=pcbuilder00-20
199.99,MSI,B760MMOTWIFI,Intel B760,Micro ATX,LGA 1700,4,128,https://amazon.com/dp/B0BRQSXRB2?tag=pcbuilder00-20
206.99,MSI,PRO Z690-A,Intel Z690,ATX,LGA 1700,4,128,https://amazon.com/dp/B09KKYS967?tag=pcbuilder00-20
209.99,MSI,B760 Tomahawk WiFi DDR4,Intel B760,ATX,LGA 1700,4,128,https://amazon.com/dp/B0BP94WCFL?tag=pcbuilder00-20
217.99,MSI,9B13-144-596,Intel B760,Mini ITX,LGA1700,2,96,https://amazon.com/dp/B0BYBF157W?tag=pcbuilder00-20
219.99,MSI,MAG B550M MORTAR  ,AMD B550,Micro ATX,AM4,4,128,https://amazon.com/dp/B089CSPTRH?tag=pcbuilder00-20
219.99,MSI,MAG Z790 TOMAHAWK,Intel Z790,ATX,LGA1700,4,192,https://amazon.com/dp/B0BL8K1YH1?tag=pcbuilder00-20
219.99,MSI,B760TAMAWIFI,Intel B760,ATX,LGA 1700,4,128,https://amazon.com/dp/B0BRQV1P6M?tag=pcbuilder00-20
219.99,MSI,PRO Z690-A WIFI DDR4,Intel Z690,ATX,LGA 1700,4,128,https://amazon.com/dp/B09GLC1SS4?tag=pcbuilder00-20
219.99,MSI,B650-P WIFI,AMD B650,ATX,AM5,4,128,https://amazon.com/dp/B0BHBT5BD3?tag=pcbuilder00-20
219.99,MSI,MEG Z590 ACE GOLD EDITION,Intel Z590,ATX,LGA 1200,4,128,https://amazon.com/dp/B092HH1TN7?tag=pcbuilder00-20
222.78,MSI,Z590EDGEWIFI,Intel Z590,ATX,LGA 1200,4,128,https://amazon.com/dp/B08WCNL4WF?tag=pcbuilder00-20
225,MSI,MAG B550M MORTAR WIFI,AMD B550,Micro ATX,AM4,4,128,https://amazon.com/dp/B089CLTLDN?tag=pcbuilder00-20
228.35,MSI,911-7D53-004,AMD X570,ATX,AM4,4,128,https://amazon.com/dp/B09BYXFHLR?tag=pcbuilder00-20
229,MSI,B450 GAMING PLUS,AMD B450,ATX,AM4,4,64,https://amazon.com/dp/B07F83RVTC?tag=pcbuilder00-20
229.99,MSI,X570S TOMAHAWK MAX WIFI,AMD X570,ATX,AM4,4,128,https://amazon.com/dp/B09BGWJD3C?tag=pcbuilder00-20
229.99,MSI,Z790-P WIFI,Intel Z790,ATX,LGA 1700,4,128,https://amazon.com/dp/B0BHBP8CS2?tag=pcbuilder00-20
229.99,MSI,MAG B560 TOMAHAWK WIFI,Intel B560,ATX,LGA 1200,4,128,https://amazon.com/dp/B08WCS1HXT?tag=pcbuilder00-20
230,MSI,MAG B550M,AMD B550,Micro ATX,AM4,4,128,https://amazon.com/dp/B089D666KF?tag=pcbuilder00-20
233.5,MSI,B550 Gaming Carbon WiFi,AMD B550,ATX,AM4,4,128,https://amazon.com/dp/B08BWZGSHB?tag=pcbuilder00-20
239.99,MSI,Z790-A WIFI,Intel Z790,ATX,LGA 1700,4,128,https://amazon.com/dp/B0BHC3VHHG?tag=pcbuilder00-20
239.99,MSI,PRO Z790-P WiFi DDR4,Intel Z790,ATX,LGA 1700,4,128,https://amazon.com/dp/B0BHC2LNBF?tag=pcbuilder00-20
239.99,MSI,B650I EDGE WIFI,AMD B650,Mini ITX,AM5,2,64,https://amazon.com/dp/B0BHCRX6K7?tag=pcbuilder00-20
239.99,MSI,B650 TOMAHAWK WIFI,AMD B650,ATX,AM5,4,128,https://amazon.com/dp/B0BHCCNSRH?tag=pcbuilder00-20
239.99,MSI,MAG B650M MORTAR WIFI,AMD B650,Micro ATX,AM5,4,128,https://amazon.com/dp/B0BHC39YG7?tag=pcbuilder00-20
247,MSI,MAG Z690 TOMAHAWK WIFI DDR4,Intel Z690,ATX,LGA 1700,4,128,https://amazon.com/dp/B09GLD72QH?tag=pcbuilder00-20
259.99,MSI,Z790-A WIFI DDR4,Intel Z790,ATX,LGA 1700,4,128,https://amazon.com/dp/B0BHBQFHTN?tag=pcbuilder00-20
259.99,MSI,PRO Z790-A MAX WiFi,Intel Z790,ATX,LGA1700,4,194,https://amazon.com/dp/B0CJSJ9TB3?tag=pcbuilder00-20
259.99,MSI,X670ETMAHAWIFI,AMD X670E,ATX,AM5,4,192,https://amazon.com/dp/B0BYB3PGQW?tag=pcbuilder00-20
259.99,MSI,B650 EDGE WIFI,AMD B650,ATX,AM5,4,128,https://amazon.com/dp/B0BHCD117G?tag=pcbuilder00-20
263.91,MSI,Z690-A WIFI,Intel Z690,ATX,LGA 1700,4,128,https://amazon.com/dp/B09KKYXXQB?tag=pcbuilder00-20
264.29,MSI,MPG Z590M GAMING EDGE WIFI,Intel Z590,Micro ATX,LGA 1200,4,128,https://amazon.com/dp/B09577NVXW?tag=pcbuilder00-20
264.99,MSI,X570GAMING EDGE WIFI,AMD X570,ATX,AM4,4,128,https://amazon.com/dp/B07T2FWCYG?tag=pcbuilder00-20
267.18,MSI,B550UNIFY,AMD B550,ATX,AM4,4,128,https://amazon.com/dp/B08Q2685ZN?tag=pcbuilder00-20
269.99,MSI,911-7D52-001,AMD X570,ATX,AM4,4,128,https://amazon.com/dp/B09BYXTKC6?tag=pcbuilder00-20
269.99,MSI,MSI MEG Z590 ACE,Intel Z590,ATX,LGA 1200,4,128,https://amazon.com/dp/B08WCJRJYD?tag=pcbuilder00-20
269.99,MSI,Z790 TOMAHAWK WIFI DDR4,Intel Z790,ATX,LGA 1700,4,128,https://amazon.com/dp/B0BHCGHBDY?tag=pcbuilder00-20
270,MSI,7D45-004R,Intel B660,Micro ATX,LGA1700,2,64,https://amazon.com/dp/B09QS7QGYM?tag=pcbuilder00-20
272.99,MSI,MAG Z690 Tomahawk WiFi,Intel Z690,ATX,LGA 1700,4,128,https://amazon.com/dp/B09PX5WHMB?tag=pcbuilder00-20
278.81,MSI,MEG X570 UNIFY,AMD X570,ATX,AM4,4,128,https://amazon.com/dp/B07ZG6YG1K?tag=pcbuilder00-20
284.62,MSI,MEG X570S UNIFY-X MAX,AMD X570,ATX,AM4,2,64,https://amazon.com/dp/B09GLBW5LL?tag=pcbuilder00-20
289.99,MSI,PRO X670-P,AMD X670,ATX,AM5,4,128,https://amazon.com/dp/B0B6Q1N477?tag=pcbuilder00-20
293,MSI,MPG Z690 Edge WiFi,Intel Z690,ATX,LGA 1700,4,128,https://amazon.com/dp/B09GLCGV9K?tag=pcbuilder00-20
294,MSI,Z690 Force WiFi,Intel Z690,ATX,LGA 1700,4,128,https://amazon.com/dp/B09GLF92GF?tag=pcbuilder00-20
294.21,MSI,MEG Z490 ACE,Intel Z490,ATX,LGA 1200,4,128,https://amazon.com/dp/B0876H5X58?tag=pcbuilder00-20
299.59,MSI,MEG Z490I UNIFY,Intel Z490,Mini ITX,LGA 1200,2,64,https://amazon.com/dp/B0876H2R85?tag=pcbuilder00-20
299.9,MSI,MAG B460 TORPEDO,Intel B460,ATX,LGA 1200,4,128,https://amazon.com/dp/B08HKJGTS8?tag=pcbuilder00-20
299.9,MSI,MAG B365M MORTAR,Intel B365,Micro ATX,LGA 1151,4,64,https://amazon.com/dp/B07TXWYL4W?tag=pcbuilder00-20
299.99,MSI,MAG Z790 Tomahawk MAX WiFi,Intel Z790,ATX,LGA1700,4,192,https://amazon.com/dp/B0CJSL89T2?tag=pcbuilder00-20
299.99,MSI,B650 CARBON WIFI,AMD B650,ATX,AM5,4,128,https://amazon.com/dp/B0BHCJDJGF?tag=pcbuilder00-20
319.99,MSI,MPG B550 GAMING EDGE WIFI,AMD B550,ATX,AM4,4,128,https://amazon.com/dp/B089CQFHHZ?tag=pcbuilder00-20
338.99,MSI,X570 Pro WIFI,AMD X570,ATX,AM4,4,128,https://amazon.com/dp/B07T4M3RTR?tag=pcbuilder00-20
359.35,MSI,MAG Z690 Torpedo Gaming,Intel Z690,ATX,LGA 1700,4,128,https://amazon.com/dp/B09HK9Q3KD?tag=pcbuilder00-20
359.99,MSI,Z790I EDGE WIFI,Intel Z790,Mini ITX,LGA 1700,2,64,https://amazon.com/dp/B0BHCJ6KQ2?tag=pcbuilder00-20
366.99,MSI,MPG Z790 Edge,Intel Z790,ATX,LGA 1700,4,128,https://amazon.com/dp/B0BL92SPJQ?tag=pcbuilder00-20
369.99,MSI,MPG Z790 Edge WiFi,Intel Z790,ATX,LGA 1700,4,128,https://amazon.com/dp/B0BHC3VWSF?tag=pcbuilder00-20
369.99,MSI,MPG Z690 CARBON WIFI,Intel Z690,ATX,LGA 1700,4,128,https://amazon.com/dp/B09GLBZYSV?tag=pcbuilder00-20
375,MSI,Z370 GAMING PLUS,Intel Z370,ATX,LGA 1151,4,64,https://amazon.com/dp/B075GSVHGP?tag=pcbuilder00-20
381.99,MSI,MEG Z690I Unify Gaming,Intel Z690,Mini ITX,LGA 1700,2,64,https://amazon.com/dp/B09KL7KVTM?tag=pcbuilder00-20
389.99,MSI,MPG Z790 Edge TI MAX WiFi,Intel Z790,ATX,LGA1700,4,192,https://amazon.com/dp/B0CJS34SLJ?tag=pcbuilder00-20
408.88,MSI,MPG Z390 GAMING PRO CARBON,Intel Z390,ATX,LGA 1151,4,128,https://amazon.com/dp/B07HM4LVTN?tag=pcbuilder00-20
410,MSI,MEG Z690 Unify Gaming,Intel Z690,ATX,LGA 1700,4,128,https://amazon.com/dp/B09KKRSG89?tag=pcbuilder00-20
440.45,MSI,Z790 CARBON WIFI,Intel Z790,ATX,LGA1700,4,192,https://amazon.com/dp/B0BHCJ1QK8?tag=pcbuilder00-20
479.99,MSI,MPG X670E Carbon WiFi,AMD X670E,ATX,AM5,4,128,https://amazon.com/dp/B0B6Q23SPC?tag=pcbuilder00-20
500,MSI,Z270 GAMING M3,Intel Z270,ATX,LGA 1151,4,64,https://amazon.com/dp/B01MS4FTP1?tag=pcbuilder00-20
500,MSI,7A71-001R,Intel Z270,ATX,LGA 1151,4,64,https://amazon.com/dp/B01MR31OZ8?tag=pcbuilder00-20
529.99,MSI,Z790ACE,Intel Z790,Extended ATX,LGA1700,4,192,https://amazon.com/dp/B0BL8JC76Q?tag=pcbuilder00-20
539.99,MSI,MEG Z690 ACE Gaming,Intel Z690,Extended ATX,LGA 1700,4,128,https://amazon.com/dp/B09KL9NY48?tag=pcbuilder00-20
556.07,MSI,7D50-001R,AMD X570,ATX,AM4,4,128,https://amazon.com/dp/B09BYY2NDV?tag=pcbuilder00-20
599,MSI,MEG Z590 GODLIKE,Intel Z590,Extended ATX,LGA 1200,4,128,https://amazon.com/dp/B08WCM3CHM?tag=pcbuilder00-20
599,MSI,7D91-009R,Intel Z790,ATX,LGA 1700,4,128,https://amazon.com/dp/B09Y1FJBHX?tag=pcbuilder00-20
667.18,MSI,MSI MEG Z490 GODLIKE,Intel Z490,Extended ATX,LGA 1200,4,128,https://amazon.com/dp/B0876H6RDM?tag=pcbuilder00-20
699.99,MSI,MEG Z790 ACE MAX,Intel Z790,Extended ATX,LGA1700,4,192,https://amazon.com/dp/B0CM9TSR2C?tag=pcbuilder00-20
699.99,MSI,7D69-005R,AMD X670,Extended ATX,AM5,4,128,https://amazon.com/dp/B0B6Q4X5NF?tag=pcbuilder00-20
889,MSI,MEG Z390 GODLIKE,Intel Z390,Extended ATX,LGA 1151,4,128,https://amazon.com/dp/B07HMGVR8D?tag=pcbuilder00-20
900,MSI,Z790 GODLIKE,Intel Z790,Extended ATX,LGA1700,4,192,https://amazon.com/dp/B0BL9TSHBJ?tag=pcbuilder00-20
930.99,MSI,MEG Z790 ACE,Intel Z790,Extended ATX,LGA 1700,4,128,https://amazon.com/dp/B09XZZQQ4F?tag=pcbuilder00-20
1024.69,MSI,X370 XPOWER GAMING TITANIUM,AMD X370,ATX,AM4,4,64,https://amazon.com/dp/B06WLNZ1JH?tag=pcbuilder00-20
1199.99,MSI,MEG Z790 GODLIKE MAX,Intel Z790,Extended ATX,LGA1700,4,192,https://amazon.com/dp/B0CM9V3F2V?tag=pcbuilder00-20
1299.99,MSI,MEG X670E GODLIKE Gaming,AMD X670E,Extended ATX,AM5,4,128,https://amazon.com/dp/B0B94XN488?tag=pcbuilder00-20
3220.51,MSI,MPG Z390I Gaming Edge AC,Intel Z390,Mini ITX,LGA 1151,2,64,https://amazon.com/dp/B07HM3LZB1?tag=pcbuilder00-20
149.99,NZXT,N5-Z69XT-W1,Intel Z690,ATX,LGA 1700,4,128,https://amazon.com/dp/B09ZNPKVPS?tag=pcbuilder00-20
199,NZXT,N7-B55XT-B1,AMD B550,ATX,AM4,4,128,https://amazon.com/dp/B091BK2KXD?tag=pcbuilder00-20
199.99,NZXT,N7 Z690,Intel Z690,ATX,LGA 1700,4,128,https://amazon.com/dp/B09ZNZMNGD?tag=pcbuilder00-20
259.9,NZXT,N7-Z59XT-W1,Intel Z590,ATX,LGA 1200,4,128,https://amazon.com/dp/B094TJSCLX?tag=pcbuilder00-20
263.82,NZXT,N5-Z69XT-B1,Intel Z690,ATX,LGA 1700,4,128,https://amazon.com/dp/B09ZNSYHNZ?tag=pcbuilder00-20
289,NZXT,N7-Z69XT-W1,Intel Z690,ATX,LGA 1700,4,128,https://amazon.com/dp/B09ZNN4GP4?tag=pcbuilder00-20
297.01,NZXT,N7-Z79XT-B1,Intel Z790,ATX,LGA 1700,4,128,https://amazon.com/dp/B0BG18N3FX?tag=pcbuilder00-20
299,NZXT,N7-Z59XT-B1,Intel Z590,ATX,LGA 1200,4,128,https://amazon.com/dp/B094T3N7CY?tag=pcbuilder00-20
338,NZXT,N7-B65XT-W1,AMD B650,ATX,AM5,4,128,https://amazon.com/dp/B0BFZYB6QW?tag=pcbuilder00-20
341.28,NZXT,N7-B65XT-B1,AMD B650,ATX,AM5,4,128,https://amazon.com/dp/B0BG1HS9LS?tag=pcbuilder00-20
348.76,NZXT,N7-B55XT-W1,AMD B550,ATX,AM4,4,128,https://amazon.com/dp/B092RFLLS2?tag=pcbuilder00-20
399.95,Supermicro,MBD-X11SCV-Q-O,Intel Q370,Mini ITX,LGA 1151,2,64,https://amazon.com/dp/B07GXPG1QW?tag=pcbuilder00-20
484,Supermicro,X11SSV-Q-O,Intel Q170,Mini ITX,LGA 1151,2,32,https://amazon.com/dp/B0150VKX1Y?tag=pcbuilder00-20
511.84,Supermicro,MBD-X10SRL-F-0,Intel C612,ATX,LGA2011-3 Narrow,8,1024,https://amazon.com/dp/B00NTAQ4YY?tag=pcbuilder00-20
513.81,Supermicro,MBD-C9Z490-PGW-O,Intel Z490,ATX,LGA 1200,4,128,https://amazon.com/dp/B08C9GKNPV?tag=pcbuilder00-20
545.49,Supermicro,X9SRI-F-O,Intel C602,ATX,LGA2011,8,64,https://amazon.com/dp/B007HW9TBK?tag=pcbuilder00-20
569.95,Supermicro,X9SRA-O,Intel C602,ATX,LGA2011,8,64,https://amazon.com/dp/B007HW84SY?tag=pcbuilder00-20
579.99,Supermicro,X10DAL-I-O,Intel C612,ATX,2 x LGA2011-3,8,512,https://amazon.com/dp/B00WIM2YAC?tag=pcbuilder00-20
595,Supermicro,MBD-C9Z390-CG-IW-O,Intel Z390,Mini ITX,LGA 1151,2,64,https://amazon.com/dp/B07JGMDBS8?tag=pcbuilder00-20
773.99,Supermicro,C9X299-PG300F,Intel X299,ATX,LGA 2066,8,256,https://amazon.com/dp/B07CBM59NZ?tag=pcbuilder00-20
794.99,Supermicro,X9SRH-7TF-O,Intel C602J,ATX,LGA2011,8,64,https://amazon.com/dp/B00BV2XXKK?tag=pcbuilder00-20
