Price,Brand,Model,Power,Efficiency,Link
39.99,ADATA,XPG Pylon,450,80+ Bronze,https://amazon.com/dp/B08G5CBYCW?tag=pcbuilder00-20
77.78,ADATA,Pylon 550W,550,80+ Bronze,https://amazon.com/dp/B08G7SX67L?tag=pcbuilder00-20
82.11,ADATA,Pylon 650,650,80+ Bronze,https://amazon.com/dp/B08G7Q7TL2?tag=pcbuilder00-20
166,ADATA,XPG Pylon,750,80+ Bronze,https://amazon.com/dp/B08G7SGCZR?tag=pcbuilder00-20
82.02,Antec,BP350,350,80+,https://amazon.com/dp/B000H9J3ZC?tag=pcbuilder00-20
59.99,Antec,VP500 PLUS,500,80+,https://amazon.com/dp/B07JFMCBRQ?tag=pcbuilder00-20
89.52,Antec,VP550 PLUS,550,80+,https://amazon.com/dp/B07JG617FV?tag=pcbuilder00-20
200,Antec,BP550 Plus,550,80+,https://amazon.com/dp/B0017KE3DM?tag=pcbuilder00-20
87.98,Antec,0-761345-11654-1,600,80+,https://amazon.com/dp/B07NC5FGWB?tag=pcbuilder00-20
66.99,Antec,VP650 PLUS,650,80+,https://amazon.com/dp/B07JFM6PRK?tag=pcbuilder00-20
96.76,Antec,0-761345-11657-2,700,80+,https://amazon.com/dp/B07KYR9F24?tag=pcbuilder00-20
249.99,Antec,HCG-400,400,80+ Bronze,https://amazon.com/dp/B0047YITWG?tag=pcbuilder00-20
108.11,Antec,EA-550 GREEN,500,80+ Bronze,https://amazon.com/dp/B002VLYKDO?tag=pcbuilder00-20
84.5,Antec,NE550M,550,80+ Bronze,https://amazon.com/dp/B071DS7659?tag=pcbuilder00-20
98.99,Antec,NE650M,650,80+ Bronze,https://amazon.com/dp/B0716GK7Z6?tag=pcbuilder00-20
185.99,Antec,HCG-750,750,80+ Bronze,https://amazon.com/dp/B0046L1PC6?tag=pcbuilder00-20
69.99,Antec,NeoECO Gold ZEN,500,80+ Gold,https://amazon.com/dp/B0817DXRPX?tag=pcbuilder00-20
93.99,Antec,NeoECO Gold ZEN,600,80+ Gold,https://amazon.com/dp/B07XDHXTB3?tag=pcbuilder00-20
149.99,Antec,Earthwatts Gold Pro,650,80+ Gold,https://amazon.com/dp/B077G9V84S?tag=pcbuilder00-20
89.99,Antec,NeoECO Gold ZEN,700,80+ Gold,https://amazon.com/dp/B07XDHHTX8?tag=pcbuilder00-20
157.11,Antec,HCG750 Gold,750,80+ Gold,https://amazon.com/dp/B0009P7J0K?tag=pcbuilder00-20
164.99,Antec,Earthwatts Gold Pro,750,80+ Gold,https://amazon.com/dp/B077GFQVR4?tag=pcbuilder00-20
161.99,Antec,HCG850 Extreme,850,80+ Gold,https://amazon.com/dp/B07G7GPPCZ?tag=pcbuilder00-20
164.81,Antec,NE1000G M ATX3.0,1000,80+ Gold,https://amazon.com/dp/B0CD3RFL9Z?tag=pcbuilder00-20
254.72,Antec,0-761345-11774-6,1000,80+ Gold,https://amazon.com/dp/B09HCVR1G5?tag=pcbuilder00-20
200.23,Antec,NE1300G M ATX3.0,1300,80+ Gold,https://amazon.com/dp/B00BO1MADE?tag=pcbuilder00-20
229.02,Antec,SP1000,1000,80+ Platinum,https://amazon.com/dp/B0895DBGH9?tag=pcbuilder00-20
284.99,Antec,SP1300,1300,80+ Platinum,https://amazon.com/dp/B0895BNTKK?tag=pcbuilder00-20
240,Antec,ST1000,1000,80+ Titanium,https://amazon.com/dp/B0895CR5X8?tag=pcbuilder00-20
146.27,Antec,0-761345-11758-6,750,,https://amazon.com/dp/B0BS44MP6N?tag=pcbuilder00-20
31.99,Apevia,CAPTAIN550,550,80+,https://amazon.com/dp/B089PZCB7X?tag=pcbuilder00-20
94.84,Apevia,ATX-JP1000W,1000,80+ Bronze,https://amazon.com/dp/B01IE0C8WU?tag=pcbuilder00-20
72.99,Apevia,Signature,1050,80+ Bronze,https://amazon.com/dp/B0741RKRY5?tag=pcbuilder00-20
51.99,Apevia,ATX-RP600W,600,80+ Gold,https://amazon.com/dp/B07NWZQX1J?tag=pcbuilder00-20
66.99,Apevia,Prestige,800,80+ Gold,https://amazon.com/dp/B07NWZZXHQ?tag=pcbuilder00-20
69.99,Apevia,ATX-GX850W,850,80+ Gold,https://amazon.com/dp/B094282KV4?tag=pcbuilder00-20
74.99,Apevia,ATX-PR1000W,1000,80+ Gold,https://amazon.com/dp/B08ZC7W24H?tag=pcbuilder00-20
79.99,Apevia,ATX-GX1000W,1000,80+ Gold,https://amazon.com/dp/B0941WP4XB?tag=pcbuilder00-20
78.05,APEX LEGENDS,AL-8250SFX,250,80+,https://amazon.com/dp/B004O9U9M2?tag=pcbuilder00-20
45.95,APEX LEGENDS,SL-275TFX,275,80+,https://amazon.com/dp/B000TFQ5HI?tag=pcbuilder00-20
88.02,APEX LEGENDS,AL-A400ATX,400,80+,https://amazon.com/dp/B00008ZPNA?tag=pcbuilder00-20
79.99,ApexGaming,AG-750M,750,80+ Gold,https://amazon.com/dp/B079GFTB8F?tag=pcbuilder00-20
99.99,ApexGaming,AG-850M,850,80+ Gold,https://amazon.com/dp/B075XGBBBS?tag=pcbuilder00-20
78,ASUS,TUF GAMING 450B,450,80+ Bronze,https://amazon.com/dp/B08SC2ZYY4?tag=pcbuilder00-20
149.99,ASUS,TUF GAMING 550B,550,80+ Bronze,https://amazon.com/dp/B08MV9694K?tag=pcbuilder00-20
79.99,ASUS,TUF-GAMING-650B,650,80+ Bronze,https://amazon.com/dp/B08MV7FBPS?tag=pcbuilder00-20
105,ASUS,TUF GAMING 750B,750,80+ Bronze,https://amazon.com/dp/B08SBY73C2?tag=pcbuilder00-20
69.99,ASUS,ROG Strix 550W,550,80+ Gold,https://amazon.com/dp/B08461YPSD?tag=pcbuilder00-20
99,ASUS,ROG Strix 650,650,80+ Gold,https://amazon.com/dp/B07YXKM3KZ?tag=pcbuilder00-20
106.53,ASUS,ROG Strix,750,80+ Gold,https://amazon.com/dp/B07YXKMGX7?tag=pcbuilder00-20
230.99,ASUS,90YE00P3-B0NA00,750,80+ Gold,https://amazon.com/dp/B0BPM8PHDY?tag=pcbuilder00-20
124.99,ASUS,ROG-STRIX-850G,850,80+ Gold,https://amazon.com/dp/B08BPLJQMP?tag=pcbuilder00-20
229.99,ASUS,ROG Strix,850,80+ Gold,https://amazon.com/dp/B08BX7JXC3?tag=pcbuilder00-20
279,ASUS,TUF Gaming 850G,850,80+ Gold,https://amazon.com/dp/B0BK541686?tag=pcbuilder00-20
281.59,ASUS,90YE00P2-B0NA00,850,80+ Gold,https://amazon.com/dp/B0BPM6JXZJ?tag=pcbuilder00-20
169.99,ASUS,ROG-STRIX-1000G,1000,80+ Gold,https://amazon.com/dp/B08X7BKLWS?tag=pcbuilder00-20
171.36,ASUS,TUF-GAMING-1000G,1000,80+ Gold,https://amazon.com/dp/B0BZWZYTWJ?tag=pcbuilder00-20
530.18,ASUS,90YE00P0-B0NA00,1200,80+ Gold,https://amazon.com/dp/B0C65T6F8N?tag=pcbuilder00-20
289.35,ASUS,90YE00N4-B0NA00,750,80+ Platinum,https://amazon.com/dp/B0BHJB4VG7?tag=pcbuilder00-20
153.61,ASUS,ROG-THOR-850P2-GAMING,850,80+ Platinum,https://amazon.com/dp/B0C3ZLPNPM?tag=pcbuilder00-20
139.99,ASUS,ROG Thor 850,852,80+ Platinum,https://amazon.com/dp/B07JZLGPCB?tag=pcbuilder00-20
269.67,ASUS,ROG-THOR-1000P2-GAMING,1000,80+ Platinum,https://amazon.com/dp/B09SGQ9PPC?tag=pcbuilder00-20
400.36,ASUS,ROG-THOR-1000P2-EVA-GAMING,1000,80+ Platinum,https://amazon.com/dp/B0BB6BJW27?tag=pcbuilder00-20
303.46,ASUS,ROG-THOR-1200P2-GAMING,1200,80+ Platinum,https://amazon.com/dp/B0BWGWV29G?tag=pcbuilder00-20
320.26,ASUS,Rog Thor,1200,80+ Platinum,https://amazon.com/dp/B07JZHLC4M?tag=pcbuilder00-20
723.09,ASUS,ROG THOR 1600T Gaming,1600,80+ Titanium,https://amazon.com/dp/B0BWH7LDN5?tag=pcbuilder00-20
129.68,Athena,4328505557,400,80+ Bronze,https://amazon.com/dp/B0137D0TNO?tag=pcbuilder00-20
161.45,Athena,Apollo 600 Plus,600,80+ Bronze,https://amazon.com/dp/B073JXZSCM?tag=pcbuilder00-20
167.09,Athena,MF 50P,500,80+ Silver,https://amazon.com/dp/B073JXM2K2?tag=pcbuilder00-20
46.99,Athena Power,AP-MP4ATX30,300,80+,https://amazon.com/dp/B002DBSRIQ?tag=pcbuilder00-20
38.99,Athena Power,AP-MTFX30,300,,https://amazon.com/dp/B00634R3I4?tag=pcbuilder00-20
59,AZZA,PSAZ-650W(ARGB),650,80+ Bronze,https://amazon.com/dp/B084RWV5R8?tag=pcbuilder00-20
146,B002RL24KY,LC6560GP3 V2.3,560,80+ Silver,https://amazon.com/dp/B002RL24KY?tag=pcbuilder00-20
95.49,be quiet!,BN320,300,80+ Bronze,https://amazon.com/dp/B0937GNL7W?tag=pcbuilder00-20
93.58,be quiet!,System Power 9,400,80+ Bronze,https://amazon.com/dp/B079KG3TZ5?tag=pcbuilder00-20
107.97,be quiet!,BN300,400,80+ Bronze,https://amazon.com/dp/B07V2D48JF?tag=pcbuilder00-20
97.81,be quiet!,BN321,450,80+ Bronze,https://amazon.com/dp/B0937H4WJW?tag=pcbuilder00-20
126.45,be quiet!,BN326,450,80+ Bronze,https://amazon.com/dp/B0BJVKGCDP?tag=pcbuilder00-20
120,be quiet!,Netzteil,500,80+ Bronze,https://amazon.com/dp/B079KBPXZJ?tag=pcbuilder00-20
183,be quiet!,System Power 9,500,80+ Bronze,https://amazon.com/dp/B07V8RNCH6?tag=pcbuilder00-20
91.39,be quiet!,BN327,550,80+ Bronze,https://amazon.com/dp/B0BJVMJ887?tag=pcbuilder00-20
151,be quiet!,BN302,600,80+ Bronze,https://amazon.com/dp/B07V5MHC17?tag=pcbuilder00-20
103.66,be quiet!,BN328,650,80+ Bronze,https://amazon.com/dp/B0BJVL2PWD?tag=pcbuilder00-20
109.99,be quiet!,BN329,750,80+ Bronze,https://amazon.com/dp/B0BJVPWRXY?tag=pcbuilder00-20
109.7,be quiet!,BN323,300,80+ Gold,https://amazon.com/dp/B0937HPKFT?tag=pcbuilder00-20
90.77,be quiet!,Pure Power 11,400,80+ Gold,https://amazon.com/dp/B07JJKPNRH?tag=pcbuilder00-20
126.36,be quiet!,BN280,450,80+ Gold,https://amazon.com/dp/B078X22YBS?tag=pcbuilder00-20
69.9,be quiet!,Pure Power 11,500,80+ Gold,https://amazon.com/dp/B07PL3LH4P?tag=pcbuilder00-20
133.69,be quiet!,BN238,500,80+ Gold,https://amazon.com/dp/B07MCGSFN9?tag=pcbuilder00-20
176,be quiet!,Pure Power 11,500,80+ Gold,https://amazon.com/dp/B07JHLD38L?tag=pcbuilder00-20
94.9,be quiet!,BN502,550,80+ Gold,https://amazon.com/dp/B0BVXTHGGN?tag=pcbuilder00-20
103,be quiet!,BN670,550,80+ Gold,https://amazon.com/dp/B0948R8MZB?tag=pcbuilder00-20
109.9,be quiet!,Straight Power 11,550,80+ Gold,https://amazon.com/dp/B07CX3225B?tag=pcbuilder00-20
79.9,be quiet!,Pure Power 11,600,80+ Gold,https://amazon.com/dp/B07PL3LH5D?tag=pcbuilder00-20
95.66,be quiet!,Pure Power 11,600,80+ Gold,https://amazon.com/dp/B07PL3TWG6?tag=pcbuilder00-20
114.73,be quiet!,BN294,600,80+ Gold,https://amazon.com/dp/B07JJL3QRG?tag=pcbuilder00-20
118.22,be quiet!,System Power 9,600,80+ Gold,https://amazon.com/dp/B079K5YY31?tag=pcbuilder00-20
175.49,be quiet!,BN239,600,80+ Gold,https://amazon.com/dp/B07MT3VFMB?tag=pcbuilder00-20
104.9,be quiet!,BN503,650,80+ Gold,https://amazon.com/dp/B0BVYGNLM7?tag=pcbuilder00-20
107.99,be quiet!,Pure Power 11 FM,650,80+ Gold,https://amazon.com/dp/B0948R8Y9F?tag=pcbuilder00-20
119.9,be quiet!,Straight Power 11,650,80+ Gold,https://amazon.com/dp/B07CX2MR8H?tag=pcbuilder00-20
99.9,be quiet!,Pure Power 11,700,80+ Gold,https://amazon.com/dp/B07PGRRZZS?tag=pcbuilder00-20
109.9,be quiet!,Pure Power 11,700,80+ Gold,https://amazon.com/dp/B07PK1XDX7?tag=pcbuilder00-20
114.9,be quiet!,BN672,750,80+ Gold,https://amazon.com/dp/B0948RJG1C?tag=pcbuilder00-20
129.99,be quiet!,Straight Power 11,750,80+ Gold,https://amazon.com/dp/B07CXGWTG3?tag=pcbuilder00-20
124.99,be quiet!,BN505,850,80+ Gold,https://amazon.com/dp/B0BVY62M5F?tag=pcbuilder00-20
129.9,be quiet!,BN675,850,80+ Gold,https://amazon.com/dp/B09V43FNX6?tag=pcbuilder00-20
146.99,be quiet!,BN330,850,80+ Gold,https://amazon.com/dp/B0BJVKQVCF?tag=pcbuilder00-20
196.15,be quiet!,Straight Power 11,850,80+ Gold,https://amazon.com/dp/B078X22YBR?tag=pcbuilder00-20
164.9,be quiet!,BN506,1000,80+ Gold,https://amazon.com/dp/B0BVYCXQY4?tag=pcbuilder00-20
257.57,be quiet!,Straight Power 11,1000,80+ Gold,https://amazon.com/dp/B078WZSN2W?tag=pcbuilder00-20
199.9,be quiet!,BN513,1200,80+ Gold,https://amazon.com/dp/B0CBP3C2S9?tag=pcbuilder00-20
119.9,be quiet!,BN640,550,80+ Platinum,https://amazon.com/dp/B085WVQD1Z?tag=pcbuilder00-20
132.08,be quiet!,Straight Power 11,650,80+ Platinum,https://amazon.com/dp/B085WW5WJH?tag=pcbuilder00-20
149.9,be quiet!,Straight Power 11,750,80+ Platinum,https://amazon.com/dp/B085ZBT81N?tag=pcbuilder00-20
169.9,be quiet!,BN514,750,80+ Platinum,https://amazon.com/dp/B0CC8H91K8?tag=pcbuilder00-20
173.27,be quiet!,Straight Power 11,850,80+ Platinum,https://amazon.com/dp/B085WVWQXP?tag=pcbuilder00-20
209.9,be quiet!,Straight Power 11,1000,80+ Platinum,https://amazon.com/dp/B085WW32T2?tag=pcbuilder00-20
249.9,be quiet!,Straight Power 11,1200,80+ Platinum,https://amazon.com/dp/B085WW7B74?tag=pcbuilder00-20
379.9,be quiet!,BN518,1500,80+ Platinum,https://amazon.com/dp/B0CC8JMDVH?tag=pcbuilder00-20
449,be quiet!,Dark Power Pro 12,1500,80+ Platinum,https://amazon.com/dp/B08HGVZXLP?tag=pcbuilder00-20
424.24,be quiet!,BN501,1600,80+ Platinum,https://amazon.com/dp/B0C6FY4JXF?tag=pcbuilder00-20
100.57,be quiet!,BN273,500,80+ Silver,https://amazon.com/dp/B01MS8EX0W?tag=pcbuilder00-20
150,be quiet!,T380666,600,80+ Silver,https://amazon.com/dp/B01MUBP071?tag=pcbuilder00-20
209.9,be quiet!,BN659,750,80+ Titanium,https://amazon.com/dp/B0BV6FSFL9?tag=pcbuilder00-20
239.9,be quiet!,BN657,850,80+ Titanium,https://amazon.com/dp/B08XWYMM2K?tag=pcbuilder00-20
249.9,be quiet!,BN660,850,80+ Titanium,https://amazon.com/dp/B0BV6CX5PL?tag=pcbuilder00-20
279.9,be quiet!,Dark Power 12,1000,80+ Titanium,https://amazon.com/dp/B08XXXVCS2?tag=pcbuilder00-20
437.49,be quiet!,Dark Power Pro 12,1200,80+ Titanium,https://amazon.com/dp/B08HGQKBQZ?tag=pcbuilder00-20
119.78,Cooler,MWE Bronze V2,750,80+ Bronze,https://amazon.com/dp/B07RZM3P3S?tag=pcbuilder00-20
45.46,Cooler Master,MPW-5001-ACAAN1-US,500,80,https://amazon.com/dp/B07CZ1LY3K?tag=pcbuilder00-20
50.3,Cooler Master,Elite V3,400,80+,https://amazon.com/dp/B07B6Q4B3M?tag=pcbuilder00-20
99.95,Cooler Master,RS500-PCARD3-US,500,80+,https://amazon.com/dp/B001G0WPLK?tag=pcbuilder00-20
78.48,Cooler Master,MPE-7001-ACABW-EU,700,80+,https://amazon.com/dp/B07WZQ5BS8?tag=pcbuilder00-20
63.45,Cooler Master,MPX-5001-ACAAB-US,500,80+ Bronze,https://amazon.com/dp/B074ZDLGM3?tag=pcbuilder00-20
61,Cooler Master,MasterWatt,550,80+ Bronze,https://amazon.com/dp/B074ZDLGMK?tag=pcbuilder00-20
89.99,Cooler Master,MWE 550,550,80+ Bronze,https://amazon.com/dp/B074ZQXBHX?tag=pcbuilder00-20
124,Cooler Master,MWE Bronze V2,550,80+ Bronze,https://amazon.com/dp/B07S2SQCVY?tag=pcbuilder00-20
80.49,Cooler Master,MWE 600,600,80+ Bronze,https://amazon.com/dp/B074ZR8D6P?tag=pcbuilder00-20
69.99,Cooler Master,MPX-6501-AMAAB-US,650,80+ Bronze,https://amazon.com/dp/B074ZKXM72?tag=pcbuilder00-20
89.49,Cooler Master,MPE-7001-ACAAB-EU,700,80+ Bronze,https://amazon.com/dp/B0812BM3YY?tag=pcbuilder00-20
79.99,Cooler Master,MasterWatt,750,80+ Bronze,https://amazon.com/dp/B074ZLQZH6?tag=pcbuilder00-20
89.99,Cooler Master,MPW-5001-ACAAG-US,500,80+ Gold,https://amazon.com/dp/B09JQ8QNLN?tag=pcbuilder00-20
83.77,Cooler Master,V550 V2,550,80+ Gold,https://amazon.com/dp/B08G38N88V?tag=pcbuilder00-20
119.99,Cooler Master,MPY-5501-SFHAGV-US,550,80+ Gold,https://amazon.com/dp/B08LP6LPQN?tag=pcbuilder00-20
115.22,Cooler Master,MPW-6001-ACAAG-US,600,80+ Gold,https://amazon.com/dp/B09JPY84Y7?tag=pcbuilder00-20
125.99,Cooler Master,V650,650,80+ Gold,https://amazon.com/dp/B00FBBQERG?tag=pcbuilder00-20
127.9,Cooler Master,V650,650,80+ Gold,https://amazon.com/dp/B08FKRZ2SK?tag=pcbuilder00-20
169,Cooler Master,MWE 650,650,80+ Gold,https://amazon.com/dp/B07JFLBN3K?tag=pcbuilder00-20
135.99,Cooler Master,Master MWE,750,80+ Gold,https://amazon.com/dp/B07JW7M3VX?tag=pcbuilder00-20
138.99,Cooler Master,MPY-7501-SFHAGV-US,750,80+ Gold,https://amazon.com/dp/B08LP7B7FM?tag=pcbuilder00-20
139.58,Cooler Master,V750,750,80+ Gold,https://amazon.com/dp/B08FKM9RY2?tag=pcbuilder00-20
147.94,Cooler Master,MPE-7501-AFAAG-EU,750,80+ Gold,https://amazon.com/dp/B08BKPQQDD?tag=pcbuilder00-20
159.99,Cooler Master,MPX-7503-AFAG-BUS,750,80+ Gold,https://amazon.com/dp/B0CKBC6KX4?tag=pcbuilder00-20
179.99,Cooler Master,MPZ-7501-AFAG-BUS,750,80+ Gold,https://amazon.com/dp/B0BXFPF2G6?tag=pcbuilder00-20
1004.67,Cooler Master,RS750-AFBAG1-US,750,80+ Gold,https://amazon.com/dp/B0185C5YMS?tag=pcbuilder00-20
119.99,Cooler Master,MPE-8501-AFAAG-US,850,80+ Gold,https://amazon.com/dp/B08M9M6DB9?tag=pcbuilder00-20
144.99,Cooler Master,V850,850,80+ Gold,https://amazon.com/dp/B08LP6WS35?tag=pcbuilder00-20
151.9,Cooler Master,MPY-850V-AGBAG-US,850,80+ Gold,https://amazon.com/dp/B00FZSIALI?tag=pcbuilder00-20
158.07,Cooler Master,V850,850,80+ Gold,https://amazon.com/dp/B097Q9DB5G?tag=pcbuilder00-20
159.85,Cooler Master,MPY-7501-SFHAGV,850,80+ Gold,https://amazon.com/dp/B097QC3FPZ?tag=pcbuilder00-20
184.99,Cooler Master,MPZ-8501-AFAG-BUS,850,80+ Gold,https://amazon.com/dp/B0BXFQ6XPB?tag=pcbuilder00-20
230.56,Cooler Master,MPE-A501-AFCAG-3US,1050,80+ Gold,https://amazon.com/dp/B0BVRTCD7M?tag=pcbuilder00-20
625,Cooler Master,MPE-A501-AFCAG-EU,1050,80+ Gold,https://amazon.com/dp/B09DQ655KX?tag=pcbuilder00-20
257.76,Cooler Master,MPE-C501-AFCAG-3US,1250,80+ Gold,https://amazon.com/dp/B0BVRS87FL?tag=pcbuilder00-20
209.99,Cooler Master,MPG-7501-AFBAP-XUS,750,80+ Platinum,https://amazon.com/dp/B09WP6CC23?tag=pcbuilder00-20
195,Cooler Master,MPG-8501-AFBAP-XUS,850,80+ Platinum,https://amazon.com/dp/B09WPBD741?tag=pcbuilder00-20
206,Cooler Master,V850,850,80+ Platinum,https://amazon.com/dp/B07NQTTGZW?tag=pcbuilder00-20
238.6,Cooler Master,MPZ-B001-SFAP-BUS,1100,80+ Platinum,https://amazon.com/dp/B0BTQN4Q13?tag=pcbuilder00-20
583.91,Cooler Master,MPZ-C002-AFBAT-US,1200,80+ Titanium,https://amazon.com/dp/B01MRCUCLP?tag=pcbuilder00-20
39.99,Coolmax,ZX-500,500,80+,https://amazon.com/dp/B0075WFDYO?tag=pcbuilder00-20
55.09,Coolmax,ZX-600,600,80+,https://amazon.com/dp/B0075WFE3Y?tag=pcbuilder00-20
61.63,Coolmax,ZX-700,700,80+,https://amazon.com/dp/B0075WFEAM?tag=pcbuilder00-20
113.33,Coolmax,ZU-1000B,1000,80+ Bronze,https://amazon.com/dp/B0075W8DQE?tag=pcbuilder00-20
29.77,Coolmax Technologies,14621,500,80+,https://amazon.com/dp/B000LM7PCS?tag=pcbuilder00-20
24.99,Coolmax Technologies,14616,400,,https://amazon.com/dp/B000BKBVT8?tag=pcbuilder00-20
371.99,Corsair,CP-9020117-NA,400,80+,https://amazon.com/dp/B01MYNN9PL?tag=pcbuilder00-20
399.99,Corsair,VS450,450,80+,https://amazon.com/dp/B078HNG7VD?tag=pcbuilder00-20
199.99,Corsair,VS500,500,80+,https://amazon.com/dp/B01N2HRRH4?tag=pcbuilder00-20
197.74,Corsair,CMPSU-550VX,550,80+,https://amazon.com/dp/B000WU2FGK?tag=pcbuilder00-20
260.39,Corsair,VS550,550,80+,https://amazon.com/dp/B078HDMFRZ?tag=pcbuilder00-20
159.99,Corsair,VS600,600,80+,https://amazon.com/dp/B01MXM83A3?tag=pcbuilder00-20
299.99,Corsair,CMPSU-650TX,650,80+,https://amazon.com/dp/B000X24ISU?tag=pcbuilder00-20
399.99,Corsair,CMPSU-800G,800,80+,https://amazon.com/dp/B004H1XXGQ?tag=pcbuilder00-20
499.99,Corsair,CMPSU-850TX,850,80+,https://amazon.com/dp/B001M3G42W?tag=pcbuilder00-20
499.99,Corsair,HX1000,1000,80+,https://amazon.com/dp/B00154QAXQ?tag=pcbuilder00-20
39.99,Corsair,CV,450,80+ Bronze,https://amazon.com/dp/B0838YLZ1H?tag=pcbuilder00-20
84.49,Corsair,CP-9020219-NA,450,80+ Bronze,https://amazon.com/dp/B09HWTHDVZ?tag=pcbuilder00-20
119,Corsair,CXM (2015),450,80+ Bronze,https://amazon.com/dp/B01B72VXE6?tag=pcbuilder00-20
90.66,Corsair,CP-9020216-NA,550,80+ Bronze,https://amazon.com/dp/B08FVHGKDY?tag=pcbuilder00-20
149.99,Corsair,CX,550,80+ Bronze,https://amazon.com/dp/B01B72W0A2?tag=pcbuilder00-20
216.59,Corsair,TX550M,550,80+ Bronze,https://amazon.com/dp/B005E98J28?tag=pcbuilder00-20
191.6,Corsair,CX600,600,80+ Bronze,https://amazon.com/dp/B0092ML0OC?tag=pcbuilder00-20
78.95,Corsair,CX650M,650,80+ Bronze,https://amazon.com/dp/B093NTQJSF?tag=pcbuilder00-20
103.43,Corsair,CP-9020226-NA,650,80+ Bronze,https://amazon.com/dp/B08FVJ4XRK?tag=pcbuilder00-20
105.91,Corsair,CV,650,80+ Bronze,https://amazon.com/dp/B0838YDBP3?tag=pcbuilder00-20
169.99,Corsair,CX (2017),650,80+ Bronze,https://amazon.com/dp/B01MRW2K7E?tag=pcbuilder00-20
299.99,Corsair,CP-9020039-NA,650,80+ Bronze,https://amazon.com/dp/B005E98I0G?tag=pcbuilder00-20
299.99,Corsair,CP-9020064-NA,700,80+ Bronze,https://amazon.com/dp/B00ALSNDS2?tag=pcbuilder00-20
93.99,Corsair,CP-9020222-NA,750,80+ Bronze,https://amazon.com/dp/B093ND8LML?tag=pcbuilder00-20
98.37,Corsair,CX750F,750,80+ Bronze,https://amazon.com/dp/B08FVCD21D?tag=pcbuilder00-20
109.99,Corsair,CX750F,750,80+ Bronze,https://amazon.com/dp/B08FVJ7MGK?tag=pcbuilder00-20
109.99,Corsair,CX750M V2,750,80+ Bronze,https://amazon.com/dp/B078M6D5CJ?tag=pcbuilder00-20
169.99,Corsair,CXM,750,80+ Bronze,https://amazon.com/dp/B00ALK3KEM?tag=pcbuilder00-20
195.29,Corsair,CX (2017),750,80+ Bronze,https://amazon.com/dp/B01N9KIFWF?tag=pcbuilder00-20
207.35,Corsair,CX 750,750,80+ Bronze,https://amazon.com/dp/B008RJZQSW?tag=pcbuilder00-20
384.98,Corsair,TX750,750,80+ Bronze,https://amazon.com/dp/B004MYFODI?tag=pcbuilder00-20
499.99,Corsair,CP-9020003-NA,750,80+ Bronze,https://amazon.com/dp/B005E98FVS?tag=pcbuilder00-20
499.99,Corsair,CP-9020004-NA,850,80+ Bronze,https://amazon.com/dp/B005E98EI2?tag=pcbuilder00-20
599.99,Corsair,TX850,850,80+ Bronze,https://amazon.com/dp/B004MYFODS?tag=pcbuilder00-20
114.99,Corsair,SF450,450,80+ Gold,https://amazon.com/dp/B01CGGOXWQ?tag=pcbuilder00-20
77.1,Corsair,CP-9020220-NA,550,80+ Gold,https://amazon.com/dp/B093NVY3TY?tag=pcbuilder00-20
112.16,Corsair,RMx (2018),550,80+ Gold,https://amazon.com/dp/B079HGL413?tag=pcbuilder00-20
113.65,Corsair,TXM,550,80+ Gold,https://amazon.com/dp/B01MSEYY23?tag=pcbuilder00-20
195.99,Corsair,RM550x,550,80+ Gold,https://amazon.com/dp/B015YEICJ2?tag=pcbuilder00-20
299.99,Corsair,CP-9020053-NA,550,80+ Gold,https://amazon.com/dp/B00EB7UIO6?tag=pcbuilder00-20
119.99,Corsair,SF,600,80+ Gold,https://amazon.com/dp/B01CGI5M24?tag=pcbuilder00-20
79.99,Corsair,RM650,650,80+ Gold,https://amazon.com/dp/B093NGBKKD?tag=pcbuilder00-20
124.99,Corsair,CP-9020198-NA,650,80+ Gold,https://amazon.com/dp/B08R5Q1W7R?tag=pcbuilder00-20
148,Corsair,TXM,650,80+ Gold,https://amazon.com/dp/B01N18J52E?tag=pcbuilder00-20
196.56,Corsair,RM650x,650,80+ Gold,https://amazon.com/dp/B015YEIBJ8?tag=pcbuilder00-20
219.99,Corsair,RMx (2018),650,80+ Gold,https://amazon.com/dp/B079H6111J?tag=pcbuilder00-20
224.4,Corsair,RM650x,650,80+ Gold,https://amazon.com/dp/B00EB7UIRS?tag=pcbuilder00-20
250,Corsair,CP-9020006-NA,650,80+ Gold,https://amazon.com/dp/B00539M628?tag=pcbuilder00-20
83.99,Corsair,RM750,750,80+ Gold,https://amazon.com/dp/B093R3HVCK?tag=pcbuilder00-20
109.99,Corsair,RM750x,750,80+ Gold,https://amazon.com/dp/B08R5W27JS?tag=pcbuilder00-20
129.99,Corsair,CP-9020251-NA,750,80+ Gold,https://amazon.com/dp/B0C61XRJBG?tag=pcbuilder00-20
134,Corsair,RMx (2018),750,80+ Gold,https://amazon.com/dp/B079HGN5QS?tag=pcbuilder00-20
144.99,Corsair,RMX,750,80+ Gold,https://amazon.com/dp/B07JHRLXWG?tag=pcbuilder00-20
147.99,Corsair,RM750,750,80+ Gold,https://amazon.com/dp/B093NL61FB?tag=pcbuilder00-20
172,Corsair,RM750x,750,80+ Gold,https://amazon.com/dp/B015YEI9NQ?tag=pcbuilder00-20
178.98,Corsair,CP-9020262-NA,750,80+ Gold,https://amazon.com/dp/B0BYR1BXC6?tag=pcbuilder00-20
180.99,Corsair,CP-9020248-NA,750,80+ Gold,https://amazon.com/dp/B0BN234QRZ?tag=pcbuilder00-20
190,Corsair,RM750,750,80+ Gold,https://amazon.com/dp/B07RF237B1?tag=pcbuilder00-20
226.41,Corsair,RM 750W,750,80+ Gold,https://amazon.com/dp/B00EB7UITQ?tag=pcbuilder00-20
235,Corsair,RM750x,750,80+ Gold,https://amazon.com/dp/B073H3QPJW?tag=pcbuilder00-20
243.98,Corsair,HX 750,750,80+ Gold,https://amazon.com/dp/B0090I9VZI?tag=pcbuilder00-20
499.99,Corsair,CMPSU-750HX,750,80+ Gold,https://amazon.com/dp/B0029F21LK?tag=pcbuilder00-20
95.99,Corsair,RM850,850,80+ Gold,https://amazon.com/dp/B093NQKFGC?tag=pcbuilder00-20
114.99,Corsair,RM850,850,80+ Gold,https://amazon.com/dp/B093RCJRNS?tag=pcbuilder00-20
129.99,Corsair,CP-9020263-NA,850,80+ Gold,https://amazon.com/dp/B0BYQPH5J3?tag=pcbuilder00-20
139.99,Corsair,CP-9020252-NA,850,80+ Gold,https://amazon.com/dp/B0BP8BJ7X4?tag=pcbuilder00-20
144.99,Corsair,RM850x (2021),850,80+ Gold,https://amazon.com/dp/B08R5JPTMZ?tag=pcbuilder00-20
146.86,Corsair,CP-9020249-UK,850,80+ Gold,https://amazon.com/dp/B0B7XM98VK?tag=pcbuilder00-20
169.99,Corsair,RM850x,850,80+ Gold,https://amazon.com/dp/B015YEI8JG?tag=pcbuilder00-20
179.99,Corsair,CP-9020245-NA,850,80+ Gold,https://amazon.com/dp/B0BW9SV8HQ?tag=pcbuilder00-20
199,Corsair,RM850,850,80+ Gold,https://amazon.com/dp/B07RCKG95L?tag=pcbuilder00-20
209,Corsair,RMx (2018),850,80+ Gold,https://amazon.com/dp/B079H5WNXN?tag=pcbuilder00-20
249,Corsair,RMx (2018),850,80+ Gold,https://amazon.com/dp/B07JWT8YV3?tag=pcbuilder00-20
307,Corsair,RM850x,850,80+ Gold,https://amazon.com/dp/B073GWFBQ3?tag=pcbuilder00-20
439.98,Corsair,CP-9020130-NA,850,80+ Gold,https://amazon.com/dp/B01N5WW9GQ?tag=pcbuilder00-20
499.99,Corsair,CMPSU-850AX,850,80+ Gold,https://amazon.com/dp/B003PJ6QW4?tag=pcbuilder00-20
134.99,Corsair,RM1000e,1000,80+ Gold,https://amazon.com/dp/B0B7237XFJ?tag=pcbuilder00-20
167.99,Corsair,RM1000x,1000,80+ Gold,https://amazon.com/dp/B08R5PH1VY?tag=pcbuilder00-20
178,Corsair,CP-9020264-NA,1000,80+ Gold,https://amazon.com/dp/B0BYQHWJXC?tag=pcbuilder00-20
184.99,Corsair,CP-9020253-NA,1000,80+ Gold,https://amazon.com/dp/B0BP8B6M7Y?tag=pcbuilder00-20
199.99,Corsair,CP-9020246-NA,1000,80+ Gold,https://amazon.com/dp/B0BW9TG9ZY?tag=pcbuilder00-20
229,Corsair,RM1000x,1000,80+ Gold,https://amazon.com/dp/B015YEI7LK?tag=pcbuilder00-20
544.4,Corsair,RM1000,1000,80+ Gold,https://amazon.com/dp/B00EB7UIZU?tag=pcbuilder00-20
144.99,Corsair,SF,600,80+ Platinum,https://amazon.com/dp/B07F84FJ1G?tag=pcbuilder00-20
144.99,Corsair,HX Platinum,750,80+ Platinum,https://amazon.com/dp/B01N6PEBNL?tag=pcbuilder00-20
159.99,Corsair,SF,750,80+ Platinum,https://amazon.com/dp/B07M63H81H?tag=pcbuilder00-20
344.39,Corsair,HX750i,750,80+ Platinum,https://amazon.com/dp/B00M2UINC8?tag=pcbuilder00-20
699.99,Corsair,AX760,760,80+ Platinum,https://amazon.com/dp/B00A0HZMEM?tag=pcbuilder00-20
174.99,Corsair,HX850,850,80+ Platinum,https://amazon.com/dp/B01NARQ2QU?tag=pcbuilder00-20
489.99,Corsair,HX850i,850,80+ Platinum,https://amazon.com/dp/B00M2UIXX2?tag=pcbuilder00-20
219.99,Corsair,HX1000i,1000,80+ Platinum,https://amazon.com/dp/B0B3S8HR8M?tag=pcbuilder00-20
239,Corsair,HX,1000,80+ Platinum,https://amazon.com/dp/B01N5NWKHH?tag=pcbuilder00-20
499,Corsair,HX1000i,1000,80+ Platinum,https://amazon.com/dp/B00M2UINT6?tag=pcbuilder00-20
239,Corsair,HX,1200,80+ Platinum,https://amazon.com/dp/B01MZ8A8NW?tag=pcbuilder00-20
499,Corsair,HX1200i,1200,80+ Platinum,https://amazon.com/dp/B00U6GTONM?tag=pcbuilder00-20
399.99,Corsair,CP-9020215-NA,1500,80+ Platinum,https://amazon.com/dp/B0B3S8GMCK?tag=pcbuilder00-20
629.99,Corsair,HX1500i,1500,80+ Platinum,https://amazon.com/dp/B0B4KKP4ZB?tag=pcbuilder00-20
408.23,Corsair,AX850,850,80+ Titanium,https://amazon.com/dp/B07MRF491W?tag=pcbuilder00-20
622.99,Corsair,AXi,1600,80+ Titanium,https://amazon.com/dp/B0787G1Z74?tag=pcbuilder00-20
234.99,Corsair,CP-9020259-NA,1000,,https://amazon.com/dp/B0BZ2CRW8H?tag=pcbuilder00-20
86.47,COUGAR,VTE X2 750,750,80+,https://amazon.com/dp/B0B9HRHBYR?tag=pcbuilder00-20
89.99,COUGAR,VTE600,600,80+ Bronze,https://amazon.com/dp/B071RV6FPX?tag=pcbuilder00-20
119.9,COUGAR,GEX650,650,80+ Gold,https://amazon.com/dp/B08H8BGMQP?tag=pcbuilder00-20
249.9,COUGAR,31PL120001P01,1200,80+ Platinum,https://amazon.com/dp/B0B3DGC4ZT?tag=pcbuilder00-20
635,COUGAR,GEX 1050,1050,,https://amazon.com/dp/B0993VVFJH?tag=pcbuilder00-20
66.69,DEEP COOL,DA500,500,80+ Bronze,https://amazon.com/dp/B071S667D4?tag=pcbuilder00-20
70.99,DEEP COOL,DA700,700,80+ Bronze,https://amazon.com/dp/B077PQZHMD?tag=pcbuilder00-20
104.92,DEEP COOL,DQ750-M-V2L,750,80+ Gold,https://amazon.com/dp/B089K2Y4Q4?tag=pcbuilder00-20
119.87,DEEP COOL,DQ850-M-V2L,850,80+ Gold,https://amazon.com/dp/B089K8DDSS?tag=pcbuilder00-20
94.51,DeepCool,R-PM650D-FA0B-US,650,80+ Gold,https://amazon.com/dp/B09RV88ZQZ?tag=pcbuilder00-20
197,DeepCool,DQ650-M-V2L,650,80+ Gold,https://amazon.com/dp/B08FRJX752?tag=pcbuilder00-20
84.32,DeepCool,R-PM750D-FA0B-US,750,80+ Gold,https://amazon.com/dp/B09Y5M2422?tag=pcbuilder00-20
90.14,DeepCool,R-PM850D-FA0B-US,850,80+ Gold,https://amazon.com/dp/B09Y5LRPKZ?tag=pcbuilder00-20
106.61,DeepCool,R-PX850G-FC0B-US,850,80+ Gold,https://amazon.com/dp/B0C84GQCX6?tag=pcbuilder00-20
179.99,DeepCool,R-PXC00G-FC0B-US,1200,80+ Gold,https://amazon.com/dp/B0C84FRBC5?tag=pcbuilder00-20
37,Enermax,Cyberbron,500,80+ Bronze,https://amazon.com/dp/B08K1ZBYPZ?tag=pcbuilder00-20
56,Enermax,ECB600AWT,600,80+ Bronze,https://amazon.com/dp/B08K1TH6HT?tag=pcbuilder00-20
74,Enermax,Revolution D.F,650,80+ Gold,https://amazon.com/dp/B07PB67ZS7?tag=pcbuilder00-20
105.99,Enermax,ERF750AWT,750,80+ Gold,https://amazon.com/dp/B07P6SJJN6?tag=pcbuilder00-20
109.99,Enermax,ERS850EWT,850,80+ Gold,https://amazon.com/dp/B0BVTBT25B?tag=pcbuilder00-20
114.99,Enermax,ERF850AWT,850,80+ Gold,https://amazon.com/dp/B07P7XLVJG?tag=pcbuilder00-20
129.99,Enermax,ERT850EWT,850,80+ Gold,https://amazon.com/dp/B0C9L8YDN1?tag=pcbuilder00-20
149.99,Enermax,ERT1050EWT,1050,80+ Gold,https://amazon.com/dp/B0C9L3259S?tag=pcbuilder00-20
149.99,Enermax,ERS1050EWT,1050,80+ Gold,https://amazon.com/dp/B0BYBQGR9S?tag=pcbuilder00-20
169.99,Enermax,ERS1200EWT,1200,80+ Gold,https://amazon.com/dp/B0BYB75CYX?tag=pcbuilder00-20
368.99,Enermax,EMR1350EWT,1350,80+ Gold,https://amazon.com/dp/B0051VVU6G?tag=pcbuilder00-20
107.1,Enermax,EPF600AWT,600,80+ Platinum,https://amazon.com/dp/B01NCLCU62?tag=pcbuilder00-20
50.99,EVGA,100-W1-0500-K3,500,80+,https://amazon.com/dp/B00H33SFJU?tag=pcbuilder00-20
45.5,EVGA,100-W1-0600-K1,600,80+,https://amazon.com/dp/B0160XJAQK?tag=pcbuilder00-20
57.85,EVGA,100-N1-0650-L1,650,80+,https://amazon.com/dp/B01LYRXRDI?tag=pcbuilder00-20
28.2,EVGA,100-N1-0400-L1,400,80+ Bronze,https://amazon.com/dp/B00LV8TZAG?tag=pcbuilder00-20
54.99,EVGA,BR,450,80+ Bronze,https://amazon.com/dp/B07DTP6SLJ?tag=pcbuilder00-20
62.99,EVGA,BQ500,500,80+ Bronze,https://amazon.com/dp/B01N3OAFHD?tag=pcbuilder00-20
64.99,EVGA,BA500,500,80+ Bronze,https://amazon.com/dp/B08BNLL2SJ?tag=pcbuilder00-20
69.64,EVGA,BR,500,80+ Bronze,https://amazon.com/dp/B07DTMXD83?tag=pcbuilder00-20
124.15,EVGA,100-BT-0500-K1,500,80+ Bronze,https://amazon.com/dp/B07QWNQQKQ?tag=pcbuilder00-20
77.99,EVGA,100-BP-0510-K1,510,80+ Bronze,https://amazon.com/dp/B08N3X9WQQ?tag=pcbuilder00-20
59.99,EVGA,100-BP-0550-K1,550,80+ Bronze,https://amazon.com/dp/B0B1S1PN6H?tag=pcbuilder00-20
89.52,EVGA,B5,550,80+ Bronze,https://amazon.com/dp/B084RGH8W4?tag=pcbuilder00-20
64.99,EVGA,BR,600,80+ Bronze,https://amazon.com/dp/B07DTP6QKG?tag=pcbuilder00-20
69.99,EVGA,100-BA-0600-K1,600,80+ Bronze,https://amazon.com/dp/B08BNRGWXZ?tag=pcbuilder00-20
74.99,EVGA,BQ,600,80+ Bronze,https://amazon.com/dp/B01MTJTO2O?tag=pcbuilder00-20
185,EVGA,600B1,600,80+ Bronze,https://amazon.com/dp/B00EON40CS?tag=pcbuilder00-20
71.53,EVGA,100-BP-0610-K1,610,80+ Bronze,https://amazon.com/dp/B08N436KGR?tag=pcbuilder00-20
96.07,EVGA,BQ,650,80+ Bronze,https://amazon.com/dp/B01FYDU8X6?tag=pcbuilder00-20
74.98,EVGA,BR,700,80+ Bronze,https://amazon.com/dp/B07DTP6MWS?tag=pcbuilder00-20
94.9,EVGA,110-BQ-0700-V1,700,80+ Bronze,https://amazon.com/dp/B0877B3TJJ?tag=pcbuilder00-20
139.99,EVGA,100-BP-0710-K1,710,80+ Bronze,https://amazon.com/dp/B08N4NV5HM?tag=pcbuilder00-20
89.5,EVGA,B5,750,80+ Bronze,https://amazon.com/dp/B084R89CJ5?tag=pcbuilder00-20
92.99,EVGA,BQ,750,80+ Bronze,https://amazon.com/dp/B01FYDUDJ0?tag=pcbuilder00-20
119,EVGA,BQ 850,850,80+ Bronze,https://amazon.com/dp/B01FYDUCA0?tag=pcbuilder00-20
129.99,EVGA,B5 850,850,80+ Bronze,https://amazon.com/dp/B084R8FT1X?tag=pcbuilder00-20
99.99,EVGA,SuperNOVA GM,450,80+ Gold,https://amazon.com/dp/B07JFLNG3B?tag=pcbuilder00-20
68.75,EVGA,200-GE-0500-V1,500,80+ Gold,https://amazon.com/dp/B0C1ZXGT67?tag=pcbuilder00-20
73.95,EVGA,GD (2019),500,80+ Gold,https://amazon.com/dp/B07WC79PPN?tag=pcbuilder00-20
103.99,EVGA,SuperNOVA GM,550,80+ Gold,https://amazon.com/dp/B07JFLGGQ6?tag=pcbuilder00-20
122.96,EVGA,SuperNOVA GA,550,80+ Gold,https://amazon.com/dp/B07WNXY6T5?tag=pcbuilder00-20
128.99,EVGA,SuperNOVA G3,550,80+ Gold,https://amazon.com/dp/B01LWTS2UL?tag=pcbuilder00-20
79.15,EVGA,200-GE-0600-V1,600,80+ Gold,https://amazon.com/dp/B0C1ZX644C?tag=pcbuilder00-20
84.99,EVGA,GD (2019),600,80+ Gold,https://amazon.com/dp/B07W5WZCTR?tag=pcbuilder00-20
89.75,EVGA,220-GT-0650-Y1,650,80+ Gold,https://amazon.com/dp/B088SSX883?tag=pcbuilder00-20
93.89,EVGA,GQ,650,80+ Gold,https://amazon.com/dp/B017HA3SQ8?tag=pcbuilder00-20
94.99,EVGA,SuperNOVA G1+,650,80+ Gold,https://amazon.com/dp/B0797CDK7J?tag=pcbuilder00-20
97.03,EVGA,220-G6-0650-X1,650,80+ Gold,https://amazon.com/dp/B08WJJQRGB?tag=pcbuilder00-20
99.99,EVGA,SuperNOVA G3,650,80+ Gold,https://amazon.com/dp/B01LYGFRL6?tag=pcbuilder00-20
109.99,EVGA,650 G5,650,80+ Gold,https://amazon.com/dp/B07WDLTKNM?tag=pcbuilder00-20
120.97,EVGA,SuperNOVA GM,650,80+ Gold,https://amazon.com/dp/B07JG5M5TW?tag=pcbuilder00-20
124,EVGA,SuperNOVA GA,650,80+ Gold,https://amazon.com/dp/B07WW1XK45?tag=pcbuilder00-20
64.8,EVGA,GD (2019),700,80+ Gold,https://amazon.com/dp/B07W956JBC?tag=pcbuilder00-20
89.99,EVGA,200-GE-0700-V1,700,80+ Gold,https://amazon.com/dp/B0C1ZX7P1W?tag=pcbuilder00-20
97.99,EVGA,220-GT-0750-Y1,750,80+ Gold,https://amazon.com/dp/B088SV1FH9?tag=pcbuilder00-20
119.99,EVGA,SuperNOVA GA,750,80+ Gold,https://amazon.com/dp/B07WW1XF51?tag=pcbuilder00-20
127.99,EVGA,GQ,750,80+ Gold,https://amazon.com/dp/B017HA3RGE?tag=pcbuilder00-20
129,EVGA,Super Nova 750 G5,750,80+ Gold,https://amazon.com/dp/B07WGQT8CC?tag=pcbuilder00-20
135.99,EVGA,123-GM-0750-X1,750,80+ Gold,https://amazon.com/dp/B0939VN9QT?tag=pcbuilder00-20
139.99,EVGA,SuperNOVA 750 G6,750,80+ Gold,https://amazon.com/dp/B0998KZ8SP?tag=pcbuilder00-20
176.41,EVGA,SuperNOVA G1+,750,80+ Gold,https://amazon.com/dp/B0797HL9Z4?tag=pcbuilder00-20
225,EVGA,SuperNOVA G3,750,80+ Gold,https://amazon.com/dp/B005BE058W?tag=pcbuilder00-20
99.42,EVGA,200-GE-0800-V1,800,80+ Gold,https://amazon.com/dp/B0C1ZXDZF2?tag=pcbuilder00-20
133.65,EVGA,520-5G-0850-K1,850,80+ Gold,https://amazon.com/dp/B0CD9DW4MV?tag=pcbuilder00-20
134.99,EVGA,220-GT-0850-Y1,850,80+ Gold,https://amazon.com/dp/B08X1C8TK9?tag=pcbuilder00-20
135,EVGA,SuperNOVA GA,850,80+ Gold,https://amazon.com/dp/B07WSXQTD9?tag=pcbuilder00-20
139.99,EVGA,850 GQ,850,80+ Gold,https://amazon.com/dp/B017HA3SO0?tag=pcbuilder00-20
151.13,EVGA,Super Nova 850 G5,850,80+ Gold,https://amazon.com/dp/B07WDLTGC1?tag=pcbuilder00-20
174.29,EVGA,SuperNOVA G1+,850,80+ Gold,https://amazon.com/dp/B0797D6G5R?tag=pcbuilder00-20
176.99,EVGA,220-G6-0850-X1,850,80+ Gold,https://amazon.com/dp/B099821FWG?tag=pcbuilder00-20
179.99,EVGA,SuperNOVA GM850,850,80+ Gold,https://amazon.com/dp/B093B5G7XD?tag=pcbuilder00-20
350,EVGA,220-G2-0850-XR,850,80+ Gold,https://amazon.com/dp/B00IKDETOC?tag=pcbuilder00-20
350,EVGA,220-GL-0850-X1,850,80+ Gold,https://amazon.com/dp/B01LXH982W?tag=pcbuilder00-20
164.74,EVGA,535-5G-1000-K1,1000,80+ Gold,https://amazon.com/dp/B0CDKPPYQ4?tag=pcbuilder00-20
169.99,EVGA,GQ 1000,1000,80+ Gold,https://amazon.com/dp/B017ICWP82?tag=pcbuilder00-20
170.93,EVGA,520-5G-1000-K1,1000,80+ Gold,https://amazon.com/dp/B0CD9TNG2C?tag=pcbuilder00-20
179.99,EVGA,SuperNOVA 1000 G5,1000,80+ Gold,https://amazon.com/dp/B07WMTD41Z?tag=pcbuilder00-20
199.99,EVGA,SuperNOVA G1,1000,80+ Gold,https://amazon.com/dp/B0797D5WHH?tag=pcbuilder00-20
221.82,EVGA,SuperNOVA 1000 GT,1000,80+ Gold,https://amazon.com/dp/B09CRH8YPV?tag=pcbuilder00-20
224.99,EVGA,SuperNOVA 1000 G6,1000,80+ Gold,https://amazon.com/dp/B0997XYF3R?tag=pcbuilder00-20
379.99,EVGA,SuperNOVA,1000,80+ Gold,https://amazon.com/dp/B01LZ3SFB3?tag=pcbuilder00-20
203.86,EVGA,220-GP-1300-X1,1300,80+ Gold,https://amazon.com/dp/B08DZY15CW?tag=pcbuilder00-20
286.14,EVGA,220-GT-1300-X1,1300,80+ Gold,https://amazon.com/dp/B09JL3TWTF?tag=pcbuilder00-20
269.99,EVGA,1600 G+,1600,80+ Gold,https://amazon.com/dp/B08F1DKWX5?tag=pcbuilder00-20
650,EVGA,SuperNOVA 1600 G2,1600,80+ Gold,https://amazon.com/dp/B00MMLUIE8?tag=pcbuilder00-20
115,EVGA,220-P5-0650-X1,650,80+ Platinum,https://amazon.com/dp/B08TRR3LG2?tag=pcbuilder00-20
149.99,EVGA,SuperNova 650,650,80+ Platinum,https://amazon.com/dp/B010HWDPKW?tag=pcbuilder00-20
174.99,EVGA,9B17-438-217,650,80+ Platinum,https://amazon.com/dp/B09D8T9WWJ?tag=pcbuilder00-20
179.96,EVGA,220-P5-0750-X1,750,80+ Platinum,https://amazon.com/dp/B08QLXFLBW?tag=pcbuilder00-20
210,EVGA,210-PQ-0750-X1,750,80+ Platinum,https://amazon.com/dp/B07BVZXW55?tag=pcbuilder00-20
191,EVGA,220-P5-0850-X1,850,80+ Platinum,https://amazon.com/dp/B09NB4PC6K?tag=pcbuilder00-20
218.99,EVGA,220-P6-0850-X1,850,80+ Platinum,https://amazon.com/dp/B09CRLXL76?tag=pcbuilder00-20
375,EVGA,SuperNOVA P2,850,80+ Platinum,https://amazon.com/dp/B010HWDOH6?tag=pcbuilder00-20
233.8,EVGA,220-P3-1000-X1,1000,80+ Platinum,https://amazon.com/dp/B09J5FC6CC?tag=pcbuilder00-20
249.99,EVGA,220-P6-1000-X1,1000,80+ Platinum,https://amazon.com/dp/B09CRLRPBD?tag=pcbuilder00-20
298.28,EVGA,SuperNOVA 1000 P2,1000,80+ Platinum,https://amazon.com/dp/B00EKJQM5E?tag=pcbuilder00-20
329,EVGA,SuperNOVA P2,1200,80+ Platinum,https://amazon.com/dp/B00KYK1CKI?tag=pcbuilder00-20
451.55,EVGA,220-P3-1200-X1,1200,80+ Platinum,https://amazon.com/dp/B09GQM6CW3?tag=pcbuilder00-20
290,EVGA,220-PP-1300-X1,1300,80+ Platinum,https://amazon.com/dp/B099816R9C?tag=pcbuilder00-20
339.99,EVGA,220-PP-1600-X1,1600,80+ Platinum,https://amazon.com/dp/B09M9639VW?tag=pcbuilder00-20
472,EVGA,SuperNOVA P2,1600,80+ Platinum,https://amazon.com/dp/B00NJG61JQ?tag=pcbuilder00-20
234.99,EVGA,SuperNOVA T2,850,80+ Titanium,https://amazon.com/dp/B018JYHGOQ?tag=pcbuilder00-20
279.99,EVGA,SuperNOVA T2,1000,80+ Titanium,https://amazon.com/dp/B018JYHGQE?tag=pcbuilder00-20
469.99,EVGA,SuperNOVA T2,1600,80+ Titanium,https://amazon.com/dp/B00R33ZBQU?tag=pcbuilder00-20
117.49,Fractal Design,FD-P-AS2B-450-EU,450,80+ Bronze,https://amazon.com/dp/B0948YMX3W?tag=pcbuilder00-20
122.21,Fractal Design,FD-P-AA1B-550-EU,550,80+ Bronze,https://amazon.com/dp/B09NMBV2FV?tag=pcbuilder00-20
143.09,Fractal Design,FD-P-AA1B-650-UK,650,80+ Bronze,https://amazon.com/dp/B09NMBGN3C?tag=pcbuilder00-20
153.98,Fractal Design,FD-P-AA1B-750-UK,750,80+ Bronze,https://amazon.com/dp/B09NMG5G9M?tag=pcbuilder00-20
167,Fractal Design,Design Ion Gold,550,80+ Gold,https://amazon.com/dp/B08X25JG5X?tag=pcbuilder00-20
129.99,Fractal Design,FD-P-IA2G-650,650,80+ Gold,https://amazon.com/dp/B08X1LS7WG?tag=pcbuilder00-20
156.89,Fractal Design,FD-P-IA2G-850,850,80+ Gold,https://amazon.com/dp/B08X249F7T?tag=pcbuilder00-20
197.09,Fractal Design,FD-P-IA2P-560-UK,560,80+ Platinum,https://amazon.com/dp/B094D2L9NJ?tag=pcbuilder00-20
144.45,Fractal Design,FD-PSU-IONP-660P-BK-US,660,80+ Platinum,https://amazon.com/dp/B07VWXGVSQ?tag=pcbuilder00-20
247,Fractal Design,FD-P-IA2P-760-UK,760,80+ Platinum,https://amazon.com/dp/B094D36XMH?tag=pcbuilder00-20
268,Fractal Design,FD-P-IA2P-860-UK,860,80+ Platinum,https://amazon.com/dp/B094D1T74K?tag=pcbuilder00-20
148.02,FSP,FSP300-60LG-5K,300,80+ Bronze,https://amazon.com/dp/B00QQ6871G?tag=pcbuilder00-20
148.02,FSP,FSP300-60LG,300,80+ Bronze,https://amazon.com/dp/B0085JFL8E?tag=pcbuilder00-20
99.99,FSP,FSP400-60FGGBA,400,80+ Gold,https://amazon.com/dp/B014G2OUG2?tag=pcbuilder00-20
79.99,FSP,HGE550,550,80+ Gold,https://amazon.com/dp/B077V9SVSK?tag=pcbuilder00-20
69.99,FSP,HA650M,650,80+ Gold,https://amazon.com/dp/B077V92P9M?tag=pcbuilder00-20
89.99,FSP,HGE650,650,80+ Gold,https://amazon.com/dp/B077VJDWZ1?tag=pcbuilder00-20
124.99,FSP,Dagger Pro 650,650,80+ Gold,https://amazon.com/dp/B07SYSLZDR?tag=pcbuilder00-20
129.99,FSP,PS-FS-HYDR850W,850,80+ Gold,https://amazon.com/dp/B07VPCC1J3?tag=pcbuilder00-20
169.99,FSP,SDA2-850,850,80+ Gold,https://amazon.com/dp/B09721FTTX?tag=pcbuilder00-20
226.67,FSP,HG2-1000,1000,80+ Gold,https://amazon.com/dp/B08JVJWWTQ?tag=pcbuilder00-20
192,FSP,FSP500-50FSPT,500,80+ Platinum,https://amazon.com/dp/B01N4IGM0O?tag=pcbuilder00-20
152.87,FSP,HPT3-850M-G5,850,80+ Platinum,https://amazon.com/dp/B0BT1B13H1?tag=pcbuilder00-20
170.51,FSP,HPT3-1000M-G5,1000,80+ Platinum,https://amazon.com/dp/B0BTTV6RXH?tag=pcbuilder00-20
179.99,FSP,HPT2-1000M,1000,80+ Platinum,https://amazon.com/dp/B08L9S7F6Z?tag=pcbuilder00-20
254.99,FSP,HPT3-1200M-G5,1200,80+ Platinum,https://amazon.com/dp/B0BTTX8J4H?tag=pcbuilder00-20
124,GAMDIAS,KRATOS E1-600,600,80+,https://amazon.com/dp/B08DP6B8GQ?tag=pcbuilder00-20
69.99,GAMDIAS,Kratos M1,750,80+ Bronze,https://amazon.com/dp/B07NRN6FNJ?tag=pcbuilder00-20
126.13,GAMDIAS,KRATOS P1,750,80+ Gold,https://amazon.com/dp/B07WJL7HQD?tag=pcbuilder00-20
94.99,GAMEMAX,GX-850 PRO BK,850,80+ Gold,https://amazon.com/dp/B0BP26PQ1P?tag=pcbuilder00-20
119.99,GAMEMAX,GX-850 PRO WT,850,80+ Gold,https://amazon.com/dp/B0BP2785GW?tag=pcbuilder00-20
159.99,GAMEMAX,GX-1050 PRO WT,1050,80+ Platinum,https://amazon.com/dp/B0BX22RZHX?tag=pcbuilder00-20
79.99,Gigabyte,P450B,450,80+ Bronze,https://amazon.com/dp/B08DK7YPX4?tag=pcbuilder00-20
87.57,Gigabyte,GP-PB500,500,80+ Bronze,https://amazon.com/dp/B06XYT17MC?tag=pcbuilder00-20
74.58,Gigabyte,GP-P550B,550,80+ Bronze,https://amazon.com/dp/B08DK7MVKX?tag=pcbuilder00-20
69.99,Gigabyte,P-B,650,80+ Bronze,https://amazon.com/dp/B079SSKYWB?tag=pcbuilder00-20
89.99,Gigabyte,GP-UD750GM,750,80+ Gold,https://amazon.com/dp/B09VK3TVK2?tag=pcbuilder00-20
106,Gigabyte,P750GM,750,80+ Gold,https://amazon.com/dp/B08DKJJFW6?tag=pcbuilder00-20
171.89,Gigabyte,GP-AP750GM-UK,750,80+ Gold,https://amazon.com/dp/B07K49W6P7?tag=pcbuilder00-20
67.99,Gigabyte,GP-UD850GM,850,80+ Gold,https://amazon.com/dp/B09RK7GFQL?tag=pcbuilder00-20
129.99,Gigabyte,GP-P850GM,850,80+ Gold,https://amazon.com/dp/B08JGPBML2?tag=pcbuilder00-20
131.51,GIGABYTE,GP-UD850GM PG5,850,80+ Gold,https://amazon.com/dp/B0BVBH33TP?tag=pcbuilder00-20
139.99,GIGABYTE,GP-UD850GM PG5W,850,80+ Gold,https://amazon.com/dp/B0CKM1JX4S?tag=pcbuilder00-20
159.99,Gigabyte,GP-UD1000GM,1000,80+ Gold,https://amazon.com/dp/B09VKF3CFC?tag=pcbuilder00-20
194.83,Gigabyte,GP-UD1000GM PG5,1000,80+ Gold,https://amazon.com/dp/B09VK35VYJ?tag=pcbuilder00-20
194.99,GIGABYTE,UD1300GM PG5,1300,80+ Gold,https://amazon.com/dp/B0BZFVFTWC?tag=pcbuilder00-20
249.99,Gigabyte,GP-AP1200PM,1200,80+ Platinum,https://amazon.com/dp/B09VKFM255?tag=pcbuilder00-20
61.01,IN WIN,IP-S300FF1-0 H,300,80+,https://amazon.com/dp/B0059E32FW?tag=pcbuilder00-20
121.72,IN WIN,IW-PS-P650W,650,80+ Gold,https://amazon.com/dp/B08LL6D766?tag=pcbuilder00-20
147.88,IN WIN,PB-750W,750,80+ Gold,https://amazon.com/dp/B07KJT42LB?tag=pcbuilder00-20
177.67,IN WIN,P850W,850,80+ Gold,https://amazon.com/dp/B089QWV81T?tag=pcbuilder00-20
191.22,IN WIN,P105II,1050,80+ Platinum,https://amazon.com/dp/B0CJN3WSND?tag=pcbuilder00-20
242.95,IN WIN,P130II,1300,80+ Platinum,https://amazon.com/dp/B0CJN2WHCM?tag=pcbuilder00-20
63,IN-WIN Development,IP-S200DF1-0,200,,https://amazon.com/dp/B003VMY712?tag=pcbuilder00-20
89.99,Kingwin,ABT-1050MM,1050,80+,https://amazon.com/dp/B0037XXM70?tag=pcbuilder00-20
96,LEPA,B1000-MB,1000,80+ Bronze,https://amazon.com/dp/B00F3ZNDME?tag=pcbuilder00-20
49.99,LETANG,Cobra RX 700,700,80+ Bronze,https://amazon.com/dp/B01056KUJ4?tag=pcbuilder00-20
128,Lian Li,SP750,750,80+ Gold,https://amazon.com/dp/B09HJND3Q4?tag=pcbuilder00-20
149.24,Lian Li,SP850 BLACK,850,80+ Gold,https://amazon.com/dp/B0BCV9JCCH?tag=pcbuilder00-20
149.99,Lian Li,SP850 WHITE,850,80+ Gold,https://amazon.com/dp/B0BCVBNQCZ?tag=pcbuilder00-20
29.99,Logisys,PS550E12BK,550,80+ Gold,https://amazon.com/dp/B004MU8VCS?tag=pcbuilder00-20
124.99,Montech,TIS0124,850,80+ Gold,https://amazon.com/dp/B0BPXRBJR6?tag=pcbuilder00-20
149.99,Montech,TITAN GOLD 1000W,1000,80+ Gold,https://amazon.com/dp/B0BPXQZJV4?tag=pcbuilder00-20
169.99,Montech,TITAN GOLD 1200W,1200,80+ Gold,https://amazon.com/dp/B0BPXVJQ8W?tag=pcbuilder00-20
79.99,MSI,A650GF,650,80+ Gold,https://amazon.com/dp/B08PDV45F8?tag=pcbuilder00-20
91.95,MSI,MPGA750GF,750,80+ Gold,https://amazon.com/dp/B08PDZ5ZLT?tag=pcbuilder00-20
139.99,MSI,MPGA850GF,850,80+ Gold,https://amazon.com/dp/B08PDZQZN2?tag=pcbuilder00-20
159.99,MSI,MPGA850GPCIE5,850,80+ Gold,https://amazon.com/dp/B0B4345YV7?tag=pcbuilder00-20
199.94,MSI,MPGA1000GPCIE5,1000,80+ Gold,https://amazon.com/dp/B0B434DB7Y?tag=pcbuilder00-20
268.8,MSI,MPGA1000GF,1000,80+ Gold,https://amazon.com/dp/B09NTQ8TZJ?tag=pcbuilder00-20
279.38,MSI,MEGAI1000PPCIE5,1000,80+ Platinum,https://amazon.com/dp/B0B433KXLJ?tag=pcbuilder00-20
349.99,MSI,MEGAI1300PPCIE5,1300,80+ Platinum,https://amazon.com/dp/B0B433ZCRP?tag=pcbuilder00-20
167,NOX,Hummer 650,650,80+ Bronze,https://amazon.com/dp/B00LALXQDG?tag=pcbuilder00-20
89.99,NZXT,PA-6B1BB-US,650,80+ Bronze,https://amazon.com/dp/B09H3KMQZ6?tag=pcbuilder00-20
79.99,NZXT,PA-6G1BB-US,650,80+ Gold,https://amazon.com/dp/B09YZ2THMB?tag=pcbuilder00-20
179.99,NZXT,C650,650,80+ Gold,https://amazon.com/dp/B082DYQCZC?tag=pcbuilder00-20
109.99,NZXT,C750,750,80+ Gold,https://amazon.com/dp/B09YZ25M7L?tag=pcbuilder00-20
118.55,NZXT,C750,750,80+ Gold,https://amazon.com/dp/B082DYTR5Z?tag=pcbuilder00-20
125.86,NZXT,C850,850,80+ Gold,https://amazon.com/dp/B082DYDHSZ?tag=pcbuilder00-20
134.99,NZXT,PA-8G1BB-US,850,80+ Gold,https://amazon.com/dp/B09YYZPVXB?tag=pcbuilder00-20
259,NZXT,NP-1PM-E850A-US,850,80+ Gold,https://amazon.com/dp/B07CGCFWJY?tag=pcbuilder00-20
99.99,PC Power & Cooling,FPS0600-A2S00,600,80+ Bronze,https://amazon.com/dp/B075P6T9ZT?tag=pcbuilder00-20
190.36,PC Power & Cooling,Silencer 1050,1050,80+ Platinum,https://amazon.com/dp/B077YXBMTC?tag=pcbuilder00-20
270,PC Power & Cooling,Silencer 1200,1200,80+ Platinum,https://amazon.com/dp/B075SMMWRK?tag=pcbuilder00-20
108.99,Phanteks,AMP 650,650,80+ Gold,https://amazon.com/dp/B07W8ZS9HF?tag=pcbuilder00-20
119.99,Phanteks,AMP 750,750,80+ Gold,https://amazon.com/dp/B07W5RSX99?tag=pcbuilder00-20
169,Phanteks,Revolt Pro,1000,80+ Gold,https://amazon.com/dp/B07J64QRVH?tag=pcbuilder00-20
169.99,Phanteks,PH-P1000G_02,1000,80+ Gold,https://amazon.com/dp/B0BWPL4N3Q?tag=pcbuilder00-20
169.99,Phanteks,PH-P1000G_WT02,1000,80+ Gold,https://amazon.com/dp/B0BWQ5V6RR?tag=pcbuilder00-20
199.99,Phanteks,PH-P850PSF_02,850,80+ Platinum,https://amazon.com/dp/B0BVNY4LKY?tag=pcbuilder00-20
229.99,Phanteks,Revolt X 1000,1000,80+ Platinum,https://amazon.com/dp/B07H7LHKBR?tag=pcbuilder00-20
240.23,Phanteks,Revolt X,1200,80+ Platinum,https://amazon.com/dp/B07H7K5C8W?tag=pcbuilder00-20
109.99,PHANTEKS THERMAL SOLUTIONS,PH-P650GSF_US01,650,80+ Gold,https://amazon.com/dp/B09ZGNZTTX?tag=pcbuilder00-20
84.99,PowerSpec,PS 750BSM,750,80+ Bronze,https://amazon.com/dp/B08YYJHNMH?tag=pcbuilder00-20
155,PowerSpec,PS 650GSM,650,80+ Gold,https://amazon.com/dp/B089BVV82M?tag=pcbuilder00-20
89.99,PowerSpec,PS 750GFM,750,80+ Gold,https://amazon.com/dp/B07FB38B8R?tag=pcbuilder00-20
29.99,Raidmax,RX-300XT,300,80,https://amazon.com/dp/B0714K8QLJ?tag=pcbuilder00-20
59.99,Raidmax,Cobra,500,80+ Bronze,https://amazon.com/dp/B00HK74EPS?tag=pcbuilder00-20
64.99,Raidmax,RX-735AP,735,80+ Bronze,https://amazon.com/dp/B076QHHB6X?tag=pcbuilder00-20
54.99,Raidmax,RX-730SS,730,80+ Gold,https://amazon.com/dp/B0055EIIXW?tag=pcbuilder00-20
49.99,Raidmax,RX-530SS,530,,https://amazon.com/dp/B000TYN2PC?tag=pcbuilder00-20
349.99,Razer,RC21-01840200-R3UT,850,80+ Platinum,https://amazon.com/dp/B0B6Y8Y1RL?tag=pcbuilder00-20
389.99,Razer,RC21-01840400-R3UT,1200,80+ Platinum,https://amazon.com/dp/B0B6YFBMVW?tag=pcbuilder00-20
80,Rosewill,RG430-S12,430,80+,https://amazon.com/dp/B004GLBID2?tag=pcbuilder00-20
170,Rosewill,RG530-S12,530,80+,https://amazon.com/dp/B004GL4UZK?tag=pcbuilder00-20
52.7,Rosewill,ARC 450,450,80+ Bronze,https://amazon.com/dp/B00KJMD038?tag=pcbuilder00-20
49.99,Rosewill,Glacier 500M,500,80+ Bronze,https://amazon.com/dp/B00S8NO7OQ?tag=pcbuilder00-20
49.99,Rosewill,CFZ500,500,80+ Bronze,https://amazon.com/dp/B08RQJQTDJ?tag=pcbuilder00-20
50.99,Rosewill,ARC 550,550,80+ Bronze,https://amazon.com/dp/B00KJMD272?tag=pcbuilder00-20
59.99,Rosewill,Hive-550S,550,80+ Bronze,https://amazon.com/dp/B005ILWY9G?tag=pcbuilder00-20
62.61,Rosewill,Glacier 600M,600,80+ Bronze,https://amazon.com/dp/B00S8NOAJ8?tag=pcbuilder00-20
62.99,Rosewill,CFZ600,600,80+ Bronze,https://amazon.com/dp/B08RSBVZMZ?tag=pcbuilder00-20
60.99,Rosewill,ARC 650,650,80+ Bronze,https://amazon.com/dp/B00KJMD4L6?tag=pcbuilder00-20
69.99,Rosewill,Hive-650S,650,80+ Bronze,https://amazon.com/dp/B005ILWYJQ?tag=pcbuilder00-20
89.99,Rosewill,Glacier 700M,700,80+ Bronze,https://amazon.com/dp/B00S7UU0UA?tag=pcbuilder00-20
76.99,Rosewill,ARC 750,750,80+ Bronze,https://amazon.com/dp/B00KJMCXOA?tag=pcbuilder00-20
79.99,Rosewill,CFZ750,750,80+ Bronze,https://amazon.com/dp/B08RQZTZG5?tag=pcbuilder00-20
99,Rosewill,Glacier 850M,850,80+ Bronze,https://amazon.com/dp/B00SAYCOYI?tag=pcbuilder00-20
99.99,Rosewill,HIVE-850S,850,80+ Bronze,https://amazon.com/dp/B00N2KAOW4?tag=pcbuilder00-20
114.99,Rosewill,RBR1000,1000,80+ Bronze,https://amazon.com/dp/B003J89V0A?tag=pcbuilder00-20
77.99,Rosewill,PHOTON-550,550,80+ Gold,https://amazon.com/dp/B00NWW3WVW?tag=pcbuilder00-20
89.95,Rosewill,LEPTON,600,80+ Gold,https://amazon.com/dp/B077PZG8F5?tag=pcbuilder00-20
140,Rosewill,VALENS-600,600,80+ Gold,https://amazon.com/dp/B00PGV4Q62?tag=pcbuilder00-20
99.99,Rosewill,CAPSTONE-750,750,80+ Gold,https://amazon.com/dp/B006BCKHIQ?tag=pcbuilder00-20
169,Sea Sonic,SS-850HT,850,80+ Silver,https://amazon.com/dp/B003HE7K36?tag=pcbuilder00-20
62.92,Seasonic,SS-300TFX,300,80+ Bronze,https://amazon.com/dp/B004JUVNVC?tag=pcbuilder00-20
67.61,Seasonic,SSP-300TBS,300,80+ Bronze,https://amazon.com/dp/B06XW8HK71?tag=pcbuilder00-20
104.44,Seasonic,SS-300ES Bronze,300,80+ Bronze,https://amazon.com/dp/B00512IXNI?tag=pcbuilder00-20
98,Seasonic,SS-400ET BRONZE,400,80+ Bronze,https://amazon.com/dp/B004GWZRRO?tag=pcbuilder00-20
64.99,Seasonic,S12III,500,80+ Bronze,https://amazon.com/dp/B07MWG3911?tag=pcbuilder00-20
98.68,Seasonic,S12II 520 BRONZE SS-520GB,520,80+ Bronze,https://amazon.com/dp/B00390P1NO?tag=pcbuilder00-20
79.99,Seasonic,S12III,550,80+ Bronze,https://amazon.com/dp/B07MWGZT5N?tag=pcbuilder00-20
99.81,Seasonic,SS-600ES,600,80+ Bronze,https://amazon.com/dp/B0065SHMYI?tag=pcbuilder00-20
128.04,Seasonic,SS-600ET,600,80+ Bronze,https://amazon.com/dp/B0065SHN8S?tag=pcbuilder00-20
79.95,Seasonic,S12III,650,80+ Bronze,https://amazon.com/dp/B07MWHRG99?tag=pcbuilder00-20
78.95,Seasonic,SSP-300SUG,300,80+ Gold,https://amazon.com/dp/B017XEIJDK?tag=pcbuilder00-20
164.09,Seasonic,CORE-GM-500,500,80+ Gold,https://amazon.com/dp/B07WRDQ2H7?tag=pcbuilder00-20
112,Seasonic,FOCUS Gold,550,80+ Gold,https://amazon.com/dp/B077916ZZV?tag=pcbuilder00-20
121.7,Seasonic,G12-GM-550,550,80+ Gold,https://amazon.com/dp/B084TSDNKT?tag=pcbuilder00-20
127.4,Seasonic,FOCUS,550,80+ Gold,https://amazon.com/dp/B07WQYM74W?tag=pcbuilder00-20
139.6,Seasonic,FOCUS Plus,550,80+ Gold,https://amazon.com/dp/B073GY89G5?tag=pcbuilder00-20
133.99,Seasonic,FOCUS Gold,650,80+ Gold,https://amazon.com/dp/B07793TFW8?tag=pcbuilder00-20
134.44,Seasonic,G12-GM-650,650,80+ Gold,https://amazon.com/dp/B07WTXYHY5?tag=pcbuilder00-20
139,Seasonic,FOCUS Plus,650,80+ Gold,https://amazon.com/dp/B073H33X7R?tag=pcbuilder00-20
144.99,Seasonic,CORE-GM-650,650,80+ Gold,https://amazon.com/dp/B07WVMT2RZ?tag=pcbuilder00-20
146.94,Seasonic,FOCUS,650,80+ Gold,https://amazon.com/dp/B077J9QTDR?tag=pcbuilder00-20
169.99,Seasonic,SSR-650SGX,650,80+ Gold,https://amazon.com/dp/B07JVQQK69?tag=pcbuilder00-20
135.95,Seasonic,FOCUS,750,80+ Gold,https://amazon.com/dp/B0778XF1HL?tag=pcbuilder00-20
139.99,Seasonic,FOCUS Plus,750,80+ Gold,https://amazon.com/dp/B073GWKDVM?tag=pcbuilder00-20
144.99,Seasonic,ATX3-FOCUS-GX-750,750,80+ Gold,https://amazon.com/dp/B0C5B6PXJ7?tag=pcbuilder00-20
148.45,Seasonic,G12-GM-750,750,80+ Gold,https://amazon.com/dp/B084TSPNR5?tag=pcbuilder00-20
156.17,Seasonic,FOCUS GX-750,750,80+ Gold,https://amazon.com/dp/B077J9G9CH?tag=pcbuilder00-20
159,Seasonic,PRIME 750,750,80+ Gold,https://amazon.com/dp/B075M3N212?tag=pcbuilder00-20
169.99,Seasonic,SSR-750SGX V2(2021),750,80+ Gold,https://amazon.com/dp/B09TDV18HG?tag=pcbuilder00-20
188,Seasonic,VERTEX GX-750,750,80+ Gold,https://amazon.com/dp/B0C572M2SM?tag=pcbuilder00-20
209.45,Seasonic,PRIME GX-750,750,80+ Gold,https://amazon.com/dp/B07XF2JMGW?tag=pcbuilder00-20
157.13,Seasonic,FOCUS Plus Gold,850,80+ Gold,https://amazon.com/dp/B073H3ZZQZ?tag=pcbuilder00-20
162.87,Seasonic,G12-GM-850,850,80+ Gold,https://amazon.com/dp/B084TSBB2R?tag=pcbuilder00-20
169.99,Seasonic,ATX3-FOCUS-GX-850,850,80+ Gold,https://amazon.com/dp/B0C5B888CM?tag=pcbuilder00-20
180.94,Seasonic,FOCUS,850,80+ Gold,https://amazon.com/dp/B07WVMDZMZ?tag=pcbuilder00-20
264.79,Seasonic,PRIME-GX-850,850,80+ Gold,https://amazon.com/dp/B07X9W7ZLY?tag=pcbuilder00-20
194.99,Seasonic,FOCUS Plus Gold,1000,80+ Gold,https://amazon.com/dp/B078T1XSJ1?tag=pcbuilder00-20
204.99,Seasonic,ATX3-FOCUS-GX-1000,1000,80+ Gold,https://amazon.com/dp/B0C5B8B8SL?tag=pcbuilder00-20
206.51,Seasonic,FOCUS GX-1000,1000,80+ Gold,https://amazon.com/dp/B07WVWJW8N?tag=pcbuilder00-20
310,Seasonic,PRIME GX-1000,1000,80+ Gold,https://amazon.com/dp/B07XBVP3DM?tag=pcbuilder00-20
295,Seasonic,Vertex GX-1200,1200,80+ Gold,https://amazon.com/dp/B0BVP4GM9S?tag=pcbuilder00-20
232.27,Seasonic,PRIME FANLESS PX-450,450,80+ Platinum,https://amazon.com/dp/B086PHT9MC?tag=pcbuilder00-20
204.24,Seasonic,PRIME FANLESS PX-500,500,80+ Platinum,https://amazon.com/dp/B0869RSK7X?tag=pcbuilder00-20
138.56,Seasonic,FOCUS PX-550,550,80+ Platinum,https://amazon.com/dp/B07W92T29L?tag=pcbuilder00-20
147.45,Seasonic,FOCUS Plus 550,550,80+ Platinum,https://amazon.com/dp/B074N8YBK9?tag=pcbuilder00-20
156.78,Seasonic,FOCUS PX-650,650,80+ Platinum,https://amazon.com/dp/B07W7YD7D1?tag=pcbuilder00-20
162.67,Seasonic,FOCUS Plus 650,650,80+ Platinum,https://amazon.com/dp/B074N8RG74?tag=pcbuilder00-20
166.99,Seasonic,FOCUS Plus Platinum,750,80+ Platinum,https://amazon.com/dp/B074NB1PBZ?tag=pcbuilder00-20
177.8,Seasonic,FOCUS PX-750,750,80+ Platinum,https://amazon.com/dp/B07W4PLZWH?tag=pcbuilder00-20
219.99,Seasonic,VERTEX PX-750,750,80+ Platinum,https://amazon.com/dp/B0C572J6MZ?tag=pcbuilder00-20
236.99,Seasonic,SSR-750PD2,750,80+ Platinum,https://amazon.com/dp/B075M4SJL6?tag=pcbuilder00-20
247.09,Seasonic,PRIME PX-750,750,80+ Platinum,https://amazon.com/dp/B07XGZW95V?tag=pcbuilder00-20
189.99,Seasonic,SSR-850PX,850,80+ Platinum,https://amazon.com/dp/B074N9FNV2?tag=pcbuilder00-20
237.63,Seasonic,VERTEX PX-850,850,80+ Platinum,https://amazon.com/dp/B0C57385RR?tag=pcbuilder00-20
238.4,Seasonic,FOCUS PX-850,850,80+ Platinum,https://amazon.com/dp/B07W4PMQDJ?tag=pcbuilder00-20
310.93,Seasonic,PRIME PX-850,850,80+ Platinum,https://amazon.com/dp/B07XCZTVMT?tag=pcbuilder00-20
359.99,Seasonic,SSR-850PD (V2),850,80+ Platinum,https://amazon.com/dp/B075M5CPM1?tag=pcbuilder00-20
279.99,Seasonic,VERTEX PX-1000,1000,80+ Platinum,https://amazon.com/dp/B0C571R3V8?tag=pcbuilder00-20
323.84,Seasonic,PRIME TX-1000,1000,80+ Platinum,https://amazon.com/dp/B07WDQTTWH?tag=pcbuilder00-20
393,Seasonic,PRIME PX-1000,1000,80+ Platinum,https://amazon.com/dp/B07XG1QNSR?tag=pcbuilder00-20
408.97,Seasonic,SSR-1000PD (V2) ULTRA,1000,80+ Platinum,https://amazon.com/dp/B075M3B1R7?tag=pcbuilder00-20
325.86,Seasonic,VERTEX PX-1200,1200,80+ Platinum,https://amazon.com/dp/B0C571DW23?tag=pcbuilder00-20
270.6,Seasonic,PRIME 1300,1300,80+ Platinum,https://amazon.com/dp/B0788DL6VN?tag=pcbuilder00-20
509.99,Seasonic,ATX3-PRIME-PX-1600,1600,80+ Platinum,https://amazon.com/dp/B0C57132H5?tag=pcbuilder00-20
532,Seasonic,PRIME-PX-1600,1600,80+ Platinum,https://amazon.com/dp/B09RTF7NWB?tag=pcbuilder00-20
336,Seasonic,PRIME Titanium,600,80+ Titanium,https://amazon.com/dp/B01N9OLE9X?tag=pcbuilder00-20
415,Seasonic,SSR-650TR,650,80+ Titanium,https://amazon.com/dp/B075M468LT?tag=pcbuilder00-20
227.49,Seasonic,PRIME-TX-750,750,80+ Titanium,https://amazon.com/dp/B07WSJW646?tag=pcbuilder00-20
229.99,Seasonic,PRIME 750,750,80+ Titanium,https://amazon.com/dp/B075M3WC9K?tag=pcbuilder00-20
271.99,Seasonic,Prime 850 Titanium,850,80+ Titanium,https://amazon.com/dp/B075M3R4YB?tag=pcbuilder00-20
283.06,Seasonic,PRIME TX-850,850,80+ Titanium,https://amazon.com/dp/B07X9VYLHH?tag=pcbuilder00-20
278.31,Seasonic,Prime 1000 Titanium,1000,80+ Titanium,https://amazon.com/dp/B075M8FH4C?tag=pcbuilder00-20
612,Seasonic,PRIME-TX-1300,1300,80+ Titanium,https://amazon.com/dp/B09RTGD4NZ?tag=pcbuilder00-20
529.99,Seasonic,PRIME-TX-1600,1600,80+ Titanium,https://amazon.com/dp/B09RTFBK1K?tag=pcbuilder00-20
290,Seasonic,SSR-1000PD,1000,,https://amazon.com/dp/B01N4KYU62?tag=pcbuilder00-20
216.36,SeaSonic USA,FOCUS-SPX-750-2021,750,80+ Platinum,https://amazon.com/dp/B09LTDRY2L?tag=pcbuilder00-20
159.99,Segotep,CP-PSU-ST-GF750-SFX,750,80+ Gold,https://amazon.com/dp/B08SLNLQ59?tag=pcbuilder00-20
77.18,Sharkoon,Silent Storm SFX Bronze,450,80+ Bronze,https://amazon.com/dp/B00W4IVZQY?tag=pcbuilder00-20
118.31,Sharkoon,SilentStorm,500,80+ Gold,https://amazon.com/dp/B00W4IVXFW?tag=pcbuilder00-20
138.22,Sharkoon,SilentStorm Cool Zero,650,80+ Gold,https://amazon.com/dp/B07MHXX3PX?tag=pcbuilder00-20
150.49,Sharkoon,SilentStorm Cool Zero,750,80+ Gold,https://amazon.com/dp/B07MBQMKN2?tag=pcbuilder00-20
164.44,Sharkoon,SilentStorm Cool Zero,850,80+ Gold,https://amazon.com/dp/B07MHXXGPL?tag=pcbuilder00-20
149.59,Silver Stone Technologies,ST55F,550,80+ Platinum,https://amazon.com/dp/B076QFZ2TQ?tag=pcbuilder00-20
51.99,SilverStone Technology,SST-SX300-B,300,80+ Bronze,https://amazon.com/dp/B07ZJ19XT3?tag=pcbuilder00-20
63.99,SilverStone Technology,TX300,300,80+ Bronze,https://amazon.com/dp/B06XS9YLTL?tag=pcbuilder00-20
73.99,SilverStone Technology,ST30SF-V2,300,80+ Bronze,https://amazon.com/dp/B01LZFMSFK?tag=pcbuilder00-20
87.19,SilverStone Technology,ST45SF V3,450,80+ Bronze,https://amazon.com/dp/B01LZFMKCI?tag=pcbuilder00-20
55.99,SilverStone Technology,ST50F-ESB,500,80+ Bronze,https://amazon.com/dp/B00PSFDF5O?tag=pcbuilder00-20
47.02,SilverStone Technology,Essential,550,80+ Bronze,https://amazon.com/dp/B071HHSY2M?tag=pcbuilder00-20
97.44,SilverStone Technology,Tek ST70F,700,80+ Bronze,https://amazon.com/dp/B00S5V5C4A?tag=pcbuilder00-20
68.99,SilverStone Technology,Essential,750,80+ Bronze,https://amazon.com/dp/B07F13XYFJ?tag=pcbuilder00-20
109.99,SilverStone Technology,FX350,350,80+ Gold,https://amazon.com/dp/B07CK72QK8?tag=pcbuilder00-20
104.99,SilverStone Technology,Technology,500,80+ Gold,https://amazon.com/dp/B00SD9IORQ?tag=pcbuilder00-20
109.44,SilverStone Technology,SST-SX500-G,500,80+ Gold,https://amazon.com/dp/B075M5FRQS?tag=pcbuilder00-20
144.2,SilverStone Technology,SST-TX500-G,500,80+ Gold,https://amazon.com/dp/B08WT6WCCQ?tag=pcbuilder00-20
69.99,SilverStone Technology,ET550,550,80+ Gold,https://amazon.com/dp/B0762R8WJ4?tag=pcbuilder00-20
109.99,SilverStone Technology,ST55F-G,550,80+ Gold,https://amazon.com/dp/B009FU2A40?tag=pcbuilder00-20
119.99,SilverStone Technology,Essential,650,80+ Gold,https://amazon.com/dp/B0762PGTCH?tag=pcbuilder00-20
126,SilverStone Technology,SST-SX650-G,650,80+ Gold,https://amazon.com/dp/B075M5T9Q8?tag=pcbuilder00-20
122.29,SilverStone Technology,SST-SX700-G,700,80+ Gold,https://amazon.com/dp/B07M6F81J7?tag=pcbuilder00-20
180.99,SilverStone Technology,SST-TX700-G,700,80+ Gold,https://amazon.com/dp/B08WTHF622?tag=pcbuilder00-20
99.99,SilverStone Technology,Essential,750,80+ Gold,https://amazon.com/dp/B0762R8WJ9?tag=pcbuilder00-20
112.94,SilverStone Technology,SST-ET750-HG,750,80+ Gold,https://amazon.com/dp/B078WC5471?tag=pcbuilder00-20
126,SilverStone Technology,SST-DA750-G,750,80+ Gold,https://amazon.com/dp/B091SJBDYC?tag=pcbuilder00-20
142.99,SilverStone Technology,ST85F-GS,850,80+ Gold,https://amazon.com/dp/B07K5Z3W5W?tag=pcbuilder00-20
199.99,SilverStone Technology,NJ450,450,80+ Platinum,https://amazon.com/dp/B07F6JZ9NQ?tag=pcbuilder00-20
125,SilverStone Technology,PS-ST65F-PT,650,80+ Platinum,https://amazon.com/dp/B017WL5UFO?tag=pcbuilder00-20
149.98,SilverStone Technology,SX700 LPT,700,80+ Platinum,https://amazon.com/dp/B01G26SMTQ?tag=pcbuilder00-20
159.71,SilverStone Technology,SX700,700,80+ Platinum,https://amazon.com/dp/B07Y49P3Y4?tag=pcbuilder00-20
139.48,SilverStone Technology,ST75F,750,80+ Platinum,https://amazon.com/dp/B016XMO12G?tag=pcbuilder00-20
159.99,SilverStone Technology,Strider 850,850,80+ Platinum,https://amazon.com/dp/B01GPNHNAA?tag=pcbuilder00-20
218.31,SilverStone Technology,SST-AX0850MCPT-A,850,80+ Platinum,https://amazon.com/dp/B0BDCKFCW4?tag=pcbuilder00-20
223.99,SilverStone Technology,SST-EX850R-PM,850,80+ Platinum,https://amazon.com/dp/B0BQCV927S?tag=pcbuilder00-20
231.36,SilverStone Technology,SST-ST1000-PTS,1000,80+ Platinum,https://amazon.com/dp/B07N4RZRPY?tag=pcbuilder00-20
287.97,SilverStone Technology,SX1000-LPT,1000,80+ Platinum,https://amazon.com/dp/B0919YY7Z6?tag=pcbuilder00-20
238.98,SilverStone Technology,ST1200,1200,80+ Platinum,https://amazon.com/dp/B07N4QD7RM?tag=pcbuilder00-20
671,SilverStone Technology,SST-HA2050-PT,2050,80+ Platinum,https://amazon.com/dp/B09NVR44C1?tag=pcbuilder00-20
359.99,SilverStone Technology,Tek 1500W,1500,80+ Silver,https://amazon.com/dp/B002BH3Z84?tag=pcbuilder00-20
310.55,SilverStone Technology,SST-NJ700,700,80+ Titanium,https://amazon.com/dp/B096N6Y7HP?tag=pcbuilder00-20
229.99,SilverStone Technology,SX800,800,80+ Titanium,https://amazon.com/dp/B01NALZ89C?tag=pcbuilder00-20
172.99,SilverStone Technology,FX600 Platinum,600,,https://amazon.com/dp/B09SKRQ6KC?tag=pcbuilder00-20
47.93,Solid Gear,Neutron,650,80+,https://amazon.com/dp/B00A8ZZUXO?tag=pcbuilder00-20
59.99,Sparkle,FSP300-60ATV,300,80+,https://amazon.com/dp/B0045788AI?tag=pcbuilder00-20
189.99,Sparkle,ATX-300PA-B204,300,80+,https://amazon.com/dp/B001E8FD4K?tag=pcbuilder00-20
47.99,Sparkle,ATX-350PN-B204,350,80+,https://amazon.com/dp/B0015TXJM6?tag=pcbuilder00-20
59.99,Sparkle,FSP350-60GNV,350,80+,https://amazon.com/dp/B0015TS7A0?tag=pcbuilder00-20
188.57,StarTech,ATX2POWER350,350,80+,https://amazon.com/dp/B000FHGW8W?tag=pcbuilder00-20
167.75,StarTech,ATX2PW500PRO,500,80+,https://amazon.com/dp/B000FAPLEA?tag=pcbuilder00-20
89.99,Super Flower,Leadex III,550,80+ Bronze,https://amazon.com/dp/B08H1BWR87?tag=pcbuilder00-20
99.99,SUPER FLOWER,Leadex III Super Pro,650,80+ Bronze,https://amazon.com/dp/B08H1N6SGX?tag=pcbuilder00-20
119.99,Super Flower,Leadex III Super Pro,750,80+ Bronze,https://amazon.com/dp/B08H1BXB4T?tag=pcbuilder00-20
139.99,SUPER FLOWER,Leadex III Super Pro,850,80+ Bronze,https://amazon.com/dp/B08H1CFWZX?tag=pcbuilder00-20
163,SUPER FLOWER,Leadex III,550,80+ Gold,https://amazon.com/dp/B07TGJ58SN?tag=pcbuilder00-20
97.74,SUPER FLOWER,Leadex III,650,80+ Gold,https://amazon.com/dp/B07TJYNGB8?tag=pcbuilder00-20
152,Super Flower,Leadex III,650,80+ Gold,https://amazon.com/dp/B08BJZLCP4?tag=pcbuilder00-20
109.99,Super Flower,Leadex III,750,80+ Gold,https://amazon.com/dp/B07THV8Z1F?tag=pcbuilder00-20
119.99,SUPER FLOWER,Leadex III,750,80+ Gold,https://amazon.com/dp/B08BJZVDP8?tag=pcbuilder00-20
117.29,SUPER FLOWER,Leadex III,850,80+ Gold,https://amazon.com/dp/B07THY11J1?tag=pcbuilder00-20
154.99,SUPER FLOWER,SF-850F14MP Black,850,80+ Platinum,https://amazon.com/dp/B0148D9G68?tag=pcbuilder00-20
234.99,Super Flower,SF-850F14HT,850,80+ Titanium,https://amazon.com/dp/B010IZ0YAW?tag=pcbuilder00-20
319.99,SUPER FLOWER,SF-1000F14HT,1000,80+ Titanium,https://amazon.com/dp/B010IYY59Y?tag=pcbuilder00-20
137,Tacens,1RVIIAG600,600,80+ Silver,https://amazon.com/dp/B00NQ4MHHG?tag=pcbuilder00-20
39.12,Thermaltake,TR2-500W,500,80,https://amazon.com/dp/B0058FAYQC?tag=pcbuilder00-20
27.99,Thermaltake,PS-SPD-0430NPCWUS-W,430,80+,https://amazon.com/dp/B07BFJ91TY?tag=pcbuilder00-20
39.99,Thermaltake,PS-SPD-0500NPCWUS-W,500,80+,https://amazon.com/dp/B014W3EM2W?tag=pcbuilder00-20
63.48,Thermaltake,Smart RGB,500,80+,https://amazon.com/dp/B075525T6F?tag=pcbuilder00-20
113,Thermaltake,PS-TRS-0500NPCWEU-2,500,80+,https://amazon.com/dp/B016WFYCD2?tag=pcbuilder00-20
126,Thermaltake,Netzteil Smart RGB,500,80+,https://amazon.com/dp/B0744PFBFZ?tag=pcbuilder00-20
123,Thermaltake,W0392RE,530,80+,https://amazon.com/dp/B004YIU1C6?tag=pcbuilder00-20
42.99,Thermaltake,SMART 600,600,80+,https://amazon.com/dp/B014W3EMAO?tag=pcbuilder00-20
51.81,Thermaltake,TR2-600W,600,80+,https://amazon.com/dp/B0058FAYQ2?tag=pcbuilder00-20
66.44,Thermaltake,PS-SPR-0600NHFAWU-1,600,80+,https://amazon.com/dp/B0754YDPZF?tag=pcbuilder00-20
73.51,Thermaltake,PS-SPR-0600NHSAWE-1,600,80+,https://amazon.com/dp/B0744PG921?tag=pcbuilder00-20
101.99,Thermaltake,PS-TRS-0600NPCWEU-2,600,80+,https://amazon.com/dp/B016WFYCAK?tag=pcbuilder00-20
99.89,Thermaltake,W0393RE,630,80+,https://amazon.com/dp/B004YISIB2?tag=pcbuilder00-20
47.94,Thermaltake,Smart RGB,700,80+,https://amazon.com/dp/B0754S3TXS?tag=pcbuilder00-20
54.99,Thermaltake,SPD-0700NP,700,80+,https://amazon.com/dp/B014W3EAX8?tag=pcbuilder00-20
91.19,Thermaltake,PS-TRS-0700NPCWEU-2,700,80+,https://amazon.com/dp/B016WFYCFU?tag=pcbuilder00-20
54.99,Thermaltake,Smart BX1 RGB,550,80+ Bronze,https://amazon.com/dp/B07HKL8JQF?tag=pcbuilder00-20
78.79,Thermaltake,Smart BX1,550,80+ Bronze,https://amazon.com/dp/B07NPMJ7RM?tag=pcbuilder00-20
69.87,Thermaltake,PS-SPD-0650MNFABU-3,650,80+ Bronze,https://amazon.com/dp/B0CFWQBDXQ?tag=pcbuilder00-20
69.99,Thermaltake,Smart BX1,650,80+ Bronze,https://amazon.com/dp/B07NPM8WZ7?tag=pcbuilder00-20
77.49,Thermaltake,Smart BX1 RGB,650,80+ Bronze,https://amazon.com/dp/B07HKP454F?tag=pcbuilder00-20
85,Thermaltake,Smart Pro RGB,650,80+ Bronze,https://amazon.com/dp/B01N5LEHTS?tag=pcbuilder00-20
74.99,Thermaltake,Smart BX1 RGB,750,80+ Bronze,https://amazon.com/dp/B07HKLRXCS?tag=pcbuilder00-20
79.99,Thermaltake,PS-SPD-0750MNFABU-3,750,80+ Bronze,https://amazon.com/dp/B0CFXGFQNZ?tag=pcbuilder00-20
85.99,Thermaltake,Smart Pro RGB,750,80+ Bronze,https://amazon.com/dp/B01NCRRCRR?tag=pcbuilder00-20
88.45,Thermaltake,A2016,750,80+ Bronze,https://amazon.com/dp/B0002F8ZHI?tag=pcbuilder00-20
116.34,Thermaltake,PS-SPD-0750MNFABU-1,750,80+ Bronze,https://amazon.com/dp/B08DHJJLB8?tag=pcbuilder00-20
87.57,Thermaltake,PS-SPD-0850MNFABU-3,850,80+ Bronze,https://amazon.com/dp/B0CFWMX4R8?tag=pcbuilder00-20
87.96,Thermaltake,Smart Pro RGB,850,80+ Bronze,https://amazon.com/dp/B01N2ZU83P?tag=pcbuilder00-20
59.99,Thermaltake,Toughpower GX1,500,80+ Gold,https://amazon.com/dp/B07LGMXWP3?tag=pcbuilder00-20
149,Thermaltake,SPS-530MPCBEU,530,80+ Gold,https://amazon.com/dp/B00BDB28HS?tag=pcbuilder00-20
38.99,Thermaltake,Toughpower GX2,600,80+ Gold,https://amazon.com/dp/B087CDR14Z?tag=pcbuilder00-20
69.99,Thermaltake,Toughpower GX1,600,80+ Gold,https://amazon.com/dp/B07F9YFYLZ?tag=pcbuilder00-20
91.82,Thermaltake,PS-TPD-0700NNFAGE-1,600,80+ Gold,https://amazon.com/dp/B07C2JZFDD?tag=pcbuilder00-20
149.99,Thermaltake,Toughpower,600,80+ Gold,https://amazon.com/dp/B01KGCXMXS?tag=pcbuilder00-20
77.99,Thermaltake,Toughpower GF1 PE,650,80+ Gold,https://amazon.com/dp/B07N7V8JM5?tag=pcbuilder00-20
99.99,Thermaltake,Toughpower Grand RGB 650,650,80+ Gold,https://amazon.com/dp/B01N7GD5HN?tag=pcbuilder00-20
99.99,Thermaltake,Toughpower GF1,650,80+ Gold,https://amazon.com/dp/B07WLZG2MV?tag=pcbuilder00-20
135,Thermaltake,Toughpower DPS G,650,80+ Gold,https://amazon.com/dp/B00M9B22W2?tag=pcbuilder00-20
139.99,Thermaltake,Toughpower GF2,650,80+ Gold,https://amazon.com/dp/B08PC8SW2M?tag=pcbuilder00-20
77.99,Thermaltake,Toughpower 750,750,80+ Gold,https://amazon.com/dp/B00IUQRPQS?tag=pcbuilder00-20
89.99,Thermaltake,PS-TPD-0750FNFAGU-W,750,80+ Gold,https://amazon.com/dp/B09SB42ZNH?tag=pcbuilder00-20
97.36,Thermaltake,PS-TPD-0700NHFAGU-1,750,80+ Gold,https://amazon.com/dp/B07NPL4B2C?tag=pcbuilder00-20
99.99,Thermaltake,PS-TPD-0750FNFAGU-L,750,80+ Gold,https://amazon.com/dp/B0C1JKB652?tag=pcbuilder00-20
114.99,Thermaltake,Toughpower Grand RGB,750,80+ Gold,https://amazon.com/dp/B01N4C39AR?tag=pcbuilder00-20
115.99,Thermaltake,Toughpower GF1,750,80+ Gold,https://amazon.com/dp/B07SL9NFVS?tag=pcbuilder00-20
119.99,Thermaltake,Toughpower GF1,750,80+ Gold,https://amazon.com/dp/B07W9KYS6Y?tag=pcbuilder00-20
124.99,Thermaltake,PS-TPD-0750F3FAGU-2,750,80+ Gold,https://amazon.com/dp/B08PCBKGW4?tag=pcbuilder00-20
129.32,Thermaltake,PS-TPD-0750FNFAGU-4,750,80+ Gold,https://amazon.com/dp/B0BF4MCGBS?tag=pcbuilder00-20
145.65,Thermaltake,PS-STP-0750FNFAGU-1,750,80+ Gold,https://amazon.com/dp/B0BMWL7KN4?tag=pcbuilder00-20
189.99,Thermaltake,Toughpower,750,80+ Gold,https://amazon.com/dp/B07NPLLLQK?tag=pcbuilder00-20
99.83,Thermaltake,PS-TPD-0850NNFAGU-3,850,80+ Gold,https://amazon.com/dp/B0CBQZFPL2?tag=pcbuilder00-20
117.99,Thermaltake,Toughpower GF1,850,80+ Gold,https://amazon.com/dp/B07PZR9JLT?tag=pcbuilder00-20
119,Thermaltake,Toughpower Grand RGB,850,80+ Gold,https://amazon.com/dp/B01MQU6CWU?tag=pcbuilder00-20
119.99,Thermaltake,PS-TPD-0850FNFAGU-N,850,80+ Gold,https://amazon.com/dp/B0CKS5GYH2?tag=pcbuilder00-20
129.99,Thermaltake,PS-TPD-0850FNFAGU-L,850,80+ Gold,https://amazon.com/dp/B0C1JKHPNH?tag=pcbuilder00-20
137.13,Thermaltake,9B17-153-432,850,80+ Gold,https://amazon.com/dp/B09SB4H3Y8?tag=pcbuilder00-20
146.35,Thermaltake,PS-TPD-0850FNFAGU-4,850,80+ Gold,https://amazon.com/dp/B0BF3YF9KY?tag=pcbuilder00-20
169.48,Thermaltake,PS-STP-0850FNFAGU-1,850,80+ Gold,https://amazon.com/dp/B0BMWKHFN8?tag=pcbuilder00-20
169.99,Thermaltake,Toughpower GF2,850,80+ Gold,https://amazon.com/dp/B08PCB2GM4?tag=pcbuilder00-20
165.62,Thermaltake,PS-TPD-1000FNFAGU-4,1000,80+ Gold,https://amazon.com/dp/B0BF3R83W8?tag=pcbuilder00-20
189.57,Thermaltake,TTP-1000AH3FCG,1000,80+ Gold,https://amazon.com/dp/B095QXZQJD?tag=pcbuilder00-20
159.99,Thermaltake,PS-TPD-1050FNFAGU-L,1050,80+ Gold,https://amazon.com/dp/B0C1JHWWZL?tag=pcbuilder00-20
189.44,Thermaltake,PS-TPD-1050FNFAGE-N,1050,80+ Gold,https://amazon.com/dp/B0CD2MZ677?tag=pcbuilder00-20
135.64,Thermaltake,PS-TPD-1200FNFAGE-H,1200,80+ Gold,https://amazon.com/dp/B0C247Q1KN?tag=pcbuilder00-20
172.4,Thermaltake,PS-TPD-1200FNFAGU-1,1200,80+ Gold,https://amazon.com/dp/B097GCDT62?tag=pcbuilder00-20
199.99,Thermaltake,PS-TPD-1200FNFAGU-L,1200,80+ Gold,https://amazon.com/dp/B0C1JKK1YZ?tag=pcbuilder00-20
225.18,Thermaltake,Toughpower 1200,1200,80+ Gold,https://amazon.com/dp/B00LZVOK18?tag=pcbuilder00-20
259.6,Thermaltake,PS-TPD-1200FNFAGE-N,1200,80+ Gold,https://amazon.com/dp/B0CKZ2ML5K?tag=pcbuilder00-20
236.95,Thermaltake,TPD-1350AH3FSG,1350,80+ Gold,https://amazon.com/dp/B0BF4BJBQB?tag=pcbuilder00-20
268.54,Thermaltake,TPD-1650AH3FSG,1650,80+ Gold,https://amazon.com/dp/B0BF3S8WDT?tag=pcbuilder00-20
101.99,Thermaltake,Toughpower PF1,650,80+ Platinum,https://amazon.com/dp/B08BR79VBX?tag=pcbuilder00-20
122.31,Thermaltake,Toughpower PF1,750,80+ Platinum,https://amazon.com/dp/B08BQV9CMM?tag=pcbuilder00-20
149.99,Thermaltake,Toughpower PF1,850,80+ Platinum,https://amazon.com/dp/B08BR8RQ3Y?tag=pcbuilder00-20
200,Thermaltake,Toughpower PF1,850,80+ Platinum,https://amazon.com/dp/B07WJLBV55?tag=pcbuilder00-20
209.99,Thermaltake,Toughpower Grand RGB 850,850,80+ Platinum,https://amazon.com/dp/B0793FDTSD?tag=pcbuilder00-20
244.38,Thermaltake,Toughpower iRGB Plus,850,80+ Platinum,https://amazon.com/dp/B077ZCHP2S?tag=pcbuilder00-20
315.99,Thermaltake,PS-TPD-1050FNFAPE-1,1050,80+ Platinum,https://amazon.com/dp/B0B661WLXR?tag=pcbuilder00-20
349,Thermaltake,Toughpower Grand 1050,1050,80+ Platinum,https://amazon.com/dp/B078NL9SP3?tag=pcbuilder00-20
349.99,Thermaltake,PS-TPD-1050F3FAPU-1,1050,80+ Platinum,https://amazon.com/dp/B07WCTCQSK?tag=pcbuilder00-20
269.99,Thermaltake,PS-TPG-1200F1FAPU-1,1200,80+ Platinum,https://amazon.com/dp/B077Z6DSXT?tag=pcbuilder00-20
369.99,Thermaltake,Toughpower PF1 ARGB,1200,80+ Platinum,https://amazon.com/dp/B07WHGC2SG?tag=pcbuilder00-20
399.96,Thermaltake,TTP-1550AH3FCT,1500,80+ Titanium,https://amazon.com/dp/B097GCT2YK?tag=pcbuilder00-20
61,Topower,ZU-550W,550,80+,https://amazon.com/dp/B001MD45ZK?tag=pcbuilder00-20
155.99,Vetroo,GV1000,1000,80+ Gold,https://amazon.com/dp/B0BR7RXPYS?tag=pcbuilder00-20
159.99,Vetroo,GV1000,1000,80+ Gold,https://amazon.com/dp/B0BRN2YG7F?tag=pcbuilder00-20
165,XFX,P1750SNLB9,750,80+ Bronze,https://amazon.com/dp/B0045L4BJ6?tag=pcbuilder00-20
156.68,XFX,P1-550G-TS3X,550,80+ Gold,https://amazon.com/dp/B00HW979AQ?tag=pcbuilder00-20
80.6,Xilence,XN042,500,80,https://amazon.com/dp/B00OZ08W3S?tag=pcbuilder00-20
95.11,Xilence,XN083,550,80+ Bronze,https://amazon.com/dp/B082F2RYF5?tag=pcbuilder00-20
125,Xilence,XN071,550,80+ Gold,https://amazon.com/dp/B074ZLHN2H?tag=pcbuilder00-20
105.27,Xilence,XN072,650,80+ Gold,https://amazon.com/dp/B074V19XGR?tag=pcbuilder00-20
120.15,Xilence,Netzteil XN073,750,80+ Gold,https://amazon.com/dp/B074V1M2R6?tag=pcbuilder00-20
128.43,Xilence,XN074,850,80+ Gold,https://amazon.com/dp/B074V1R9HB?tag=pcbuilder00-20
212.09,Xilence,XN076,1050,80+ Gold,https://amazon.com/dp/B07HC5NSNW?tag=pcbuilder00-20
283,Xilence,XN078,1250,80+ Gold,https://amazon.com/dp/B07HBTCX9L?tag=pcbuilder00-20
87.45,XILENCEPOWER,XN044,600,,https://amazon.com/dp/B00OZ0G3TI?tag=pcbuilder00-20
144,XILENCEPOWER,XN046,700,,https://amazon.com/dp/B01A9H7U3S?tag=pcbuilder00-20
94.99,XPG,COREREACTORII650G-BKCUS,650,80+ Gold,https://amazon.com/dp/B0CBQW8NNR?tag=pcbuilder00-20
99.99,XPG,CREACTOR650G-BKCGB,650,80+ Gold,https://amazon.com/dp/B07Z8J1973?tag=pcbuilder00-20
104.99,XPG,COREREACTORII750G-BKCUS,750,80+ Gold,https://amazon.com/dp/B0CBQWW8K7?tag=pcbuilder00-20
109.99,XPG,CORE Reactor 750,750,80+ Gold,https://amazon.com/dp/B07ZRWYMNW?tag=pcbuilder00-20
114.99,XPG,COREREACTORII850G-BKCUS,850,80+ Gold,https://amazon.com/dp/B0CBQVP6SS?tag=pcbuilder00-20
123,XPG,CREACTOR 850G,850,80+ Gold,https://amazon.com/dp/B07Z8J5JJ5?tag=pcbuilder00-20
149.99,XPG,COREREACTORII1000G-BKCUS,1000,80+ Gold,https://amazon.com/dp/B0CBQXGJ9F?tag=pcbuilder00-20
184.99,XPG,COREREACTORII1200G-BKCUS,1200,80+ Gold,https://amazon.com/dp/B0CBQY6FYY?tag=pcbuilder00-20
229.99,XPG,Cybercore 80 Plus,1300,80+ Platinum,https://amazon.com/dp/B09XMXJ1HD?tag=pcbuilder00-20
72.99,ZEUS GAMDIAS,KRATOS P1-650G,650,80+ Gold,https://amazon.com/dp/B07WCT24GH?tag=pcbuilder00-20
79.99,ZEUS GAMDIAS,KRATOS P1A-750G,750,80+ Gold,https://amazon.com/dp/B08W56VRL5?tag=pcbuilder00-20
